# https://github.com/mikedh/trimesh
v -0.74362099 1.05452773 -0.11540741
v -0.73682100 1.06503972 -0.10691649
v -0.75780600 1.05488571 -0.11541540
v -0.72688103 1.05313870 -0.11525244
v -0.73952597 1.05514273 -0.12485940
v 0.44669300 -0.45379456 1.20622531
v 0.44807401 -0.45218255 1.19419431
v 0.44281550 -0.44918755 1.18791181
v 0.46596001 -0.45141505 1.20054281
v -0.91949201 1.88426463 0.13082071
v -0.93474001 1.88158469 0.12125964
v -0.92590600 1.88506965 0.12259169
v -0.91237003 1.89023166 0.11403068
v -0.90488499 1.89143162 0.12306865
v -0.89597499 1.89816658 0.11395271
v -0.88542700 1.90477662 0.10707470
v -0.42313650 0.02797593 1.30344439
v -0.42200130 0.02925187 1.29578270
v -0.42145825 0.03993193 1.29226264
v -0.43067601 -0.00838357 1.30395239
v -0.42879701 -0.02424157 1.30366238
v -0.43409401 -0.00858457 1.29422439
v -0.52146450 -0.08910556 1.24878037
v -0.52776836 -0.09396600 1.22058648
v -0.53204748 -0.09020005 1.19781237
v -0.53753400 -0.10724054 1.19373637
v 0.06936788 -0.28553477 1.01248171
v 0.07182597 -0.31172391 1.00059525
v 0.07769000 -0.31733153 0.99471108
v 0.06139800 -0.34096451 0.99987933
v -1.34490550 1.87227204 0.79227669
v -1.36200833 1.84032937 0.78058707
v -1.36640298 1.84568851 0.80056069
v -1.35696602 1.86666351 0.77518870
v -1.36612105 1.82089251 0.77919770
v -0.94468200 0.70345852 0.94204650
v -0.94502503 0.68565449 0.94573551
v -0.91169675 0.73147674 0.94263576
v -0.95969999 0.71377650 0.92921751
v -0.91654867 0.73394969 0.93721075
v -0.91770148 0.74399749 0.91683501
v -0.14885450 -0.05639252 1.04320988
v -0.13943100 -0.05576152 1.04194237
v -0.13946600 -0.06473653 1.04874538
v -0.12748000 -0.04650952 1.03769038
v -0.12731797 -0.01764023 1.02544842
v -0.11184000 -0.00964652 1.02232989
v -0.12951800 0.00327048 1.01014839
v -1.08347094 0.71457558 0.41883248
v -1.06280398 0.71448660 0.40880453
v -1.05088198 0.71386361 0.39735752
v -1.04574299 0.72417759 0.43035650
v -1.06924751 0.73013433 0.44553575
v -1.03764105 0.72085755 0.44281149
v 0.44216574 -0.45289604 1.14256306
v 0.41526947 -0.44977684 1.16255986
v 0.41266350 -0.44450554 1.18591281
v 0.38651901 -0.44927455 1.17587231
v -0.14805353 0.28087276 0.92672635
v -0.13475600 0.25919750 0.93102293
v -0.15046150 0.27791700 0.93301493
v -0.13360301 0.30580750 0.92292644
v -1.26936427 0.96424280 0.58717656
v -1.28103664 1.01378932 0.57123253
v -1.26476768 0.97830770 0.58299303
v -1.28317153 1.01786953 0.57083504
v -1.25220146 0.96843596 0.58122009
v -1.25516647 0.99803283 0.56205755
v -1.22936296 0.95022055 0.58000252
v -0.59167839 1.84954236 -0.00059290
v -0.56563050 1.82905967 -0.00589930
v -0.61496249 1.86161667 0.02411271
v -0.59527574 1.86671341 0.00332920
v -0.58793598 0.54456968 0.01247343
v -0.57844448 0.54467841 -0.00322348
v -0.57891601 0.54840166 0.00181553
v -0.58167100 0.56471265 0.00298748
v -0.02042300 -1.18316719 -1.19562777
v -0.02161200 -1.19071409 -1.17422279
v -0.02042300 -1.18950614 -1.20251283
v -0.01566100 -1.17259809 -1.19562777
v -0.14099699 0.70757364 0.12894547
v -0.14050727 0.71555416 0.14745991
v -0.11961925 0.71299661 0.16454628
v -0.14858501 0.74982665 0.17032153
v 0.10759200 0.44640652 0.73410345
v 0.09739900 0.45447854 0.72625147
v 0.10481983 0.41757141 0.76538372
v 0.11322350 0.46206153 0.70228496
v 0.08018500 0.40795853 0.78089947
v 0.11698200 0.39432153 0.76616946
v 0.10726300 0.43235353 0.75651846
v -0.90940108 0.46667950 0.19151742
v -0.92130199 0.47099913 0.19958948
v -0.91164926 0.45902062 0.18206698
v -0.90076202 0.48013462 0.16754849
v -1.12797099 0.53303809 0.32940197
v -1.13894296 0.56372262 0.32331351
v -1.14639103 0.56281461 0.32343748
v -1.11127024 0.55971599 0.32190967
v -1.11810750 0.57148708 0.31779000
v -1.08675301 0.57852261 0.31908900
v 0.14614700 0.65851256 0.59540253
v 0.15575100 0.63705656 0.59124152
v 0.14048976 0.64564278 0.61205829
v 0.13893899 0.64581152 0.61712252
v -0.03771723 0.86867226 0.20315853
v -0.03254400 0.82440063 0.22348650
v -0.04225600 0.87798861 0.21415051
v -0.03870400 0.86891160 0.19583853
v -1.04417205 -0.39438556 1.17306632
v -1.03656197 -0.39119555 1.16620832
v -1.05566704 -0.39669256 1.17499232
v -1.03768599 -0.39403756 1.17574732
v -1.03610003 -0.40402154 1.18358932
v -1.03664005 -0.42188553 1.18835631
v -1.02659702 -0.40196355 1.18866432
v -0.64911507 1.94495776 0.06656803
v -0.67090874 1.93575500 0.05465516
v -0.69000000 1.91891664 0.06471165
v -0.69789100 1.97701162 0.04025373
v -0.74151678 0.10962154 1.12889639
v -0.73453999 0.13885046 1.12961641
v -0.74538702 0.08108746 1.13853540
v -0.73393297 0.12068646 1.12104941
v -0.45832948 1.10698554 0.33123754
v -0.48666000 1.07984514 0.31154755
v -0.45974800 1.14142860 0.33329559
v -0.45030001 1.08576656 0.33093756
v -0.92910325 0.66365911 0.99091875
v -0.93165911 0.67477392 0.97785528
v -0.92594302 0.71258148 0.96375051
v -0.94759899 0.66791650 0.95637550
v -1.27473042 1.02683429 0.72271837
v -1.28528975 1.02604831 0.72715156
v -1.26976347 1.10868454 0.72836057
v -1.26538700 1.02097303 0.72463556
v -0.30982651 0.65831064 0.10295700
v -0.31003865 0.64706321 0.08736873
v -0.30937551 0.65260362 0.07795750
v -0.30353101 0.63500413 0.08222250
v 0.10547031 -0.08001566 0.85062428
v 0.09913500 -0.07093249 0.84613438
v 0.12379000 -0.05370249 0.83568238
v 0.10362500 -0.09333149 0.86526037
v -2.01561809 -1.39381339 0.50270414
v -2.00001857 -1.38311253 0.52021469
v -1.99540901 -1.37661149 0.53117317
v -1.99095798 -1.36478640 0.49330116
v -0.04393850 0.41928659 0.40119845
v -0.04701857 0.42315897 0.40825196
v -0.03927800 0.42659357 0.42516048
v -0.06214150 0.42767160 0.39518247
v -0.45701949 -0.20144609 1.41004585
v -0.44910066 -0.19466269 1.39184337
v -0.43284699 -0.18308458 1.39431136
v -0.45281601 -0.19108857 1.36661736
v -0.69529200 -0.40416939 1.75479156
v -0.73095900 -0.41747563 1.73311929
v -0.69964701 -0.40990763 1.73790132
v -0.69527799 -0.40883465 1.70628832
v 0.01939475 -1.19499367 -1.06068781
v 0.02104514 -1.20044695 -1.07388428
v 0.01608800 -1.20687412 -1.08586582
v 0.03450300 -1.18600618 -1.07662090
v 0.50135051 -1.35105898 -0.88373941
v 0.49739063 -1.34953940 -0.87341991
v 0.50922501 -1.33706918 -0.86690389
v 0.48306900 -1.34375122 -0.85691487
v -1.18907595 0.47294647 1.08923696
v -1.17666900 0.47211746 1.08374146
v -1.15621603 0.46715847 1.08478946
v -1.16993105 0.47708247 1.06648047
v 0.69395298 -1.53833037 0.02506814
v 0.68956599 -1.54208582 0.01423762
v 0.69421101 -1.53903240 0.05230615
v 0.70360202 -1.53404838 0.02840314
v -0.52161679 -0.22689289 1.47169716
v -0.51306000 -0.21672584 1.44868136
v -0.53068352 -0.23352510 1.48643085
v -0.48935500 -0.22927461 1.48630034
v -0.62184824 1.92548066 0.05799320
v -0.61297236 1.92752777 0.05658917
v -0.61567700 1.92839068 0.04016670
v -0.61161450 1.93532210 0.06134673
v -1.25505745 1.02078502 0.73409281
v -1.25666073 1.02662477 0.76139681
v -1.24701557 1.02700004 0.75218550
v -1.24454200 1.07072347 0.74494958
v -0.40101501 0.64605695 1.16871200
v -0.38844190 0.64328861 1.18547127
v -0.37866449 0.64793645 1.18420150
v -0.38389999 0.61243044 1.20596849
v -1.32950306 1.44556147 0.72952262
v -1.32857879 1.43703276 0.72950243
v -1.32950401 1.41809959 0.71764263
v -1.31848395 1.41738254 0.72026863
v -1.33069929 1.40476211 0.71841056
v -1.33004200 1.41378755 0.73659414
v -1.32035995 1.39060849 0.72678061
v -1.89163005 -1.29781433 0.17834719
v -1.89603090 -1.29593893 0.17446306
v -1.91560805 -1.29182490 0.18141918
v -1.89367050 -1.29237237 0.16447817
v 0.19414748 1.65324608 0.19500936
v 0.18024350 1.63227737 0.20076867
v 0.22161999 1.66466657 0.17875866
v 0.23363400 1.68318436 0.20998841
v 0.06232186 -1.01422357 -0.53409489
v 0.06046975 -1.00987302 -0.55294677
v 0.06731900 -1.01543375 -0.52322477
v 0.00921600 -1.01894828 -0.55661076
v -1.25600323 1.03456210 0.45394381
v -1.22880495 0.99916260 0.47047357
v -1.25948132 1.02179960 0.46308598
v -1.27367103 1.01432757 0.48471855
v -1.04917296 0.65158082 0.38137988
v -1.05040729 0.63709682 0.39114949
v -1.02921700 0.66618461 0.36891149
v -1.06138003 0.67554957 0.38125347
v -0.66581500 -0.08760456 1.28320537
v -0.66044158 -0.08671840 1.27444987
v -0.65624800 -0.08313406 1.25638387
v -0.64240003 -0.09878357 1.27332437
v -1.84548199 -1.36839893 0.52230367
v -1.85419077 -1.36581193 0.51001596
v -1.83671004 -1.36583491 0.49142215
v -1.87753105 -1.36541249 0.50351817
v -0.67969400 -0.03716955 1.20326638
v -0.69744301 -0.08352155 1.21619537
v -0.68293199 -0.06093106 1.23077638
v -0.68629506 -0.05912634 1.21916652
v -1.72621202 -1.44641944 0.85482513
v -1.73143899 -1.44693252 0.87616514
v -1.73347998 -1.45017048 0.89217814
v -1.74426997 -1.44593450 0.87702914
v -0.69872130 1.05693411 0.36945707
v -0.67540401 1.03956557 0.36959957
v -0.71928625 1.05932707 0.38090680
v -0.66992950 1.06806112 0.34874257
v -1.38373148 -1.64037224 2.28740062
v -1.42748398 -1.64438571 2.25053664
v -1.42159817 -1.64300683 2.27802078
v -1.42706901 -1.63837572 2.30691560
v -0.47108579 0.62678382 -0.01606681
v -0.46877801 0.63204367 -0.00646545
v -0.48890200 0.65665264 -0.02357246
v -0.46196800 0.59710265 -0.01462951
v -1.18368101 0.61268348 1.06844149
v -1.17033803 0.60593349 1.07466849
v -1.19795996 0.61840848 1.07198099
v -1.17520797 0.61119146 1.05612749
v -0.82660839 1.10187075 0.40218717
v -0.83404449 1.12358120 0.40759681
v -0.83524349 1.10305261 0.42942307
v -0.81736201 1.08530557 0.39663559
v -0.82694298 1.08996462 0.42463458
v -0.82186100 1.08209007 0.42994407
v -1.13876295 -0.43541860 1.43561633
v -1.13726103 -0.43282660 1.42253230
v -1.12258995 -0.43057459 1.41933332
v -1.13831198 -0.43168258 1.40537332
v -1.24611348 1.08873749 0.75400408
v -1.24668300 1.09845752 0.74462858
v -1.24907398 1.11600250 0.74510658
v -1.25448704 1.09769351 0.72679758
v -0.42819701 0.00597744 1.28991739
v -0.43193299 -0.00924556 1.28504039
v -0.43422601 -0.01841657 1.28458638
v -0.42640025 -0.01520056 1.27678213
v -0.82057297 -0.30682456 1.27053134
v -0.80771500 -0.28237456 1.25901134
v -0.81482646 -0.28595231 1.25509554
v -0.82936801 -0.28370906 1.23814084
v -1.02596615 0.59771403 0.98180005
v -1.01763904 0.61611547 0.97585348
v -1.03699505 0.60242250 0.97336949
v -1.02832228 0.59213150 0.99792423
v -0.03716200 1.32209009 0.01583461
v -0.03158938 1.31813361 0.00967868
v -0.01981400 1.29979260 -0.01177742
v -0.01943400 1.30565566 0.03286860
v -0.09805950 0.33192100 0.92602344
v -0.08822159 0.33870923 0.91651015
v -0.07233700 0.33047849 0.91332244
v -0.09094600 0.35976950 0.90337294
v -0.79075909 2.01742323 0.08180199
v -0.81546912 1.97631440 0.08991835
v -0.78545000 2.01157736 0.09167022
v -0.78833300 2.02137166 0.07710073
v -0.18739299 -0.41752464 1.64919533
v -0.16804799 -0.42394463 1.65959333
v -0.15824500 -0.42808363 1.67013733
v -0.13763000 -0.41828564 1.64174931
v -0.61453003 1.88555867 0.03406270
v -0.60769498 1.87737865 0.01115771
v -0.58880763 1.86920063 0.00051705
v -0.60234779 1.88586688 0.02095885
v -0.59748203 1.89381761 0.02749665
v -0.58006901 1.86344142 -0.00489728
v -1.27315605 1.07853350 0.54599357
v -1.26840115 1.05423298 0.54334660
v -1.25350404 1.00614957 0.54370956
v -1.27325594 1.05716357 0.52501058
v -1.04507303 -0.42907960 1.50506432
v -1.05872190 -0.43148508 1.50327825
v -1.07648402 -0.42656161 1.52547930
v -1.06204998 -0.43395961 1.48746831
v 0.51143602 -0.86114004 1.11728474
v 0.52657160 -0.85988082 1.12027774
v 0.51990250 -0.85834853 1.16081374
v 0.53381398 -0.86131454 1.12018674
v -1.09613502 -0.42239263 1.61648832
v -1.08087504 -0.42187363 1.62186231
v -1.09234148 -0.40969663 1.65302083
v -1.10715097 -0.42455561 1.60278982
v -0.01107000 0.42033657 0.45021845
v -0.02533600 0.41761158 0.41433296
v -0.02682565 0.41953601 0.42999230
v -0.01082500 0.42263557 0.46671248
v -0.02955400 0.42804906 0.44503496
v -0.00697050 0.42530208 0.47485847
v -1.36599004 1.95136552 0.79340672
v -1.38268495 1.96976249 0.80910972
v -1.37938350 1.94914849 0.80010230
v -1.37552798 1.91424351 0.79254272
v -1.10110779 -0.14664815 1.18518355
v -1.09964705 -0.15118055 1.20295836
v -1.11002398 -0.13873654 1.18150036
v -1.09967953 -0.15381205 1.17581536
v -0.57101899 1.86439366 -0.01480525
v -0.55593300 1.86418063 -0.00585632
v -0.54403749 1.86138315 -0.00101577
v -0.57522702 1.86701066 -0.00477927
v -1.09528100 -0.42557705 1.22255182
v -1.10057402 -0.42169755 1.21243232
v -1.08452106 -0.41314255 1.20920232
v -1.11069906 -0.42144655 1.21358732
v -0.96701779 -0.45230135 1.32221216
v -0.95559698 -0.44056756 1.31377731
v -0.98509550 -0.45126556 1.30716182
v -0.95585951 -0.45184358 1.33274531
v -0.61921197 1.84850661 0.14171667
v -0.62141041 1.85556266 0.12300701
v -0.63170673 1.86828636 0.10477097
v -0.60588199 1.83411865 0.14135868
v -0.60432100 1.82904260 0.15215868
v -0.60635501 1.83461158 0.12407166
v -1.13766396 0.89363053 0.57919255
v -1.15351429 0.87815862 0.60558238
v -1.17395097 0.86478754 0.62171652
v -1.10064304 0.87085553 0.61694452
v -1.86992979 -1.47041191 0.81821633
v -1.87083805 -1.46634144 0.79953115
v -1.86961305 -1.47125049 0.83665015
v -1.84835994 -1.46819754 0.81534015
v -1.32606801 1.51101428 0.61524385
v -1.32516098 1.50145253 0.61536563
v -1.33191502 1.52795156 0.62609865
v -1.32397103 1.49920961 0.59835167
v -1.01392763 0.96865789 0.42000658
v -1.02258927 0.96988457 0.41352729
v -0.99595150 0.95852458 0.43079455
v -0.98292798 0.96884757 0.43352453
v -0.98170400 0.67658965 0.13201546
v -0.98291302 0.67080961 0.14306747
v -0.98305702 0.67985360 0.12165045
v -0.97323552 0.68257512 0.12881201
v -0.00256700 -1.17236516 -1.15841373
v 0.00746150 -1.16565714 -1.16666635
v -0.01635900 -1.17259810 -1.17731889
v -0.00415900 -1.19001911 -1.15571293
v 1.52218699 -1.68567733 -0.09889190
v 1.53588059 -1.67788376 -0.10180272
v 1.55720496 -1.67576233 -0.10615485
v 1.51751006 -1.66680638 -0.09747391
v -1.21003795 0.75076046 0.94319251
v -1.21174656 0.74320580 0.93637080
v -1.21144295 0.73069248 0.92372851
v -1.22890401 0.73586750 0.93682401
v 0.06304690 -0.11287835 0.88753704
v 0.07122700 -0.11217950 0.90667836
v 0.06319250 -0.11160849 0.88232587
v 0.04577800 -0.12135251 0.92632837
v -1.70196748 -1.39924346 0.64413014
v -1.68681079 -1.39786707 0.63625791
v -1.65278900 -1.39840846 0.65454417
v -1.68845397 -1.39963643 0.61791616
v 0.31864801 -0.45676452 0.95179530
v 0.32755300 -0.45773852 0.95582031
v 0.30761799 -0.45958450 0.92722831
v 0.30828500 -0.45656151 0.96567731
v -0.25832301 1.28080157 0.16908661
v -0.24931900 1.28079263 0.17020759
v -0.25492999 1.29212360 0.16198162
v -0.26795893 1.30063977 0.15020195
v -0.27846199 1.31580465 0.13101564
v -0.26511249 1.27588812 0.17568660
v 1.15241181 -1.97045975 1.65750370
v 1.14250505 -1.97185168 1.66652503
v 1.16071498 -1.96798763 1.65722605
v 1.14741099 -1.97357163 1.63951307
v -0.64406797 -0.40383864 1.77402531
v -0.63995397 -0.40302866 1.76220231
v -0.61678600 -0.40150963 1.75248532
v -0.65228403 -0.40298264 1.75057434
v -1.07692195 0.63043236 0.31722628
v -1.08650586 0.62171547 0.32626523
v -1.07010698 0.62314661 0.31257151
v -1.09838605 0.61223860 0.31581650
v -1.10232198 0.60421057 0.31575952
v -1.09209597 0.60708459 0.30942951
v -0.95303650 -0.44966058 1.36555306
v -0.94894216 -0.45212306 1.35610276
v -0.93484998 -0.44675757 1.36501131
v -0.95810902 -0.45366458 1.33508130
v 0.17702299 -0.43180453 1.05778932
v 0.16821101 -0.43108802 1.06146431
v 0.19512001 -0.43555453 1.05150931
v 0.18400000 -0.43939553 1.02704632
v 0.45529801 -1.53776149 0.61181513
v 0.44954801 -1.53856246 0.63797114
v 0.45939900 -1.54483996 0.66226663
v 0.45527909 -1.54365885 0.65059777
v -1.46441197 -1.02832324 -0.64571875
v -1.47897398 -1.02244824 -0.67257577
v -1.46139300 -1.02741021 -0.66261083
v -1.45532596 -1.02921921 -0.67317682
v -0.28551501 0.78434060 0.16841252
v -0.29040100 0.76584689 0.16269203
v -0.27900499 0.77396463 0.13013554
v -0.28935158 0.78031677 0.13955506
v -1.02807978 0.59197852 0.72777349
v -1.02855899 0.59454767 0.75037291
v -1.03407502 0.58274352 0.75915248
v -1.02820802 0.60389453 0.76841749
v -1.33772004 0.46847048 0.95128547
v -1.32854897 0.47398999 0.92616546
v -1.34892094 0.46284750 0.95109847
v -1.33348703 0.46807747 0.97691947
v -1.13548696 -0.40692061 1.63129632
v -1.15384996 -0.40322262 1.63141732
v -1.14050996 -0.39626864 1.66584729
v -1.17284799 -0.40160963 1.62942733
v -0.26483763 1.40966512 -0.02898240
v -0.26614450 1.41587968 -0.01485634
v -0.25534499 1.39175661 -0.04099334
v -0.27562299 1.40857668 -0.05020035
v 0.98390198 -1.45385320 -0.61016585
v 0.98159149 -1.46233476 -0.63862689
v 0.98477780 -1.45301226 -0.61357402
v 1.00298998 -1.45263923 -0.63073636
v -1.13762200 -1.06962972 2.13382822
v -1.14890504 -1.06782776 2.13737422
v -1.13560402 -1.09104770 2.13676219
v -0.22070500 0.65899864 0.19751649
v -0.21156400 0.65781364 0.18796949
v -0.19443101 0.64912859 0.18668751
v -0.20357700 0.65803460 0.17743550
v 1.29880250 -1.68399834 0.01060111
v 1.29907083 -1.68147395 -0.01197170
v 1.28865695 -1.68103438 -0.00555484
v 1.30427098 -1.67612939 -0.02359192
v -0.26350501 1.31533162 0.12626658
v -0.25843501 1.31740968 0.12261257
v -0.24006601 1.31730060 0.14067159
v -0.25661400 1.32718461 0.11315165
v 0.44784600 -0.43326708 1.31010931
v 0.46144900 -0.43778256 1.30392731
v 0.46492699 -0.43340657 1.31719732
v 0.46544950 -0.43246807 1.29660031
v -1.44454801 -1.63035478 2.61241015
v -1.44310248 -1.63523628 2.61962463
v -1.44732797 -1.62721373 2.58946808
v -1.44044697 -1.62078275 2.59465106
v -1.43968201 -1.62049676 2.58392414
v -1.43949401 -1.61987080 2.60887214
v -1.70788503 -1.37197544 0.50736916
v -1.69765246 -1.37284394 0.53172916
v -1.69635013 -1.37280674 0.52232331
v -1.68512499 -1.37540748 0.52325613
v 0.06189789 -0.10267849 0.99330998
v 0.06462600 -0.09151151 0.99490837
v 0.04897450 -0.10625477 0.99994161
v 0.06667200 -0.10642602 0.98253587
v -0.01075300 -0.42284754 1.12045732
v 0.01251300 -0.42200953 1.12079132
v 0.02810300 -0.42613104 1.12475931
v 0.01225600 -0.41341153 1.10848482
v -1.09140801 0.38693047 1.09821845
v -1.10558498 0.38293547 1.09746145
v -1.09219599 0.40270147 1.09440945
v -1.09068704 0.37948346 1.10189645
v 0.22858100 0.47911003 0.68594396
v 0.23960000 0.47509853 0.68338747
v 0.26032099 0.46664153 0.68467246
v 0.25394100 0.47507755 0.67011948
v -1.18432289 -0.42768711 1.52201198
v -1.17369199 -0.43150560 1.51379533
v -1.20158899 -0.41394062 1.55414031
v -1.20346904 -0.42986561 1.50879530
v 0.23900174 -1.64929550 2.02989741
v 0.25632300 -1.64480872 2.03621484
v 0.22868100 -1.65065268 2.02252509
v 0.21579701 -1.64732472 2.04581811
v -0.27563600 0.72223596 1.04168901
v -0.27786300 0.73122550 1.02836952
v -0.29201600 0.73981251 1.02877751
v -0.27146700 0.73906948 1.02071852
v -0.25628000 1.34534161 0.09884356
v -0.25642201 1.33445459 0.10131465
v -0.25835299 1.37247866 0.08617066
v -0.24005701 1.35277467 0.10281657
v -0.46041900 0.48455065 0.06823142
v -0.45998900 0.50910514 0.04963949
v -0.46105719 0.49619548 0.05896023
v -0.46607600 0.48937064 0.04897447
v 0.40072200 -1.28417221 -0.81936286
v 0.41916400 -1.28174916 -0.82995484
v 0.41020200 -1.28161422 -0.82760678
v 0.39947501 -1.27951923 -0.84659181
v 0.06688200 -1.00597176 -0.45690381
v 0.06819886 -1.00840617 -0.47328282
v 0.07702300 -1.00692126 -0.48150581
v 0.03028600 -1.01258728 -0.46925276
v -1.24656749 0.72860258 0.42236400
v -1.24107897 0.72163557 0.43641650
v -1.24136806 0.71695654 0.46238452
v -1.21049595 0.71654659 0.43385648
v -0.42245701 -0.02367256 1.26784738
v -0.42627200 -0.02932156 1.26506438
v -0.41242501 -0.02699056 1.26582238
v -0.42221400 -0.01059856 1.27627038
v -1.79622698 -1.27403040 0.08868422
v -1.78740001 -1.27462441 0.08067920
v -1.79909396 -1.27115137 0.07445123
v -1.79193699 -1.28414436 0.12675919
v 0.07139000 -0.06457349 0.84679438
v 0.08249900 -0.07271149 0.84527637
v 0.07126000 -0.06490449 0.85485537
v 0.06717200 -0.05290049 0.84568937
v 0.14126008 0.45486674 0.73367895
v 0.14760700 0.46050004 0.72365497
v 0.14533750 0.44006704 0.75815396
v 0.12565100 0.44632054 0.74204047
v 0.07175800 -0.41991454 1.10760632
v 0.04535500 -0.41591352 1.10153032
v 0.05586600 -0.42376355 1.11673831
v 0.05083050 -0.43027553 1.13109881
v -1.36876500 1.37044456 0.28045659
v -1.35587597 1.36567356 0.26733862
v -1.36397398 1.36183157 0.26896362
v -1.37808502 1.35296860 0.25928061
v -0.82218251 0.75735248 1.02921452
v -0.82612997 0.75919045 1.03803351
v -0.82244202 0.76569448 1.04379352
v -0.83167499 0.75898148 1.04720151
v -0.11114800 0.85863862 0.15790047
v -0.11216200 0.86910663 0.14099350
v -0.11145300 0.87713765 0.13115957
v -0.11987450 0.86367012 0.13483801
v -0.56582400 -0.18966308 1.34242935
v -0.56043899 -0.19235858 1.33308335
v -0.55396453 -0.19844157 1.32684735
v -0.56243002 -0.18349457 1.32044236
v -1.32950306 0.79867960 0.31484951
v -1.32147170 0.80424044 0.33015261
v -1.32011700 0.80848462 0.34362651
v -1.32034898 0.80010362 0.31484951
v -1.75784999 -1.58037210 1.47987461
v -1.74987400 -1.57721955 1.46874311
v -1.73195302 -1.57641655 1.46849012
v -1.74891102 -1.57799059 1.45332211
v -1.04551101 0.77447455 0.47105754
v -1.04536565 0.76124887 0.46977766
v -1.03656197 0.75898157 0.47667653
v -1.05807948 0.75424107 0.47046551
v -0.35126600 1.29893063 -0.20766141
v -0.35734701 1.29242573 -0.19483342
v -0.35952801 1.29901765 -0.19826236
v -0.36090499 1.30801366 -0.19903138
v -1.88795650 -1.29774984 0.19438867
v -1.88792205 -1.29883834 0.18668719
v -1.88011599 -1.29963239 0.18317415
v -1.04571700 0.96953261 0.39758257
v -1.03656197 0.96953261 0.39977554
v -1.03215051 0.96704957 0.40331406
v -1.03685296 0.97923857 0.40321253
v 0.48938000 -1.46721021 -0.82152189
v 0.49231100 -1.47303918 -0.81978489
v 0.50825202 -1.47134617 -0.82014383
v 0.49131501 -1.48429123 -0.81124582
v -0.79467347 1.55105018 0.10189315
v -0.77859801 1.55489163 0.12868669
v -0.78609854 1.55128684 0.11720249
v -0.79860401 1.53744667 0.11788167
v 0.05429800 -0.41645062 1.60834132
v 0.04657750 -0.41562312 1.60169582
v 0.06672400 -0.42155564 1.62498332
v 0.08243800 -0.41813361 1.60803331
v 0.03403200 -1.19316017 -1.05095991
v 0.04335800 -1.19444119 -1.04896292
v 0.03434400 -1.18277322 -1.06476792
v 0.03039550 -1.19545817 -1.04778930
v -0.47811499 0.66748166 0.04025351
v -0.47543800 0.66902667 0.03368150
v -0.47723499 0.65742767 0.05100750
v -0.48721701 0.66945964 0.04051756
v -0.87537301 0.73151752 0.92819451
v -0.87952352 0.74137849 0.93203951
v -0.88093698 0.73151753 0.91042651
v -0.88156098 0.72382948 0.92836051
v -0.62563002 1.94858163 0.06788870
v -0.61517203 1.94212359 0.06763276
v -0.63008499 1.95463460 0.06328472
v -0.63447303 1.94182163 0.06530269
v -1.04602897 1.45694966 0.01224661
v -1.05570304 1.46039862 0.02266062
v -1.05473995 1.45465464 0.01275969
v -1.06435394 1.44767863 0.01181364
v -0.10360500 0.61045451 0.67348848
v -0.09364800 0.61251356 0.67190749
v -0.09228800 0.60930856 0.66144649
v -0.09365800 0.62166454 0.68024350
v -0.30147299 0.75746662 0.33486849
v -0.29694599 0.74943358 0.35243053
v -0.28931797 0.74691642 0.33923415
v -0.26861450 0.72956408 0.34210402
v -0.81660801 0.73757149 1.06103151
v -0.82127300 0.73667148 1.06502651
v -0.81653798 0.74033446 1.04664351
v -0.80800098 0.74033547 1.06275151
v -0.14783500 -0.25860261 1.50487435
v -0.14719599 -0.25709460 1.49196134
v -0.14356700 -0.25725559 1.47134135
v -0.16369399 -0.24790759 1.49373434
v -0.57038301 -0.23664160 1.51251136
v -0.57106102 -0.22976661 1.48816936
v -0.55517203 -0.23064960 1.49195834
v -0.57378101 -0.22743261 1.47969134
v -0.05219900 0.93520061 0.18782452
v -0.05614200 0.93637863 0.17890254
v -0.05648900 0.91405359 0.19569954
v -0.04716700 0.93402765 0.19652155
v -0.42176300 0.64093845 1.18590550
v -0.41733700 0.64014243 1.17534149
v -0.41444600 0.63980244 1.17175849
v -0.42273799 0.65801143 1.16060250
v -1.07171595 -0.38404254 1.12998132
v -1.06402504 -0.38327754 1.12959132
v -1.05487096 -0.38106755 1.13874532
v -1.05511403 -0.37474454 1.13033832
v -1.03656197 -0.39188055 1.15705432
v -1.02593100 -0.38754655 1.15735232
v -1.03687000 -0.38773654 1.14656932
v -0.24863601 -0.21078261 1.61292135
v -0.25696400 -0.20836362 1.60934435
v -0.26713201 -0.20286962 1.59648534
v -0.26653701 -0.21403563 1.62917035
v -1.09992397 1.44559460 0.10970867
v -1.11278381 1.44475418 0.11969671
v -1.11878002 1.44553368 0.12384367
v -1.11834002 1.43183964 0.10119367
v 1.35261798 -1.64793944 0.39397313
v 1.34470606 -1.64856541 0.40385212
v 1.36199999 -1.64862346 0.37947311
v 1.36230600 -1.64549446 0.39265610
v -0.63958597 -1.04516221 -0.93885380
v -0.62619150 -1.04439820 -0.93503124
v -0.64241397 -1.04837121 -0.92436081
v -0.65373403 -1.04336919 -0.94740278
v -0.19114999 0.68574554 0.71764349
v -0.18528700 0.69248152 0.72651451
v -0.19452800 0.68607152 0.72583049
v -0.19087100 0.68574554 0.70848852
v -0.18967800 0.67659152 0.71764349
v 0.03489800 1.10827057 0.14015359
v 0.03200400 1.11112110 0.14588905
v 0.05631800 1.09041159 0.14123255
v 0.03456100 1.10755758 0.12696356
v -0.24870799 0.64919861 0.26666050
v -0.25286400 0.65728362 0.28111349
v -0.24835600 0.65067561 0.27799152
v -0.23993701 0.64788558 0.29028551
v -0.87323099 1.92304367 0.04516371
v -0.87177801 1.92104465 0.03135475
v -0.85767901 1.92755467 0.03156468
v -0.88260400 1.91500670 0.03068872
v -1.03706801 0.62074256 0.41414849
v -1.03700805 0.62160456 0.42426048
v -1.02740800 0.62432659 0.40639351
v -1.04572701 0.62010556 0.41417251
v -0.62769699 1.89611764 -0.04887824
v -0.61648798 1.88321765 -0.05121128
v -0.61849499 1.88152762 -0.05975632
v -0.60952902 1.87667270 -0.04228430
v -1.36609995 2.20539551 0.80917577
v -1.35584903 2.19113045 0.80904777
v -1.36288750 2.20483451 0.81834825
v -1.35345197 2.17927604 0.80524926
v -0.71439803 1.98673564 0.04929278
v -0.72349149 1.99358868 0.05420271
v -0.71057302 1.97666567 0.05196473
v -0.70703799 1.98559862 0.04014573
v 1.18618900 -1.98352566 1.98184456
v 1.20091095 -1.91608534 1.97063901
v 1.19734299 -1.95941963 1.94830903
v 1.14798585 -1.97235481 1.60598411
v 1.20025751 -1.74220469 1.97840035
v 1.11671028 -1.96173891 1.61475792
v 1.19508044 -1.97413973 1.67880604
v 1.15672577 -1.94811453 1.53322489
v 1.22463900 -1.97048108 1.71084057
v 1.18795800 -1.97633667 1.55110905
v 1.25265101 -1.95863315 1.87725619
v 1.31227194 -1.98313037 1.73488516
v 1.25308206 -1.96120008 1.83190517
v 1.31239195 -1.98361455 1.89356811
v 1.30882653 -2.05671443 1.54492366
v 1.35104825 -2.19789191 1.54580539
v 1.46258998 -2.03633640 0.98312005
v 1.44870230 -1.86462226 1.38645454
v 1.31810826 -1.98601244 1.85786263
v 1.40516646 -1.94217844 1.03513255
v 1.11043948 -1.87941362 1.53274406
v 1.53979812 -1.77409145 0.84214897
v 1.30384004 -1.87290052 0.97805607
v 1.29373107 -1.87765021 0.99024376
v 1.54648847 -1.78167530 0.85923954
v 1.27990502 -1.87234448 0.99954557
v 1.33881928 -1.89326582 1.04062869
v 0.07762869 1.20245232 0.12807815
v 0.22694839 1.46382904 0.17728001
v 0.31238325 1.58416152 0.21195603
v 0.17448788 1.52565737 0.13216889
v -1.56232454 -0.49115376 0.41754735
v -1.65820636 -0.67628849 0.10196528
v -1.47077826 -0.42155798 0.50813775
v -1.62547505 -0.92433142 0.32967522
v -1.63502502 -0.83053140 0.28750822
v -1.62364700 -0.90700668 0.34060579
v -1.62015295 -0.91485941 0.35493322
v 0.09276740 -0.03180543 0.92939483
v 0.14747500 -0.10122750 0.90017537
v 0.12504012 0.21102863 0.83381004
v 0.02060350 -0.09717202 1.04566437
v 0.07091131 0.42911396 0.76806259
v 0.11580238 0.32075920 0.83267489
v -0.01833888 0.54017715 0.76278247
v 0.70146064 -0.84041021 1.54019338
v 0.71094300 -0.96059262 1.60128447
v 0.70547152 -0.83380862 1.58680875
v 0.52999598 -0.89769849 0.92395624
v 0.13025300 0.40786761 0.31464595
v 0.12594900 0.40541960 0.29759044
v 0.12586600 0.40383460 0.28582043
v 0.11360300 0.40389219 0.26645148
v 0.11242525 0.40004436 0.25402572
v 0.03217786 0.39234497 0.08003942
v 0.03996137 0.38010114 0.07755780
v 0.08689300 0.40928852 0.23153264
v -0.32352650 0.43082029 -0.03580549
v -0.01386847 0.37684259 0.00186466
v -0.14081781 0.41437798 -0.01089339
v -0.17874800 0.46967765 -0.00048052
v 1.09993065 -1.75727911 1.59799359
v 1.07225996 -1.70763817 1.45232629
v 1.03729099 -1.85873052 1.26932207
v 1.06269877 -1.81469297 1.04379639
v 0.99212032 -1.86651702 1.12941446
v 1.34988396 -1.75305376 0.92391809
v 0.93831225 -1.73017879 1.02838335
v -2.01858950 -1.20458634 -0.25814184
v -1.95754125 -1.19631785 -0.38714702
v -1.92188048 -1.10432304 -0.43467153
v -1.98146509 -1.04929962 -0.75519817
v -1.99263968 -1.15783149 -0.86887630
v -1.88697004 -1.06003214 -0.96553785
v -0.78868198 -0.42616461 1.52519531
v -0.77065200 -0.41841660 1.51169632
v -0.77710497 -0.42221660 1.51454033
v -0.78604501 -0.42218561 1.50502930
v -0.86282846 -0.37996012 1.33374257
v -0.81692751 -0.42298909 1.46802432
v -0.78033798 -0.29250476 1.33213668
v -0.81085548 -0.31455256 1.28881183
v -1.01920307 -0.36822689 1.16166399
v -0.77333987 -0.24718809 1.28076159
v -1.03522673 -0.35388780 1.15013408
v -1.01500775 -0.41342581 1.21065369
v -0.78082244 -0.01535647 1.17494098
v -0.83188013 0.09848521 1.15345915
v -0.48993625 -0.00293644 1.29747326
v -0.48973799 0.02271281 1.27095552
v -0.52222449 -0.05653581 1.24149188
v -0.48377699 0.09461445 1.21075440
v -0.04373936 0.57821691 0.52102687
v -0.02709453 0.53788177 0.53052774
v -0.02921295 0.43782024 0.43246046
v -0.05739800 0.61055056 0.52623550
v -0.10795100 0.56922274 0.39665100
v -0.05852869 0.48775596 0.36964808
v -0.12382800 0.59420158 0.28738550
v -0.12120500 0.58477260 0.29450551
v -0.12981750 0.59860509 0.28166897
v -0.10817400 0.48959710 0.27237599
v -0.61034880 -1.63250823 2.05281653
v -0.72522801 -1.63014273 2.08350613
v -0.56873112 -1.63025231 2.04450218
v -0.33329493 -1.63444700 1.98243466
v -0.43092368 -1.58679713 2.00193023
v -0.08245412 -1.62710218 1.91753069
v -0.08933393 -1.62392162 1.91664483
v -0.27802892 -1.46559896 1.94819861
v -0.69984874 -1.41074921 2.05534890
v -0.69568973 -1.39163712 2.04962418
v -0.71677101 -1.37369267 2.05334914
v -0.67727399 -1.38396970 2.04417116
v 1.68291650 -1.65290970 0.27719753
v 1.82161295 -1.66638039 0.28713013
v 1.59042460 -1.65379766 0.29305286
v 1.70387703 -1.66106341 0.24801861
v 1.78179443 -1.68465050 0.23256114
v 1.64832976 -1.84991263 -0.00852715
v 1.54244791 -1.67826789 -0.05167424
v 1.56124103 -1.68524530 -0.15202587
v 1.46645370 -1.77593202 -0.21027972
v 1.57244301 -1.64862731 -0.16018085
v 1.55736348 -1.59156003 -0.15391613
v 1.58775645 -1.62124529 -0.14282987
v 1.57895655 -1.61072268 -0.15556085
v 1.63942421 -1.69096209 -0.03626030
v -0.17472175 0.81242150 0.93192953
v -0.19164000 0.80451101 0.82690927
v -0.09820300 0.67118305 0.76213451
v -0.12223868 0.70105202 0.73623172
v -0.14078650 0.74376929 0.76104251
v -0.16645419 0.74268712 0.63887990
v -0.23900225 0.83399926 0.75106941
v -0.26869676 0.82425805 0.54646154
v -0.27104409 0.82214777 0.50770203
v -0.28470296 0.84971549 0.64505578
v -0.14153850 0.68967003 0.72206000
v -0.30153501 0.85771025 0.57815116
v -0.29251750 0.85294005 0.60065352
v -0.30573000 0.87317453 0.67239779
v -0.26646250 0.81125458 0.47099154
v -0.14480098 0.68893307 0.61341188
v -0.30437249 0.85413407 0.49730829
v -0.15264550 0.67007982 0.52580475
v -0.08151122 0.61960932 0.68527333
v -0.15253700 0.64021955 0.50412552
v -0.16495178 0.73401567 0.58127256
v -0.13917300 0.62626608 0.49564749
v -0.13906256 0.62554186 0.48497307
v -0.14725800 0.63986157 0.48942850
v -0.13795100 0.62272160 0.46406249
v -0.31220200 1.01625894 -0.18788644
v -0.30032652 1.30838659 -0.16749449
v -0.27737987 1.25658717 -0.21228046
v -0.32801172 1.07021888 -0.19611728
v -0.36100851 1.05383469 -0.23586643
v 0.60182500 -1.72196556 1.16602410
v 0.72556549 -1.66763614 1.68784611
v 0.71290299 -1.07044866 1.60928070
v 0.70361799 -1.04352959 1.56102121
v 0.70836103 -1.01846262 1.57991821
v 0.62915036 -1.11207136 1.29304270
v 0.68034293 -1.69875647 1.51387429
v 0.56154603 -1.63016855 1.05718311
v 0.07188419 -0.35354291 0.01824301
v -0.12067976 -0.16975597 0.00599154
v -0.14858501 -0.17476835 0.00359937
v -0.10877400 -0.13381835 0.01425413
v -0.07792793 -0.40007236 0.00531798
v 0.08905600 -0.51463130 -0.15127465
v -0.21464675 -0.14554385 -0.00099036
v -0.16864453 -0.15802638 0.00828739
v -0.18227550 -0.09586085 0.00928433
v -0.18633500 -0.42111834 -0.01437970
v -0.20428200 -0.08265135 0.00484739
v -0.20798700 -0.07396885 -0.00160463
v -0.13108076 -0.57882343 -0.16445853
v -0.25103550 -0.58693929 -0.20185916
v -0.19394096 -0.54879992 -0.12199611
v -0.15283719 -0.56163195 -0.14173465
v -0.18754300 -0.52887431 -0.11437366
v -0.27596926 -0.56623657 -0.12780197
v 0.30589001 0.41090803 0.63706598
v 0.24757275 0.22141081 0.54501450
v 0.26465201 0.42199557 0.48149747
v 0.29583631 0.40587076 0.59862396
v -1.12752421 -0.42259301 1.95301534
v -1.16847146 -0.44552970 1.96565981
v -1.00931394 -0.38217465 1.85762130
v -0.95899026 -0.40021315 1.87021381
v -0.95576411 -0.38812411 1.84460525
v -0.87579700 -0.38713665 1.81614931
v -0.85257000 -0.41827616 1.87297134
v -0.92516154 -0.46502992 1.91786302
v -0.75568902 -0.78826066 1.91665928
v -1.16462683 -1.84070682 2.63098986
v -1.21049574 -1.99649574 2.60658382
v -0.78046523 -1.84205416 2.53812972
v -1.19370997 -1.76312985 2.63791507
v -0.38435958 1.16227335 0.28103355
v -0.40350799 1.22258937 0.25664834
v -0.44232899 1.17911960 0.32352956
v -0.28564625 0.70652610 0.22298875
v -0.31489987 0.78255457 0.20156518
v -0.22902000 0.68803137 0.16459750
v -0.28505662 0.79403800 0.18126203
v -0.22814034 0.68861482 0.11753951
v -0.28678898 0.64743107 0.08941794
v -0.22920450 0.71184914 0.10891929
v -0.27577362 0.61399557 0.06962281
v -0.21166050 0.61931364 -0.00867202
v -0.24712975 0.60727538 0.04924027
v -0.29460999 0.60535967 0.07699750
v -0.19778357 0.64284898 -0.00367493
v -0.18187425 0.65871965 -0.00330023
v 1.33838872 -1.55519448 -0.14759391
v 1.29103446 -1.57642777 -0.25506494
v 1.26882845 -1.59860221 -0.31322148
v 1.24007100 -1.71060449 -0.45279288
v 1.17925106 -1.57831434 -0.36435448
v 1.34521401 -1.57314328 -0.11564186
v 1.05461603 -1.70355420 -0.71985342
v 1.06941295 -1.58096931 -0.44543186
v 1.15082670 -1.64545028 -0.60424910
v 1.12122500 -1.47416873 -0.60434689
v 1.49893639 -1.55840243 -0.16394645
v 1.53590906 -1.55679336 -0.13364389
v 1.47168303 -1.55708327 -0.17033484
v 1.49920797 -1.57539227 -0.17847684
v -0.01467460 1.06074319 0.00831015
v 0.00843600 0.88499590 -0.01938323
v -0.07784750 0.89498218 -0.06912050
v -0.01417719 1.11611320 0.04760258
v -0.13483608 0.60183521 0.26453861
v -0.11994838 0.58056435 0.30595598
v -0.20308825 0.53999361 0.27075585
v -0.26620429 0.55874350 0.20046978
v -0.25261425 0.61230013 0.13949141
v 1.52707700 -1.80825940 0.41574032
v 1.08798301 -1.76713946 0.52572608
v 1.30047610 -1.72121295 0.46236612
v 1.56305232 -1.73529640 0.39026172
v 1.59065983 -1.65590007 0.37706737
v 1.40815412 -1.65466642 0.38420625
v 1.77103432 -1.69322212 0.33786846
v 1.74135337 -1.65657787 0.33480552
v 1.75899601 -1.68537437 0.34348262
v 1.78571874 -1.69845240 0.32407885
v 1.75320128 -1.65392019 0.31497987
v -0.55137900 -2.21620083 2.52045105
v -0.51198755 -2.10912298 2.50655701
v -0.66819550 -1.99761948 2.52433856
v -0.24329188 -2.09989156 2.43682839
v -0.58568721 -0.99395156 -0.36462559
v -0.52542107 -1.00998086 -0.56493033
v -1.12884001 -0.99934001 -0.40443704
v -0.53504049 -0.98197329 -0.27996220
v -1.26828524 -1.62549072 2.16247087
v -1.33000408 -1.64327874 1.85387002
v -1.39179999 -1.67378312 1.80355312
v -1.44081104 -1.47413005 1.39523589
v 0.43836600 -0.89471522 0.75742174
v 0.40983400 -0.88515449 0.79087823
v 0.41001001 -0.87933649 0.80379924
v 0.40077400 -0.89187348 0.75026573
v 0.37673822 -0.94155986 0.37626989
v 0.33316386 -0.93132934 0.34798538
v 0.31866581 -0.91945235 0.42906955
v 0.21279500 -0.93733135 0.04365994
v 0.05747900 0.70392243 0.21354332
v -0.02087684 0.77188919 0.18593663
v -0.09487633 0.70015460 0.06363171
v -0.12497906 0.67569798 0.03807149
v -0.12798675 0.73497866 -0.01793522
v -0.17733750 0.66289765 0.00780754
v -0.09963492 0.76742692 0.01945979
v -0.04078400 0.82628964 -0.00627035
v -1.03137874 0.08480886 1.22180595
v -1.05487096 0.01747445 1.20892239
v -1.06393504 0.02662845 1.20282639
v -1.06402504 0.03302845 1.20282639
v -1.06402504 0.01747445 1.20282639
v -1.06402504 0.01747145 1.20282639
v -1.06402504 0.02662845 1.20274939
v -1.06402504 0.01749545 1.20282639
v -1.07317996 0.01747445 1.19608539
v -1.00051112 -0.12216307 1.21157478
v -1.06402600 0.01747445 1.20282639
v -1.07924626 0.01241109 1.19221608
v -1.11165952 -0.12895829 1.23283357
v -1.09543145 0.05202195 1.18179290
v -1.05271149 -0.15822354 1.18733886
v -1.13712394 -0.11844856 1.22787536
v -0.92246240 -0.29920805 1.17993234
v -0.98269575 0.40363689 1.15167583
v -0.92567265 -0.20877070 1.14856246
v -0.88558102 -0.14288854 1.13072136
v -0.97864724 0.29262640 1.19999619
v -2.03069949 -1.31715392 0.30998565
v -2.05281949 -1.32875042 0.33299265
v -2.00508063 -1.33673671 0.38159318
v -2.04992417 -1.33527338 0.30297691
v -2.04441544 -1.31590511 0.34685338
v -2.06288576 -1.36513642 0.23518441
v -2.00598913 -1.30090982 0.26816481
v -2.00214951 -1.27661198 0.11225114
v -1.89976766 -1.29350951 0.18390673
v -1.85357450 -1.26678762 0.05674514
v -1.94734475 -1.25541788 0.02049517
v -1.82532864 -1.25947752 0.03162051
v -1.97566456 -1.23698163 -0.09814775
v -2.01230919 -1.20053283 -0.25506231
v -0.23009400 0.85056969 -0.09060452
v -0.24216799 0.85019066 -0.08914051
v -0.21429400 0.85222568 -0.08754943
v -0.30814974 0.89777244 -0.16559470
v -0.25693907 0.92743304 -0.18710624
v -0.25046449 1.11429671 -0.19286793
v -0.22881325 0.91601618 -0.15825659
v 0.07897731 -0.76227985 -0.38156997
v 0.09937111 -0.65780982 -0.36253823
v 0.08287450 -0.57430481 -0.19698475
v 0.06236600 -0.61301630 -0.35494171
v -0.14648297 0.45042858 0.11024559
v -0.21485935 0.50802557 0.09367874
v -0.11262931 0.43603360 0.12396657
v -0.20380950 0.49120312 0.17770036
v -0.19317000 0.48370163 0.14604946
v -0.17915700 0.46574865 -0.00466256
v -0.22450601 0.53766466 -0.02360902
v -0.16868900 0.46033562 0.18482245
v -0.19553970 0.47926112 0.17203705
v -0.23221700 0.54810590 0.03218049
v -0.20694700 0.51283988 -0.01326160
v -1.16825819 1.17209076 0.48928621
v -1.07149977 1.37499859 0.37661560
v -1.25913284 1.26283453 0.48561124
v -1.02370451 0.99955583 0.44857354
v -1.12242204 1.40923662 0.36209914
v -1.03129324 1.22070692 0.41698385
v -1.07138992 1.29547335 0.38105332
v -0.85116176 1.06668680 0.44885833
v -0.93469190 1.14231140 0.39340494
v -0.65377702 1.31152841 0.25864165
v -0.83294094 1.30166758 0.31823155
v -0.62955499 1.31083563 0.24475960
v -0.46546200 1.24149759 0.29191959
v 0.42233869 -1.08805134 0.53391590
v 0.46680549 -0.91490593 0.69344929
v 0.47527263 -0.90556973 0.74303211
v 0.40132099 -0.93372841 0.45998122
v 1.17904324 -1.54704094 -0.06944007
v 0.83208184 -1.54603100 -0.07396861
v 0.71916503 -1.52844936 0.06953213
v 1.05512899 -1.57685278 -0.44431311
v 0.57304701 -1.56494018 -0.30587596
v 0.89998042 -1.57164327 -0.36347057
v 0.63160948 -1.55191681 -0.11885789
v 0.57322001 -1.55880928 -0.32787087
v 0.60451573 -1.55989000 -0.19599344
v 0.61596975 -1.56407178 -0.28823009
v 0.04506650 0.97729962 0.18114181
v 0.05016766 1.03435957 0.15891147
v 0.01425719 1.04503171 0.10871633
v 0.00613925 1.02602289 0.08931146
v 0.05721950 1.08513812 0.14631253
v -1.42808490 0.90723614 0.26030163
v -1.24622777 0.73497185 0.24088903
v -1.31101201 0.92397924 0.15094880
v -1.32973166 0.86687085 0.17292028
v -0.45277975 0.00780191 1.31601518
v -0.43016049 -0.04999557 1.30787238
v -0.46434974 0.30694536 1.22865895
v -0.45938762 0.38893019 1.24262095
v -0.70536062 0.22031670 1.19359505
v -0.53237625 -0.07404206 1.24544812
v -0.61235664 0.14418873 1.24415535
v -1.61227125 -1.66126715 1.72903535
v -1.75639556 -1.69436914 1.84350353
v -1.74988073 -1.66962810 1.79989186
v -1.75315423 -1.58773861 1.52434524
v -0.50816592 0.56682652 1.28343189
v -0.50393802 0.61752746 1.27407949
v -0.50483775 0.27712070 1.23987094
v -0.55971801 0.33631245 1.26311044
v -0.67659324 0.36518171 1.14601845
v -0.65838599 0.33632647 1.15862444
v -0.66258428 0.34196596 1.15260847
v -0.75238198 0.37168047 1.06560045
v -0.74424938 0.36433862 1.07825582
v -0.71734162 0.32007984 1.11940606
v 0.56210154 -0.80364161 1.56828594
v 0.59639576 -0.61484185 1.53317803
v 0.58501202 -0.81411364 1.59149025
v 0.60187399 -0.80663158 1.55079926
v 0.38215651 -0.80208713 1.61923475
v -0.01717577 0.75853761 -0.04946822
v -0.01578500 0.75891492 -0.04478594
v -0.04322311 0.73691366 -0.10026682
v -0.04712200 0.72683265 -0.09181345
v -0.06250488 0.76901754 -0.10493376
v 1.45648225 -1.66002280 0.33163873
v 1.36284211 -1.67074768 0.12708115
v 1.40664750 -1.70880734 -0.02011638
v 1.28606600 -1.67921185 0.01570810
v 0.08187525 1.30954635 0.06162933
v 0.02055073 1.22478757 0.02111946
v -0.00784178 1.23530580 0.03164566
v 0.00719325 1.13716763 0.05033756
v -1.08735251 0.45254597 1.09389321
v -1.16046377 0.02557053 1.17998845
v -1.14582351 -0.13339078 1.07981411
v -1.13713297 -0.12522556 1.21598311
v -1.01137523 0.53790947 0.13926293
v -1.04579306 0.65419566 0.07932447
v -0.99277651 0.39913463 0.10587246
v -1.04653251 0.43440737 0.13959295
v -0.97115364 0.58307414 0.14175830
v -1.01952505 0.38908862 0.10430843
v -1.02853596 0.38297464 0.10440546
v -1.52372678 -1.64717116 2.46682586
v -1.57549976 -1.65259562 2.36220432
v -1.71775962 -1.71041802 2.08774501
v -1.58459624 -1.66022815 2.20751056
v -1.68011620 -1.66077953 2.11854423
v -1.74240358 -1.70376770 1.92694254
v -1.72771400 -1.70400970 2.07035158
v -1.69297126 -1.67425582 2.02237050
v -1.72815959 -1.68103432 2.03498406
v -1.73617513 -1.68769979 1.87455711
v -1.73653439 -1.82249446 2.08655225
v 0.36932608 1.61125031 0.21909843
v 0.33700594 1.59698995 0.22607410
v 0.40395801 1.64181962 0.22866467
v 0.27940825 1.64879666 0.16541042
v 0.36637008 1.68241731 0.21478135
v 0.41935959 1.63382600 0.23860473
v 0.31678200 1.69725511 0.18330119
v 0.42027199 1.62478557 0.25065765
v 0.31530177 1.68757936 0.17727565
v 0.38822563 1.69560602 0.22041819
v -1.18550599 -0.63508466 2.00082327
v -1.18907547 -0.78166670 2.01305373
v -1.21651921 -0.71941489 1.91013078
v -1.19369848 -0.77648162 2.00123142
v -1.22524899 -0.77700141 1.88825050
v -1.24967290 -0.79693006 1.78492577
v -1.25323603 -0.79956890 1.79802876
v -1.29588997 -0.79064112 1.60592477
v -1.31629497 -0.77603312 1.53147276
v -1.31016570 -0.79054097 1.55201849
v -1.31567776 -0.80495585 1.53034774
v 1.52900824 -1.88637142 0.65464833
v 1.41478395 -1.78585447 0.48627006
v 1.47569162 -1.78531150 0.68554833
v 1.49222109 -1.76342145 0.76705353
v -1.68959231 -0.95460179 0.14651595
v -1.63817799 -0.93537138 0.26985921
v -1.67803001 -0.95338537 0.11682327
v -1.72238651 -0.98761486 -0.17926928
v -1.75133479 -0.97680611 0.10659183
v -1.79677999 -0.99065630 -0.07370680
v -1.73513712 -0.98492083 -0.15778725
v -1.96756685 -1.58651307 1.27768075
v -2.15025216 -1.59616738 1.28800332
v -2.19053411 -1.59100155 1.34949612
v -1.99913001 -1.59979918 1.26248640
v -2.01606703 -1.59788455 1.18490462
v -2.02645961 -1.59846128 1.05917805
v -1.94311100 -1.46990698 0.83107665
v -2.05270100 -1.64882157 0.98312011
v -1.94592193 -1.47131792 0.79744372
v -2.05270100 -1.62008149 0.76341512
v -1.91321552 -1.47969136 0.77383688
v 1.17178436 -1.60819733 -0.00417434
v 0.96559865 -1.60272722 0.04280988
v 1.32987553 -1.67537235 -0.03184341
v 1.34530050 -1.60173080 -0.10637090
v 1.31207401 -1.56163536 -0.05511787
v 1.33451998 -1.56625239 -0.10491291
v 1.33386004 -1.55743328 -0.11492982
v -1.34928751 0.43587009 0.43726097
v -1.45881295 0.38522560 0.34966445
v -1.48061673 0.37816959 0.37144542
v -1.39224475 0.42132536 0.47328895
v -1.42220622 0.42307606 0.53768796
v -1.39621577 0.20992971 0.37473954
v -1.47980297 0.36023358 0.36894047
v -1.43019401 0.14854558 0.42603940
v -1.41880280 0.20623218 0.40592778
v -2.06503302 -1.36957440 0.24004141
v -2.09866716 -1.44297756 0.15201636
v -2.09135699 -1.44007240 0.31459313
v -2.12593699 -1.48027831 0.03106211
v -2.07860088 -1.37321127 -0.27752983
v -2.09361100 -1.40282833 -0.32758785
v -2.07413507 -1.37399530 -0.33511388
v -2.09793806 -1.41061329 -0.33511389
v 0.22757450 -0.04902647 0.74181588
v 0.22009236 0.27398718 0.77966372
v 0.30424225 0.32139128 0.72452344
v 0.12693994 0.31252758 0.78768375
v -1.50478941 -1.63030651 1.65730467
v -1.42996705 -1.62786064 1.66308208
v -1.54139876 -1.65711336 1.70783047
v -1.76618749 -1.56845307 1.41588862
v 0.86769950 -1.63717442 0.53752788
v 0.84359075 -1.63320656 0.52285093
v 0.80457652 -1.64083814 0.50632601
v 0.81179950 -1.64107091 0.46287511
v 0.79926300 -1.63910444 0.50723560
v 1.04322186 -1.64258861 0.49371468
v 0.78650064 -1.64787782 0.39534861
v 0.75669625 -1.65909602 0.29968610
v 0.74791402 -1.66133639 0.19654812
v 0.74579400 -1.66261336 0.18596710
v 0.72112697 -1.66423437 0.20142509
v 0.72154200 -1.66109535 0.22840012
v 0.72050798 -1.65792534 0.23777313
v 0.74732787 -1.64728055 0.34315285
v 0.76111451 -1.65756288 0.20993911
v 0.01630675 1.10728746 -0.10873666
v -0.03163474 1.17920198 -0.12145231
v -0.03530631 1.19302220 -0.12304784
v 0.01784051 1.08502195 -0.12527174
v -0.00231950 1.04125569 -0.15584794
v -0.00709700 0.98053167 -0.16129346
v -0.01190100 0.96788666 -0.16115149
v -0.01123600 0.98073671 -0.17040344
v -0.31012194 0.20068394 1.31988849
v -0.26704406 0.29608100 1.31530625
v -0.37491399 -0.01728758 1.34898139
v -0.38310181 0.08524650 1.28367278
v -0.12327413 -0.27086742 1.18231097
v -0.18596201 -0.25019955 1.25756334
v -0.18205398 -0.24625960 1.24097072
v -0.13604086 -0.28774962 1.13050787
v -0.20343600 -0.24497354 1.11529184
v -0.12347162 -0.34477516 1.13387995
v -1.20798874 0.73447075 0.92747576
v -1.24880799 0.65604435 0.84215894
v -1.24437678 0.67024672 0.85509040
v -1.26830249 0.93329377 0.71467679
v -0.14465650 0.62708957 0.45620624
v -0.13168550 0.67265247 0.44964053
v -0.22301625 0.68175984 0.37474450
v -0.14355900 0.69872269 0.47834125
v -0.22868116 0.69563610 0.38470405
v -0.25568901 0.74874782 0.37388338
v -0.23356400 -0.18074260 1.48181137
v -0.24053096 -0.15611402 1.48652293
v -0.27705031 -0.14131791 1.51902374
v -0.22482787 0.08700605 1.37767340
v -0.46772999 -0.09437557 1.30385537
v -0.46920773 -0.09447881 1.29067355
v -0.48168001 -0.11928756 1.27597236
v -0.46502250 -0.08950256 1.27278587
v -0.09489147 0.09345118 -0.00381040
v -0.11547131 0.03801578 0.00327982
v -0.04933725 0.20608115 -0.00303131
v -0.19357550 0.21039491 -0.03042433
v -0.23372925 -0.14766303 1.09045261
v -0.22365477 -0.14902547 1.07338732
v -0.20933475 -0.15234078 1.08197161
v -0.21398422 -0.22316814 1.08184459
v -0.22664500 -0.22006753 1.09315035
v -0.14373450 -0.15709103 1.05196786
v -0.18601650 -0.23046504 1.07881235
v -0.15464250 -0.12623003 1.09714836
v -0.14475965 -0.14697723 1.07555721
v 0.00862150 -0.09796503 1.05869337
v -0.04922351 -0.09048439 1.08195725
v 0.00147446 0.07256102 1.00026011
v -0.07734750 0.00164448 1.02885926
v 0.00955400 0.11859949 0.97891741
v -0.72918076 0.02107071 1.15186377
v -0.74567908 0.12544226 1.19429566
v -0.76973619 -0.03424775 1.30706557
v -0.82768482 0.36893815 1.16163182
v 0.39038866 1.60521351 0.32057305
v 0.28012325 1.60011108 0.32341365
v 0.24010224 1.55728982 0.26422701
v 0.20055699 1.51340857 0.24162562
v 0.17814523 1.44024858 0.22021382
v 0.14451601 1.36074260 0.20447664
v 0.41786000 1.62768461 0.27046016
v -1.23339050 0.78542915 0.70142489
v -1.23832250 0.48101352 0.73998997
v -1.24289553 0.64993896 0.70625620
v -1.07048148 0.57969605 0.59662798
v -1.04434425 0.57016647 0.63761455
v -1.13777649 0.58904509 0.69620686
v -0.27568313 0.55305182 1.23603110
v -0.37954862 0.54206613 1.22696879
v -0.41318250 0.56391370 1.22446248
v -0.37150100 0.42151244 1.24700483
v 0.84024200 -1.77179698 0.63245359
v 0.83370619 -1.76707869 0.59730643
v 0.81703502 -1.63947347 0.58032711
v 1.04789923 -1.64390754 0.50315287
v 0.90728279 -1.64822430 0.55549391
v 0.93162799 -1.73105655 0.99778110
v 0.91880050 -1.66752498 0.99907710
v 0.90194010 -1.74459299 0.88712567
v 1.08948712 -1.77011633 0.65377034
v 0.86983198 -1.75667426 0.77972334
v 0.20779926 0.63546002 0.55323957
v 0.22172719 0.61724475 0.55293811
v 0.18060325 0.71749224 0.59984799
v 0.18485650 0.58386255 0.53071601
v -0.00562988 0.41539639 0.86859333
v -0.09680475 0.31920049 0.92746919
v -0.02787814 0.44045460 0.86911919
v -0.15049634 0.59331998 0.76124280
v -1.35012272 0.23645776 0.32016009
v -1.37007505 0.25752859 0.33659793
v -1.26558623 0.16603136 0.26145492
v -1.32256275 0.14885310 0.30993416
v -0.19364901 0.94470885 0.24889954
v -0.18636813 0.95853577 0.26545610
v -0.15238629 1.10563022 0.24024437
v -0.11587381 1.16729654 0.19140634
v -0.18968200 1.06089260 0.29076656
v -0.03110269 0.95144906 0.05674813
v 0.03484700 1.06742161 0.08649057
v -0.01469921 0.97322564 0.05563738
v 0.02088825 0.97035238 0.04245881
v -0.01959450 0.77897866 -0.02831947
v -0.01998000 0.77230365 -0.03147554
v -0.02971800 0.76826764 -0.03309154
v -0.01126900 0.76813568 -0.03475344
v -0.60560501 -0.33912565 1.71893334
v -0.61348301 -0.34410263 1.71503931
v -0.56838413 -0.35451076 1.71585682
v -0.55953701 -0.28644273 1.72192702
v -0.59037974 -0.28713977 1.71808959
v -0.51010966 -0.35573663 1.68356872
v -0.43964125 -0.33696513 1.67762408
v -0.39336549 -0.37477662 1.64429808
v -0.30640093 -0.27591738 1.64695191
v -0.38761273 -0.35399858 1.65550286
v -0.32785150 -0.26011062 1.64005884
v -0.24006200 -0.29759087 1.62930009
v -0.28776199 -0.25581363 1.64897234
v 0.19591813 -0.01530255 0.83921888
v 0.18043512 0.05679526 0.81569877
v 0.17709201 0.06860374 0.82549195
v 0.19116540 -0.00264754 0.82107536
v 0.16792000 0.08343651 0.83644241
v 0.14163663 0.01983627 0.80615351
v -0.45828575 0.57695881 1.25935429
v -0.44839582 0.62963220 1.24696302
v -0.44888962 0.77228478 1.06645367
v -0.49209174 0.68414402 1.21234481
v -0.56415246 0.75957528 1.11310187
v -0.65844868 0.75463022 1.13156726
v -0.37749938 -0.09522412 1.39366399
v -0.29664150 -0.10541059 1.47044937
v -0.42000611 -0.08511296 1.28648017
v -0.43725524 -0.13657549 1.25745262
v -0.44823926 -0.18100057 1.32243436
v -0.47765800 -0.19342856 1.27599935
v -0.48717001 -0.20101357 1.28557236
v -0.49886400 -0.20235357 1.28675835
v 0.01754500 -0.41381760 1.56405030
v 0.01892200 -0.42226360 1.49385531
v -0.00267800 -0.41946861 1.52159682
v 0.03235600 -0.43155658 1.42720331
v 0.47430101 -0.42413633 1.32120627
v 0.40963602 -0.40493192 1.33985592
v -1.28379798 0.22632045 1.16470642
v -1.26312854 0.39093050 1.13480649
v -1.10241675 0.36889222 1.10071795
v -1.11497490 0.40445357 1.09182635
v -1.09601647 0.42503947 1.10535746
v -1.30220425 0.45891121 1.12394271
v -0.23517014 0.60505674 1.19822415
v -0.27274590 0.57123514 1.22587539
v -0.16853400 0.25084495 1.19705593
v -0.25521174 0.66849471 1.16100125
v -0.18369325 0.55566608 1.09576286
v -0.10906450 0.40808974 1.01186995
v -0.16939875 0.48649704 1.05917252
v -0.18746001 0.46527447 0.97768447
v 0.13460250 -0.04501998 0.76953812
v 0.25939406 -0.02464672 0.73248977
v 0.21643281 -0.11642257 0.73766621
v 0.26027900 -0.18327197 0.70677922
v 0.12148684 -0.11416351 0.75512319
v 0.11673825 -0.14085197 0.75931387
v 0.24432425 0.47786604 0.62614823
v 0.26517206 0.49896295 0.61253656
v 0.29252349 0.54355082 0.58149174
v 0.30515999 0.56664254 0.62400750
v 0.30205300 0.56708255 0.60409150
v 0.28619432 0.53131246 0.63726948
v 0.30398500 0.56689354 0.64807245
v -0.04732700 0.75876719 -0.12381547
v -0.04221527 0.77494603 -0.13355741
v -0.04860000 0.80827518 -0.14969796
v -0.04836600 0.81763670 -0.13333152
v -0.01900400 0.94725669 -0.17003044
v -0.03869533 0.90401680 -0.15571199
v -0.02652687 0.95100517 -0.15331961
v -0.01126900 0.96953270 -0.16550740
v -1.76937646 -1.57094200 1.43376602
v -1.76262000 -1.66581042 1.70894012
v -1.79681977 -1.60368691 1.51148344
v -1.81296524 -1.57783908 1.36906924
v 0.28501533 0.53115219 0.67027074
v 0.28773175 0.55532118 0.67379710
v 0.22875850 0.51681503 0.68470097
v 0.24115898 0.65937386 0.66591370
v 0.28972799 0.52455429 0.64068771
v 0.26862969 0.63946329 0.64148000
v 0.23416718 0.50299635 0.67719924
v 0.23930725 0.48562203 0.67370721
v 0.23194800 0.63701557 0.66629949
v 0.23647299 0.67976655 0.66662349
v 0.07601050 0.47579604 0.67220546
v 0.05733650 0.50278103 0.67228197
v 0.06511416 0.47708449 0.66820901
v 0.11951094 0.45312368 0.59560414
v 0.06237100 0.44713354 0.59510447
v 0.11575827 0.44812153 0.59461701
v 0.12681700 0.43770355 0.57467444
v -0.26571649 -0.24021912 1.67066835
v -0.27954022 -0.23726643 1.67396108
v -0.41360050 -0.23476481 1.60179557
v -0.33780772 -0.20562102 1.58516312
v -0.25778400 -0.10797460 1.47691988
v -0.31562525 -0.12072009 1.46893462
v -0.26085123 -0.09357462 1.47720290
v -0.25824100 -0.07872059 1.47151337
v -0.92206012 0.32217770 1.17162832
v -0.83516616 0.08234764 1.13969193
v -0.84785700 0.18671996 1.17126942
v -0.81766301 0.01308846 1.13813339
v -0.24617700 -0.12837655 1.17475086
v -0.14551475 -0.06052502 1.04918000
v -0.19335547 -0.06969348 1.14285060
v -0.15823200 -0.03202654 1.16342138
v -1.46681231 -0.98933056 -0.23531417
v -1.55512206 -0.98800172 -0.24988918
v -1.64090699 -0.99644227 -0.22239124
v -1.64956200 -0.99721636 -0.22572272
v -1.65173399 -0.99222381 -0.25030976
v -1.56268603 -0.99875479 -0.34324574
v -1.61647807 -1.00574869 -0.37727151
v -1.65885699 -0.99935628 -0.22658377
v -1.66179460 -0.99032046 -0.26798290
v -1.53182832 -1.00225827 -0.34965890
v -1.68123454 -0.99426229 -0.26415777
v -1.59576595 -1.01748224 -0.53276878
v -1.62897301 -1.01410326 -0.49223476
v -0.68679945 1.19401156 0.31471899
v -0.55025527 1.07961690 0.30714210
v -0.43554750 0.96442060 0.31067143
v -0.45563550 1.07240606 0.32873907
v 0.96102716 -1.56941361 -0.43407452
v 0.90920231 -1.50270352 -0.43825882
v 1.07844400 -1.45659730 -0.49047781
v 0.82908684 -1.50302945 -0.42407709
v -0.24025927 0.75089015 1.01655650
v -0.25963612 0.72223736 1.01734076
v -0.35226350 0.84573148 1.01149803
v -0.17507200 0.80591599 0.97411052
v -0.57140350 0.63490394 1.25849650
v -0.61941063 0.51154021 1.23841323
v -0.70707798 0.42007946 1.15774646
v -0.58985861 0.63732037 1.24736053
v -0.59446625 0.52084268 1.25358447
v -0.60024798 0.67015247 1.20591550
v -1.51241100 1.11568964 0.33949656
v -1.49684806 0.90975348 0.28708645
v -1.45313352 0.84813409 0.25329851
v -1.39290649 0.80409809 0.28715501
v -0.72624835 -0.11993134 1.24078830
v -0.68685471 -0.14703995 1.32844900
v -0.58736002 -0.20179459 1.44414734
v -0.71631832 -0.22075045 1.28901443
v -0.74946849 -0.23412766 1.33380730
v -0.74107726 -0.25835296 1.34513822
v -0.76206201 -0.22177357 1.32126235
v -0.47261175 1.32793740 -0.14459436
v -0.45493887 1.27934397 -0.17805950
v -0.40344000 1.15879218 -0.19690894
v -0.46523099 1.26429943 -0.18390441
v 0.17173500 0.58506558 0.53453950
v 0.09449587 0.46461692 0.61556847
v 0.10996315 0.55202139 0.57315546
v 0.09291090 0.46950776 0.64519457
v 0.13933737 0.54700780 0.55894323
v 0.09773019 0.51971223 0.63165998
v 0.07247900 0.46714504 0.65500548
v 1.44778550 -1.69688010 -0.13391712
v 1.48403243 -1.72027876 -0.15756376
v 1.50069851 -1.63665482 -0.17332940
v 1.48589674 -1.74031034 -0.16437414
v 0.29333499 -0.46592950 0.89457229
v 0.28300899 -0.46799850 0.87412030
v 0.30315399 -0.46790250 0.86375031
v 0.25598809 -0.46809630 0.90409380
v 0.23681875 -0.46613225 0.93591330
v 0.21439400 -0.46671500 0.88197731
v 0.10922300 -0.45135802 1.12636581
v 0.12605986 -0.44994600 1.11574648
v 0.12265400 -0.44087504 1.09773381
v 0.16695800 -0.43900128 1.09304206
v 0.08329650 -0.40831811 1.56101082
v 0.17897250 -0.40595710 1.55715431
v 0.11400819 -0.40607226 1.55663686
v 0.18436700 -0.40010259 1.49820431
v 0.31295699 -0.39591059 1.45435031
v 0.24929300 -0.39791760 1.48788931
v 0.27053899 -0.39572459 1.45437633
v 0.39011201 -0.39395558 1.42265733
v -0.21908200 -0.41777862 1.68111531
v -0.21442699 -0.41846065 1.69766031
v -0.19776800 -0.41837064 1.68595432
v -0.14099975 -0.42547987 1.68279905
v -0.16668950 -0.42701363 1.67448781
v -0.14827904 -0.43113849 1.67233685
v -0.10013725 -0.42838763 1.66557482
v 0.14373000 -0.80867164 1.74418024
v 0.13985901 -0.80909465 1.72707722
v 0.13006100 -0.80876665 1.72126425
v 0.17410649 -0.80831363 1.73764024
v -1.42628950 1.35059503 0.55999963
v -1.40168870 1.26009671 0.52468110
v -1.35927999 1.20579157 0.51589759
v -1.39301103 1.34441608 0.42139561
v -1.41471014 1.28513490 0.41781610
v -1.43271999 1.24346947 0.40800897
v -0.10519725 -0.21312614 1.00697266
v -0.05075405 -0.19671640 1.02727210
v 0.00491312 -0.12221760 0.98866996
v 0.04504750 -0.19327151 0.99462710
v 0.00347250 -0.11504352 0.99515487
v -0.07553283 -0.35394546 1.11258140
v -0.00333062 -0.34510790 1.03825595
v -0.11734713 -0.25881651 1.00119922
v -0.14901850 -0.21329851 0.99850035
v -0.09686700 -0.36785753 1.12349632
v -0.21712900 1.31438268 -0.10515662
v -0.22756600 1.15110044 -0.19372416
v -0.23992116 1.25531606 -0.14248247
v -0.25842349 1.22362468 -0.13599191
v -1.00962055 0.60570518 1.00645463
v -0.97140477 0.54854535 1.07291248
v -1.05952537 0.55874598 1.02670948
v -1.01468304 0.67081299 0.94558500
v -1.27870148 -0.33199351 1.19871697
v -1.17450297 -0.29956654 1.14932234
v -1.31416364 -0.38526206 1.22665207
v -1.26368898 -0.25128804 1.09853584
v -1.06336695 0.67313106 0.52753701
v -1.08133548 0.55976907 0.34646349
v -1.04405756 0.61466083 0.42652503
v -1.06324566 0.55852265 0.48043843
v -0.75823275 0.73987572 1.08015789
v -0.75238463 0.76308648 1.00582426
v -0.73156347 0.76663863 1.04452173
v -0.69784650 0.75013885 1.06550901
v -0.25794500 -0.79839414 1.79665173
v -0.35713750 -0.79905266 1.83349576
v -0.29069549 -0.79639090 1.82291377
v -0.29538301 -0.79558164 1.83007423
v -1.69056382 -1.38842358 0.58024455
v -1.67723298 -1.38595244 0.57032666
v -1.75390100 -1.33576156 0.35309064
v -1.72222865 -1.36251334 0.48701521
v -1.73370369 -1.31425894 0.27670203
v -1.84516743 -1.32163793 0.30480785
v 1.34901982 -1.87765786 1.11764830
v 1.38601804 -1.90449953 1.12383607
v 1.40179002 -1.88307907 1.22716307
v 1.25496426 -1.87820431 1.04434032
v 0.25463874 0.42550351 0.46229327
v 0.26217651 0.42111106 0.47479398
v 0.22897251 0.42197959 0.38351295
v 0.26412800 0.43112956 0.50915445
v 0.21279700 -0.08774300 0.87304237
v 0.17081419 -0.09771308 0.89213282
v 0.21602112 -0.07830999 0.88166610
v 0.19670675 -0.02217274 0.85956889
v 0.16586064 0.01757272 0.85181973
v 0.14398800 0.14359751 0.85395442
v 0.12541150 0.21279351 0.84958567
v 0.12276269 0.19858432 0.85496859
v 0.08010800 0.19685950 0.87528643
v -0.22282450 -0.25733912 1.62981634
v -0.19749500 -0.33886237 1.61048883
v -0.19826454 -0.27694306 1.62292052
v -0.03814700 -0.36005761 1.56974834
v -0.03445506 -0.28711342 1.57590773
v -0.04379050 -0.27370812 1.55894285
v -0.43663763 0.90462248 0.33626043
v -0.33155400 0.78277134 0.33514001
v -0.33752369 0.81502515 0.30221041
v -0.33937175 0.83178035 0.25914109
v -0.09406689 0.84246937 -0.09932592
v -0.08465700 0.78018316 -0.10162597
v -0.10121600 0.83005716 -0.11532096
v -0.08306275 0.88096292 -0.07858398
v 0.25737830 0.67150409 0.60407872
v 0.23962763 0.66836042 0.58786650
v 0.21805400 0.73107457 0.60358798
v 0.25549851 0.65272455 0.63039175
v -1.14974389 1.42236876 0.11161318
v -1.22313424 1.35872319 0.10321847
v -1.26558673 1.32609890 0.14027236
v -1.23824704 1.33341163 0.05819367
v -1.42780697 -1.64890578 2.64802213
v -1.43112504 -1.62028875 2.62325116
v -1.44432104 -1.68318882 2.63148394
v -1.45830211 -1.64312452 2.60232914
v -1.46681905 -1.92325974 2.55023804
v -1.42864096 -1.61225773 2.61158916
v -0.24044205 0.70537162 1.00483128
v -0.24137300 0.71320249 1.00143651
v -0.22836925 0.70091147 0.98183975
v -0.21380313 0.68946064 0.85961588
v -0.24765800 0.70656545 1.02403351
v -0.22055446 0.70782198 0.85866332
v -0.20185575 0.71023038 0.84179501
v -0.58867201 1.81083018 0.04447669
v -0.59403842 1.81682255 -0.01213978
v -0.60787600 1.84608263 0.02450473
v -0.58366898 1.80708815 -0.06497931
v -0.57934952 1.81837789 -0.02609354
v -0.57792539 1.80595955 -0.05130986
v -0.53649300 1.85751367 -0.00112580
v -0.52910583 1.83465551 -0.00316847
v -0.54427464 1.83055329 -0.00048076
v -1.34651213 1.57668040 0.75688940
v -1.32526964 1.49794617 0.70331688
v -1.35528046 1.58582658 0.73494618
v -1.36344473 1.68546585 0.72198214
v -1.38616025 1.65886675 0.83332591
v -1.39975500 1.64571234 0.83359289
v -1.41940349 1.67554449 0.83101917
v -1.39279196 1.49845267 0.70948029
v -1.42081976 1.40506228 0.61607211
v -1.38177390 1.56928699 0.76270084
v -1.35460603 1.37286552 0.63694559
v -0.96739675 1.43102262 0.02973011
v -1.04240604 1.37498113 -0.01460874
v -0.97692991 1.42680697 0.02731324
v -0.99321803 1.45984215 0.03607113
v 0.64752001 -0.82963157 1.49308226
v 0.60539368 -0.81881328 1.52590544
v 0.59736449 -0.82550159 1.47605724
v 0.60752423 -0.81324460 1.54901449
v 1.35278728 -1.88413446 0.98553057
v 1.52061999 -1.75657102 0.87813709
v 1.42855606 -1.76539138 0.92055037
v 1.44537823 -1.77431225 0.93112061
v 1.45292103 -1.75151249 0.88644609
v 1.44626200 -1.75366350 0.88110360
v -0.04320000 0.03557848 1.02493064
v -0.06995546 0.07494006 1.00323558
v -0.14017275 0.10469824 0.96232578
v -0.07579263 0.19415774 0.96179911
v -0.59294675 -0.15361885 1.29750439
v -0.63461454 -0.10571236 1.25438684
v -0.63962600 -0.03269705 1.19579038
v -0.65537313 -0.08231131 1.25528950
v 1.25782914 -1.86026682 1.34642132
v 1.36128099 -1.86089621 1.31803457
v 1.20792800 -1.86734106 1.23977707
v 1.25128376 -1.85150534 1.45799107
v -1.93711496 -1.71251435 1.66550761
v -1.93039376 -1.71733467 1.79193248
v -1.86978076 -1.70008738 1.57840404
v -1.95120664 -1.71346938 1.59775660
v -0.86846913 1.77136102 0.14292070
v -0.79223250 1.59682115 0.11952418
v -0.82207728 1.66394697 0.12190422
v -0.93856174 1.86732487 0.13047020
v -0.92585946 1.81641557 0.08595979
v -0.90208837 1.80318589 0.07535920
v -0.65434444 0.66584201 1.14918211
v -0.67159973 0.67194973 1.12340175
v -0.69966125 0.67183673 1.08911351
v -0.73348403 0.62065846 1.07456449
v -0.62154827 0.71888272 1.12233026
v -0.61089149 0.66829495 1.19673400
v -0.71635266 0.60360273 1.09970197
v -0.74698299 0.57982445 1.09505549
v -0.64857089 0.72145821 1.09372128
v -0.68980525 0.73772522 1.05722226
v -0.10053211 0.70957534 0.87699746
v -0.10421612 0.71407987 0.90313075
v -0.12574750 0.69488003 0.80589750
v -0.11532987 0.70136668 0.80521571
v -0.11186962 0.70222365 0.79795163
v -0.09962400 0.66589355 0.76416351
v -0.09895498 0.67320202 0.77462037
v -1.19065991 -1.22789008 2.16158410
v -1.14237323 -1.26146173 2.15350292
v -1.17961001 -1.27956873 2.16530313
v -1.20084652 -1.21748638 2.16195330
v -0.43151688 -0.39233055 1.65501607
v -0.48844600 -0.38337663 1.68163831
v -0.31647675 -0.39261862 1.64253683
v -0.30626100 -0.40713963 1.66214131
v -0.29074600 -0.41113863 1.66836332
v -0.29956099 -0.41513363 1.69036929
v -0.39766149 -0.37562787 1.64675133
v -0.58232807 1.40075892 -0.09991114
v -0.63596149 1.45643927 -0.04705061
v -0.51327875 1.37092343 -0.10849486
v -0.58978550 1.35886344 -0.12823139
v -0.10268706 1.29878696 -0.08122465
v -0.08784625 1.25325716 -0.10237365
v -0.01059500 1.27663560 -0.03366342
v -0.15715800 1.31407685 -0.09351944
v 0.14759525 -1.22428068 -1.02779973
v 0.06855971 -1.20316103 -1.05370474
v 0.02442950 -1.20456062 -1.09380981
v 0.04345338 -1.18703055 -1.05832418
v -0.18163601 0.59685459 0.24564747
v -0.20295200 0.59931311 0.23568947
v -0.16417199 0.58632460 0.25957451
v -0.19405200 0.60496059 0.23446850
v -0.18443801 0.60369363 0.23643551
v -0.21552103 0.61609562 0.21928181
v -0.23493101 0.62253860 0.20528946
v -0.23494101 0.63009063 0.19482647
v -0.21185650 0.61934263 0.21212749
v -0.23893499 0.63366762 0.18807451
v 0.04532700 -0.11275051 0.96451937
v 0.06351600 -0.11481850 0.93814637
v 0.09538450 -0.11655050 0.91880987
v 0.07096625 -0.09903312 0.86459137
v -1.45708079 -1.67517281 1.85620721
v -1.39312975 -1.66162353 1.94997985
v -1.47092900 -1.67645839 1.80797161
v -1.55954021 -1.67499069 1.82656936
v 0.34575301 -0.41278247 0.81299232
v 0.34551600 -0.40381248 0.80877932
v 0.35460001 -0.42817349 0.80879332
v 0.35490799 -0.41269348 0.80918731
v 0.35492700 -0.41277949 0.80919631
v 0.35488901 -0.40362848 0.80003230
v 0.35490799 -0.40362848 0.79994233
v 0.35490799 -0.40364448 0.80003230
v 0.23568850 -0.32306511 0.79452571
v 0.24331126 -0.36989333 0.82966296
v 0.19583775 -0.39762249 0.85042869
v -0.19882850 0.50011598 1.01076497
v -0.19480901 0.51202457 0.99354586
v -0.13712175 0.56002623 1.02230423
v -0.18365275 0.46643099 0.93292572
v -0.14000022 0.50138776 0.97866073
v -0.12746250 0.51857798 0.99229498
v -0.35865325 0.26219369 1.27721743
v -0.37762216 0.21872376 1.27967735
v -0.41117535 0.17082512 1.27988010
v -0.38220251 0.08574744 1.28869240
v -1.06402504 0.63997358 0.38733451
v -1.05471301 0.60335659 0.47047351
v -1.06158403 0.57692583 0.48005899
v -1.06008031 0.58114964 0.46826801
v -1.08672351 0.60037357 0.37183849
v -1.09544214 0.63117539 0.36995229
v -1.07389796 0.61103458 0.34213147
v -1.06792998 0.60889662 0.33254252
v -1.07228696 0.58767862 0.32447246
v -1.06966447 0.58478621 0.33276954
v -1.07666999 0.57363258 0.33787149
v -1.10064304 0.62799562 0.36062149
v -1.18340973 0.69982335 0.39416120
v -1.20397621 0.71689133 0.43103949
v -1.20787475 0.72552884 0.39566849
v -0.99538972 0.70132598 0.38134933
v -0.99442449 0.68406707 0.37433099
v -0.99820523 0.71478035 0.37865048
v -0.99849302 0.67646056 0.39241051
v 0.21463814 -1.22620378 -1.08427217
v 0.20907301 -1.22488117 -1.03908381
v 0.25420901 -1.20921609 -1.18594870
v 0.16317100 -1.28003720 -1.15740333
v 0.23123627 -1.22169904 -1.16548170
v -0.26326150 0.58389362 0.06304750
v -0.23724957 0.58927576 0.03266737
v -0.21381199 0.61813963 -0.00272157
v -0.26058900 0.54936164 0.08005652
v -0.22177999 0.58399365 -0.01924052
v -0.29525399 1.35617671 -0.14383735
v -0.30702426 1.36980963 -0.13645025
v -0.39602065 1.41986249 -0.08741101
v -0.28156625 1.41363068 -0.04769710
v -0.40866450 1.42985719 -0.08152336
v -0.40338400 1.38574168 -0.13876838
v -0.40949261 1.39769408 -0.13233931
v -0.42416200 1.41932365 -0.11265040
v -1.29465707 -0.81261600 1.63401363
v -1.31640873 -0.82558107 1.55084752
v -1.35689104 -0.83411156 1.38151125
v -1.34553573 -0.82904286 1.53165476
v -0.72262597 0.56501048 1.14941048
v -0.69360801 0.50860959 1.16879661
v -0.63538200 0.60411046 1.21223149
v -0.70704150 0.41577796 1.15282346
v -0.18251965 0.06538665 0.97063402
v -0.20856269 0.05422076 0.99684937
v -0.17974950 0.04555898 0.98669464
v -0.12991400 0.16841348 0.96630941
v -0.17541600 0.01055898 1.02355139
v -0.16280327 0.03345120 0.99609483
v -0.13574487 0.18661506 0.97150073
v -0.14858501 0.08155449 0.95777741
v -0.12974501 0.03119149 0.98779139
v -0.14406300 0.24769900 0.94158243
v -0.17674700 0.13980548 1.00584691
v -0.23039000 0.76333058 0.38746250
v -0.25981452 0.78026692 0.38392245
v -0.24589100 0.78562659 0.39589901
v -0.32798500 0.78807009 0.36400602
v -0.46378453 0.49991305 0.08807955
v -0.47128201 0.48942014 0.10073848
v -0.45958400 0.48258063 0.07688745
v -0.46538913 0.61353551 0.04780147
v -0.47886402 0.62416443 0.06612754
v -0.48750100 0.65974665 0.05244445
v -1.82349548 -1.55139256 1.31145038
v -1.88000890 -1.57548909 1.27527726
v -1.90269399 -1.59514455 1.31278912
v -1.91165322 -1.55935029 1.17731112
v -0.69172001 1.52820865 0.18575867
v -0.64276836 1.62668655 0.17912259
v -0.66328424 1.52950010 0.17598529
v -0.64095248 1.64721263 0.17921193
v -0.66468675 1.53410483 0.16658865
v -0.81972799 0.54805447 1.05020348
v -0.79512066 0.49485217 1.07723173
v -0.71620101 0.46933946 1.12341647
v -0.72426850 0.42846397 1.08135296
v -0.70149851 0.39767746 1.11920695
v -0.71081483 0.41422897 1.10918263
v -0.81313500 0.48249847 1.07279447
v -0.70655501 0.41665446 1.12850846
v -0.27684399 0.64135060 0.17809151
v -0.24638763 0.63874406 0.17932662
v -0.19435699 0.63997362 0.17561851
v -0.18920237 0.63523289 0.18105556
v -0.18163650 0.62612161 0.19563599
v -1.15890072 0.45248991 0.50126005
v -1.16524804 0.46097857 0.56568248
v -1.12931705 0.47561159 0.45232947
v -1.16432018 0.47098744 0.47328847
v -1.35447896 0.29217751 0.85895343
v -1.34631300 0.20232750 0.90085392
v -1.35352850 0.27386303 0.85637346
v -1.36808747 0.23751352 0.79779743
v 0.32282750 -1.33923129 -0.42032485
v 0.34026599 -1.33781729 -0.43683778
v 0.35981500 -1.33894823 -0.44289183
v 0.24351381 -1.29943184 -0.57125409
v 0.20456378 -1.30500027 -0.50758823
v 0.18893293 -1.30896944 -0.46776845
v 0.20798799 -1.27316827 -0.66356788
v 0.21899700 -1.27249926 -0.67095778
v 0.18665899 -1.27556819 -0.66261480
v 0.27173001 -0.29344747 0.71560483
v 0.14724300 -0.27967697 0.75282484
v 0.20226595 -0.27492385 0.72873070
v 0.22523512 -0.21351834 0.71884373
v -0.01798600 1.23609428 -0.06221901
v -0.00925004 1.22823745 -0.06459518
v 0.00660300 1.20746167 -0.06047443
v -0.01302300 1.19369670 -0.09375839
v -0.57487403 1.76175452 0.12852289
v -0.58892202 1.71962862 0.11814563
v -0.59546050 1.78967212 0.16231269
v -0.56994098 1.77510159 0.10730964
v -0.80478994 0.81953111 0.90916692
v -0.83383900 0.82190249 0.87061854
v -0.79987451 0.77776802 0.92047553
v -0.77936475 0.82596344 0.93062177
v -0.70981488 1.92130967 -0.04488649
v -0.73593700 1.92803068 -0.03655235
v -0.67162800 1.83997067 -0.08923226
v -0.68575901 1.93787165 -0.02806530
v -0.72455299 1.82921263 -0.11929732
v -0.72568186 1.84242687 -0.11555143
v -0.74681501 1.86203768 -0.11010029
v 1.20704707 -1.96675838 1.88537172
v 1.22241700 -1.95670869 1.90821406
v 1.18183652 -1.96935862 1.81044780
v 1.20203501 -1.96967913 1.90498154
v -1.10983396 0.53123952 0.68691149
v -1.12729988 0.52495374 0.68361988
v -1.16511750 0.49401253 0.66747398
v -1.21049595 0.53012056 0.68075648
v -1.21025205 0.55246152 0.67844447
v -1.14630865 0.52705191 0.69124760
v -1.21098900 0.61947853 0.68349848
v -1.22837221 0.67811218 0.30587540
v -1.24221849 0.67801912 0.29394501
v -1.27418953 0.71219710 0.34133151
v -1.13191849 0.57600008 0.32163900
v -1.14016956 0.60105381 0.32598262
v -1.08635674 0.61013680 0.32686137
v -1.07466832 0.60707879 0.30858792
v 0.06109350 -0.34708701 1.00646433
v -0.07902500 -0.40068403 1.09832482
v -0.03068692 -0.37686601 1.06261908
v 0.02279850 -0.34398452 1.01917283
v -1.48063353 1.20881224 0.35907485
v -1.39420950 1.14122760 0.40765158
v -1.45018998 1.16231250 0.39621569
v -1.46732497 1.11334455 0.38862855
v -0.64292300 1.99113518 0.07225773
v -0.65178502 1.98348361 0.05888376
v -0.65207702 1.98138469 0.04937169
v -0.65401602 1.98707562 0.06740877
v -0.66123199 1.97977561 0.04937169
v -0.67022198 1.97657961 0.04974672
v -0.66352201 1.97911218 0.03982249
v -0.67930698 1.98069567 0.03075871
v -0.69492698 1.97680969 0.01240978
v -0.68880397 1.98343665 0.03113970
v -0.75317198 1.99820763 0.02740977
v -0.73121943 1.99778916 0.03341223
v -0.74419099 2.00766665 0.04741571
v -0.76202202 2.02206570 0.05849777
v -0.77108401 2.02550762 0.06768070
v -0.78383899 2.02357965 0.06739674
v -0.77350825 2.02324262 0.07758374
v 1.05541679 -1.57918352 -0.45939887
v 1.12339449 -1.54720130 -0.50870135
v 1.11790652 -1.53024907 -0.50199388
v 1.12122209 -1.45985852 -0.51707984
v -1.05398473 -0.34586003 1.12667313
v -1.01336998 -0.32013854 1.18158433
v -1.01966128 -0.27522655 1.18252109
v -1.08020249 -0.35928953 1.11638033
v -1.13723195 -0.28315654 1.07517734
v -1.13039950 -0.31185590 1.10062846
v -1.14469302 -0.27268454 1.06585134
v -0.87348430 0.63029590 -0.00443845
v -0.88275343 0.67621145 -0.00928271
v -0.82587802 0.56666965 0.00306651
v -0.87348261 0.59631913 0.06655437
v -0.07298899 0.70464656 0.23301235
v -0.06608800 0.84931063 0.18982280
v -0.10294750 0.70942086 0.20754574
v -0.02919000 0.70380362 0.24912053
v -0.12329502 0.78579562 0.18387603
v -0.15774375 0.82289363 0.16335776
v -0.28764424 0.75060935 0.31936376
v -0.27915920 0.74140725 0.31778779
v -0.30399501 0.73615762 0.27739251
v -0.29259751 0.72921710 0.29578774
v -0.26305199 0.72226460 0.32378453
v -0.29331300 0.72030260 0.25967750
v -0.30111111 0.73651346 0.23385207
v -0.32251501 0.76288959 0.25088954
v -0.30117250 0.73788436 0.22299126
v -0.56038651 0.50490989 0.09627523
v -0.56327585 0.50982980 0.09791283
v -0.55143401 0.52988363 0.09961244
v -0.58044651 0.53314715 0.08550045
v -0.56116599 0.56281167 0.08490846
v -0.56568551 0.57832413 0.08000097
v -1.23618263 0.76496364 0.77639878
v -1.25454123 0.86982364 0.75947466
v -1.25756766 0.76558079 0.75928627
v -1.17514598 0.72421100 0.81881851
v -1.37445861 1.59732021 0.64972860
v -1.36641389 1.63792567 0.67908605
v -1.34966099 1.53697261 0.61379065
v -1.40044725 1.56821533 0.63649865
v -1.23955654 0.44394755 0.47168306
v -1.24246685 0.44489345 0.43217684
v -1.22678494 0.44832755 0.50557346
v -1.26693451 0.44411958 0.46769596
v 0.08712400 -0.12198649 0.84455836
v 0.07878750 -0.27029649 0.87732434
v 0.07728200 -0.13019850 0.85180137
v 0.12567001 -0.26677866 0.86717862
v 0.07105700 -0.12860249 0.85481635
v 0.07048000 -0.12861549 0.85474638
v 0.13437399 -0.28292250 0.87267534
v -0.66081661 1.55738709 0.03151585
v -0.63568699 1.47856164 0.02433265
v -0.63903348 1.60342538 0.04598793
v -0.68112826 1.53013639 -0.01368333
v -1.21859097 0.62026450 0.93439699
v -1.20551764 0.59277667 0.91766514
v -1.20805424 0.57138550 0.93040548
v -1.19847596 0.53937349 0.93830047
v -1.19112098 0.53729847 0.92827648
v -1.20755196 0.53089651 0.94687748
v -1.23410004 0.57092303 0.76812199
v -1.24786142 0.55227893 0.78917066
v -1.26645696 0.51252853 0.78012448
v -0.26157524 1.30053390 0.14288837
v -0.36540851 1.33282659 0.16203458
v -0.37203117 1.31208258 0.17289967
v -0.33370913 1.37058447 0.09698953
v -0.41197431 1.38312387 0.12767789
v -0.47265967 1.36761645 0.14411474
v -0.25321200 1.39097660 0.06989860
v -0.34270624 1.26797082 0.20170472
v -0.34602499 1.42820865 0.04831064
v -0.01443922 0.71969314 0.28276830
v -0.03113150 0.79567687 0.24007326
v -0.03726200 0.75416562 0.23273349
v 0.05079363 1.00736502 0.17097603
v -0.02215850 0.71601234 0.26886725
v -0.03343000 0.77345064 0.23260654
v -0.03202200 0.79017362 0.23147650
v 0.00180703 1.06902550 0.20444039
v -0.04502625 1.02309361 0.18061420
v 0.00721200 1.08286360 0.19937956
v -0.78908793 0.57343261 1.06278029
v -0.78445528 0.58976367 1.03712374
v -0.68300852 0.71647797 1.05439201
v -0.81672950 0.59201849 1.00342949
v -1.09156357 -0.39208742 1.17846838
v -1.11720509 -0.35578575 1.14818753
v -1.10773075 -0.33613852 1.10646683
v -1.16634622 -0.29570554 1.13105084
v 0.01016000 -0.58229133 -0.18842576
v 0.01691850 -0.59927180 -0.31661318
v -0.01636222 -0.59100494 -0.24005673
v -0.02686475 -0.58813580 -0.25064121
v -1.54767315 -0.55459031 0.14926726
v -1.55856973 -0.55101211 0.19124655
v -1.47684801 -0.56365837 0.09600832
v -1.54425174 -0.56805860 0.09293004
v -2.24161600 -1.63393924 1.40286827
v -2.19641406 -1.70972214 1.40165725
v -2.26675451 -1.64143785 1.38389036
v -2.21473151 -1.64776780 1.38510761
v -2.20733051 -1.62949133 1.38540059
v -2.19428349 -1.61860432 1.37218736
v -2.17582788 -1.75013663 1.40487100
v 0.59757251 -1.50348550 -0.35304535
v 0.71610600 -1.56100481 -0.37166884
v 0.57127813 -1.49952279 -0.34113911
v 0.68419403 -1.44416927 -0.38679589
v -1.84385553 -1.85197191 1.88763208
v -1.92779049 -1.89643714 1.83996082
v -1.87905955 -1.86412852 1.87091814
v -1.94540954 -1.81090367 1.81634759
v 0.70827294 -1.65785599 0.12659871
v 0.69323498 -1.65835340 0.14016111
v 0.74087000 -1.54704339 0.09697709
v 0.75805776 -1.66586287 0.12981535
v -1.38721086 1.26552011 0.15537249
v -1.41735899 1.33148565 0.24992458
v -1.37676346 1.35994085 0.26830612
v -1.39423309 1.32548194 0.22872025
v 0.71485001 -1.64205314 -0.92307989
v 0.74980497 -1.62876715 -0.89635984
v 0.80719399 -1.59329620 -0.84843985
v 0.80347300 -1.63031819 -0.86918179
v -1.88251996 -1.51888859 1.09268913
v -1.89088526 -1.48572577 0.98010564
v -1.91025212 -1.50077511 1.02312910
v -1.92534649 -1.49773697 0.98734413
v -0.92431726 -0.34582080 1.20660008
v -0.89579580 -0.30630486 1.18381702
v -0.99855089 -0.35567728 1.19252370
v -1.00700864 -0.36399030 1.18968007
v -0.87061399 -0.27275754 1.17761434
v -1.00526595 -0.31930955 1.18646933
v -0.84228327 1.20573442 0.40381038
v -0.84927699 1.15062862 0.41707606
v -0.79180887 1.23144523 0.35652859
v -0.85359901 1.25990856 0.36955962
v -0.78847149 1.27443810 0.32295811
v -0.75784679 1.26153455 0.32477432
v -0.72821701 1.27861859 0.28770760
v -0.19441800 0.64912859 0.17753349
v -0.20448560 0.65864092 0.16184068
v -0.22578725 0.65408612 0.15146373
v -0.22990150 0.68394789 0.14031797
v -0.45851397 1.26400284 0.25860525
v -0.45398501 1.24671163 0.27722862
v -0.42487749 1.23562261 0.26581808
v -0.49592301 1.35416762 0.15402256
v -0.53490739 1.30668970 0.22630662
v -0.58345601 1.31817916 0.22738593
v -0.55865702 1.32839862 0.21399261
v -0.55229747 1.33974725 0.19808462
v -0.58747495 1.31816588 0.22809574
v -0.59309700 1.37174062 0.17696612
v -0.52945023 1.39124745 0.14089679
v -0.43986699 1.39407067 0.12191962
v -0.60493302 1.41750162 0.10510659
v -0.60685903 1.40715961 0.11314964
v -0.62460950 1.41133313 0.11831414
v -0.60721701 1.40057068 0.12135660
v -0.70214498 1.91115697 0.08890978
v -0.73446751 1.90797262 0.11342623
v -0.66125975 1.88527513 0.12490298
v -0.69389650 1.91937565 0.06567766
v -0.32445677 0.71246640 1.10885123
v -0.33650650 0.70702821 1.11247926
v -0.30030900 0.72135145 1.06919551
v -0.27911399 0.69479995 1.13377900
v -1.15751505 -0.28441253 1.08236534
v -1.24368650 -0.25157803 1.09627335
v -1.17649190 -0.26374598 1.07392942
v -1.14588600 -0.26370054 1.06269434
v -0.22182000 1.36192362 0.10429762
v -0.22645112 1.24591300 0.20706948
v -0.10480900 1.35318361 0.12232260
v -0.07807662 1.29298803 0.16313443
v -0.18638805 1.30229554 0.18439756
v -0.24018800 1.37367063 0.08690165
v -0.05704100 1.33570866 0.13747559
v -0.04110700 1.33695464 0.14118765
v -0.03141697 1.30442300 0.14714521
v -0.01128425 1.30107186 0.16753612
v -0.50696300 0.72214529 1.13576393
v -0.50620149 0.69818847 1.19184500
v -0.47700775 0.72623648 1.11351526
v -0.51541701 0.72493395 1.13125226
v -0.14098847 -0.25858438 1.55824734
v -0.14968225 -0.25822062 1.56034684
v -0.09505500 -0.26187761 1.55707533
v -0.12316400 -0.25970360 1.53028483
v -1.11014078 0.51599743 0.45703201
v -1.10994601 0.52907758 0.47072145
v -1.12721895 0.47703394 0.49288097
v -1.09282464 0.51509739 0.41803540
v -0.08593623 -0.59234802 -0.29739322
v -0.06322900 -0.59652877 -0.30292372
v -0.07711413 -0.58859192 -0.25573823
v -0.14920600 -0.60566628 -0.28968166
v -0.83966550 0.55703599 1.03767948
v -0.84245675 0.56561992 1.02827687
v -0.86628151 0.57314048 1.03238799
v -0.83000350 0.59222250 0.99421049
v -0.84359401 0.62064048 0.95408149
v -0.86439478 0.72182182 0.86113492
v -0.85227619 0.71021252 0.87226270
v -0.86262798 0.76813553 0.86893151
v -0.89091174 0.74930150 0.87437777
v -0.53402501 -0.18254357 1.31215436
v -0.51559673 -0.15903837 1.31527134
v -0.49165352 -0.11851157 1.31744137
v -0.50423202 -0.16117757 1.28642636
v -0.45462000 -0.08123957 1.30363238
v -0.44559500 -0.07457857 1.29889137
v -0.46519399 -0.08484957 1.31301738
v -0.70902002 1.50880961 0.13307763
v -0.72583801 1.51556460 0.14931966
v -0.69772899 1.50131361 0.11482562
v -0.65410113 1.44118888 0.09644777
v -0.66043867 1.50589142 0.07387378
v -0.64393224 1.56671464 0.05029841
v -0.66823676 1.53409658 0.15899190
v 0.60274303 -1.46553426 -0.73870088
v 0.60206699 -1.46964721 -0.76078690
v 0.60418802 -1.47448222 -0.78272690
v 0.58401901 -1.48318319 -0.78147687
v 0.07286500 0.38376062 0.10146147
v 0.08579975 0.37519540 0.02269891
v 0.08098099 0.37688620 0.03840354
v 0.07542600 0.38615762 0.11833340
v 0.06152400 0.38431864 0.11428350
v 0.05524587 0.37325915 0.02058270
v 0.09182800 0.38921414 0.14130199
v -0.89504288 0.65604710 0.97543210
v -0.89460450 0.71954027 0.90391826
v -0.85390502 0.59828349 0.98819349
v -0.91732951 0.62884898 1.01587374
v -0.90905796 1.01093290 0.43620732
v -0.99169302 1.00329256 0.42743556
v -0.87473649 0.99574109 0.46372531
v -0.91219912 1.04555894 0.42959857
v 0.04013247 0.36931872 0.00003272
v 0.04432902 0.36592006 -0.02831844
v 0.03020850 0.35948266 -0.03773910
v 0.07483750 0.36752416 -0.03790403
v -0.77154800 1.91207163 0.14191123
v -0.80922357 1.91113522 0.15288915
v -0.83103648 1.93552910 0.13723200
v -0.93494448 1.86232363 0.13671674
v -0.91102040 1.85492187 0.14610009
v -0.86783175 1.83027665 0.15627392
v -0.62484425 1.80168288 0.19545838
v -0.66355851 1.80441121 0.19286257
v -0.62583601 1.65954165 0.15994368
v -0.60537300 1.79299311 0.15941769
v -1.52528313 -0.89280076 0.98561621
v -1.53163648 -0.90132053 0.99120273
v -1.47542405 -0.87960254 1.04208224
v -1.51756302 -0.89345500 0.91470723
v -1.45791996 -0.87826555 1.02120524
v -1.46716201 -0.87759553 1.03278824
v -1.46245199 -0.87375855 1.06647524
v -1.25954563 0.54247674 0.96038255
v -1.26012874 0.55784187 0.96810148
v -1.30449298 0.60104326 0.96737548
v -1.27947049 0.56612290 0.96663907
v -1.26550597 0.53439447 0.95488498
v -1.27126948 0.56784667 0.93445998
v 1.31322479 -2.02033706 1.92676141
v 1.28523445 -2.03061225 1.92365254
v 1.33000004 -2.01362957 1.89906902
v 1.32374799 -2.00533869 1.93674804
v -0.66553725 1.10741849 0.33115945
v -0.55122689 0.99873692 0.34395217
v -0.53372883 0.97498763 0.35181393
v -0.49946512 1.00125036 0.31639793
v -0.77211601 1.99591166 0.02922675
v -0.78944743 1.95953137 0.00935182
v -0.84800699 1.91361616 0.00830870
v 0.11943767 0.41982578 0.32871189
v 0.11420625 0.41824910 0.31992745
v 0.11902200 0.42607058 0.35548646
v 0.13337301 0.41684160 0.34590644
v -1.18299150 -0.39352614 1.73381181
v -1.17163712 -0.39742601 1.65869658
v -1.17338202 -0.39320459 1.68944930
v -1.15596199 -0.38962765 1.70455032
v -0.20634501 0.85253068 -0.10320852
v -0.21701600 0.85500469 -0.11085544
v -0.19370601 0.85493466 -0.11680851
v -0.20918006 0.81062317 -0.06476427
v -0.15863272 0.78675065 -0.02748124
v -0.14844050 0.73076166 -0.01862800
v -0.11655700 0.71584018 -0.09384501
v -1.25022571 0.57306010 1.10293892
v -1.28301698 0.51857949 1.04625698
v -1.20856148 0.59971446 1.09269749
v -1.23689596 0.52502624 1.05992166
v -1.22596449 0.50020622 1.06000022
v 0.48182650 -1.47473273 -0.81599535
v 0.44371250 -1.40548322 -0.81555933
v 0.47368064 -1.42217562 -0.81694985
v 0.51227938 -1.35235783 -0.85348293
v -1.09890151 0.69094600 0.90969199
v -1.08729798 0.74183650 0.85321051
v -1.10115501 0.71758040 0.87837410
v -1.13647550 0.71129952 0.88090601
v -0.16070417 0.46715704 0.84938258
v -0.10730996 0.40036141 0.87665683
v -0.11674950 0.37319474 0.89599521
v -0.10716250 0.47718951 0.84565997
v -0.13975200 0.50451051 0.82760148
v -0.10162191 0.36226416 0.89949963
v -0.17677200 0.46595449 0.88655548
v -0.09783200 0.35381350 0.90521144
v -0.60751501 -0.39015664 1.74175184
v -0.59063761 -0.38067442 1.73687084
v -0.54721776 -0.37171839 1.72503071
v -0.60729800 -0.34930039 1.71730357
v 0.67789369 -1.48550660 -0.81340358
v 0.68756950 -1.47449670 -0.80263586
v 0.65159702 -1.50717023 -0.82908787
v 0.69267702 -1.49618116 -0.83168592
v -1.28983572 0.47781473 0.97063372
v -1.27423084 0.48208218 0.93744187
v -1.30277503 0.48296550 0.91624646
v -1.23960102 0.48595351 0.93819146
v -0.32581401 0.81990159 0.39854355
v -0.47544179 0.92592510 0.38956958
v -0.44051108 0.89504429 0.38387938
v -0.36004975 0.80949309 0.35550652
v -0.87145823 0.56078093 0.07461250
v -0.87550999 0.57258863 0.09668297
v -0.86775500 0.56501466 0.05199549
v -0.86620598 0.51809515 0.05395147
v -1.35769904 1.80224150 0.77301070
v -1.34980398 1.77967852 0.77247669
v -1.36098748 1.80744653 0.77642970
v -1.35090053 1.72223598 0.74635719
v -1.35867634 1.74508426 0.74239733
v -1.37897713 1.72672139 0.72700318
v -1.27251601 1.20030415 0.02206831
v -1.28447374 1.18273967 0.03958981
v -1.27567872 1.21170814 0.05275807
v -1.27963996 1.07673013 0.03960955
v 0.06167050 -0.60903480 -0.35097371
v 0.06641150 -0.65182080 -0.35918772
v 0.01512600 -0.59918529 -0.32675670
v 0.03441996 -0.60234673 -0.34255306
v -0.44352201 -0.21113760 1.51774736
v -0.44701735 -0.23001179 1.55902945
v -0.43418899 -0.23889761 1.58890136
v -0.46282518 -0.22524662 1.50364906
v -0.47787401 -0.22951159 1.49355336
v -0.47770751 -0.23575960 1.52788384
v -0.58734652 0.63835965 -0.01954402
v -0.60519955 0.60604467 -0.00703479
v -0.61138400 0.58732067 -0.01948401
v -0.60511699 0.59634716 0.00127498
v -0.60484460 1.85829090 -0.06570662
v -0.59480703 1.85803862 -0.04997234
v -0.62985076 1.88011392 -0.06884106
v -0.61818302 1.80316266 -0.07998925
v -1.34882336 0.80654107 0.26596016
v -1.33522606 0.82191762 0.23151155
v -1.37422851 0.80059761 0.27008453
v -1.33373052 0.79689260 0.29964904
v -1.28853106 1.43037191 0.75564050
v -1.27404553 1.32392955 0.73546811
v -1.28321942 1.40170333 0.73969925
v -1.30084516 1.39672342 0.72754625
v 0.51753801 -1.45635123 -0.60215081
v 0.54170400 -1.45644122 -0.67308284
v 0.52671322 -1.46006351 -0.65737834
v 0.52568926 -1.47096099 -0.67803264
v 0.55602098 -1.44136521 -0.50690580
v 0.56084701 -1.43984475 -0.51823885
v 0.55331798 -1.44152850 -0.47160284
v 0.54603201 -1.44526424 -0.53705586
v -0.58619033 0.57686449 -0.00099707
v -0.58341900 0.58187065 -0.01470950
v -0.59136251 0.58129240 0.00060496
v -0.59069002 0.56712366 0.01043353
v -0.59297699 0.55758465 0.01275346
v -0.59832102 0.56813765 0.02562747
v -0.03656100 -0.11033352 1.04222337
v -0.01890032 -0.11047871 1.03236110
v 0.01155200 -0.11175202 1.02332736
v 0.01563400 -0.10965377 1.00573437
v -1.17451203 0.49799559 0.35487946
v -1.19894287 0.48375511 0.34978042
v -1.22557095 0.47337661 0.30940595
v -1.21112083 0.46154727 0.38887334
v -1.29249236 1.15905669 0.52491808
v -1.29417777 1.11922854 0.55570803
v -1.28468394 1.06646952 0.56247854
v -1.31894351 1.17563987 0.51461566
v -1.33101723 1.16254527 0.51716833
v -1.34697104 1.22033761 0.52871861
v -0.08354725 0.73861268 -0.05022696
v -0.13482350 0.72912891 -0.02593973
v -0.10103506 0.71883835 -0.09110387
v -0.09872041 0.73016677 -0.05919787
v 0.10004075 1.47984798 0.21737540
v 0.00363550 1.38321863 0.15105363
v 0.04019669 1.41151015 0.18929454
v 0.01552625 1.35873062 0.18152388
v -0.19602282 0.72010300 0.88450974
v -0.20328600 0.71538503 0.85593350
v -0.19420899 0.72162351 0.90203151
v -0.14292738 0.69243252 0.80283162
v -0.12443225 0.66974728 0.76559000
v -0.12636278 0.68444655 0.78716814
v -0.11187100 0.68134303 0.78206250
v 0.15405138 0.60407793 0.68064560
v 0.17754000 0.63118254 0.66291949
v 0.14823650 0.60967031 0.65937025
v 0.14618602 0.62101401 0.64009309
v 0.13529950 0.62116103 0.63308499
v 0.08921300 0.55865957 0.62628850
v 0.15282799 0.57558251 0.71025548
v 0.09939761 0.57101505 0.64783809
v 0.09834200 0.52071153 0.61749049
v 0.10350700 0.51785955 0.62190347
v 0.09843500 0.52170056 0.60878148
v -0.47206443 0.50073919 -0.00265748
v -0.47056056 0.50219300 0.02718758
v -0.46144149 0.48534365 -0.02895002
v -0.46520659 0.60176232 -0.04866094
v -0.46613199 0.62473269 -0.04878356
v -0.46685600 0.56395418 -0.05230640
v -0.96024400 -0.42540062 1.57413131
v -0.94633800 -0.42590361 1.55502830
v -0.88361102 -0.42229162 1.54769932
v -0.90101498 -0.42669360 1.53347932
v -0.91260700 -0.42932384 1.49003556
v -0.93447000 -0.42572062 1.54458131
v -0.99272452 -0.43395735 1.50131857
v -0.97253535 -0.43480797 1.46838577
v -0.98553005 -0.43886579 1.40323861
v -0.99142975 -0.43933584 1.43789432
v -0.95647426 -0.43524833 1.41673806
v -0.82548306 -0.42648213 1.50033666
v -0.82721448 -0.42858209 1.50274731
v -0.80951703 -0.42198059 1.47877531
v -0.79459101 -0.42155961 1.50008531
v -0.99481151 -0.44219909 1.39187381
v -0.06216200 -0.11543521 1.03631455
v -0.01539100 -0.11963652 0.99913337
v -0.01396338 -0.11501944 1.00241712
v 0.00163400 -0.11060452 1.00147637
v -1.26596934 1.28964927 0.78313062
v -1.26502848 1.25402003 0.77165485
v -1.29122651 1.36434852 0.78737562
v -1.30066502 1.36136048 0.79287262
v -1.29300594 1.34951346 0.79337661
v -1.31129706 1.36285954 0.79280360
v -0.12274002 0.74371338 0.90165973
v -0.12770800 0.75914125 0.93647451
v -0.12145800 0.73951749 0.87385252
v -0.10234000 0.72613750 0.88507950
v 0.06089100 0.42884557 0.50738747
v 0.09899425 0.42826157 0.50172169
v 0.03915200 0.43214757 0.51200647
v 0.08482200 0.42369758 0.48652745
v 0.05583400 0.42381056 0.48385847
v 0.05032000 0.42188658 0.46818346
v 0.08389900 0.42050659 0.46459848
v 0.04981700 0.41999357 0.45589144
v 0.02179200 0.42825557 0.48350246
v -1.14717037 0.97437054 0.06900562
v -1.13644147 0.96756115 0.07354806
v -1.16475201 0.94772564 0.09659950
v -1.13856399 0.98748162 0.04812757
v -0.60600299 0.63955462 0.03056954
v -0.60599683 0.63692081 0.02271938
v -0.60248849 0.64338217 0.00651650
v -0.60789850 0.61819315 0.01393650
v -0.86341640 1.29821729 0.34433147
v -0.87523301 1.27954609 0.36247811
v -0.85798325 1.37299059 0.31202186
v -0.79437801 1.31751009 0.28072260
v -1.31078250 -0.56102127 0.13186929
v -1.28883025 -0.56109986 0.08259632
v -1.30332226 -0.55594514 0.13625704
v -1.37417346 -0.55707936 0.13170876
v -0.80334578 1.51599906 0.07102513
v -0.80283776 1.53535243 0.11428116
v -0.79430401 1.49856967 0.00287367
v -0.81585097 1.47289569 0.00379861
v -1.39072768 1.76746612 0.77327542
v -1.40165262 1.78604177 0.79122706
v -1.40252697 1.71614653 0.73043667
v -1.37861533 1.82010506 0.78856932
v -0.56946403 1.78171759 0.08848065
v -0.57232236 1.77625175 0.04439030
v -0.56569575 1.77386934 0.07261343
v -0.56520551 1.76091665 0.07208472
v -1.37059903 1.50720205 0.59968362
v -1.35499948 1.51407022 0.60299478
v -1.34764857 1.47561369 0.54911757
v -1.36586201 1.44466609 0.52935522
v -1.36079103 1.40900757 0.47729814
v -1.38917452 1.42215452 0.52762663
v 0.19302175 0.42210697 0.33506571
v 0.15814925 0.42255537 0.35075855
v 0.14434400 0.40879459 0.32640046
v 0.13537250 0.42946359 0.36723746
v -0.14995001 0.53916660 0.37519198
v -0.14782733 0.53508731 0.37203377
v -0.12832400 0.53307057 0.38532546
v -0.14858501 0.53641058 0.36062148
v -0.15050600 0.53661061 0.34739551
v -0.15782601 0.53699959 0.34292146
v -0.16499799 0.53879661 0.33380750
v -0.16267700 0.53955562 0.34255948
v 1.33469701 -1.65706646 0.39333208
v 1.31042134 -1.64785641 0.41884671
v 1.25074595 -1.64345194 0.44585611
v 1.31990099 -1.65029741 0.42474513
v -1.37960100 1.95797550 0.81337972
v -1.38443005 1.99482553 0.82183972
v -1.37640595 1.99183350 0.82567972
v -1.39369702 2.00240557 0.81911573
v -1.37494063 1.91363848 0.81230583
v -1.36899251 1.89019250 0.80725370
v -1.37043464 1.85861462 0.80415476
v -1.37534904 1.85484653 0.79991270
v -1.35689497 1.85735600 0.80465670
v -1.38382995 1.84757047 0.79027469
v -1.38405597 1.85485547 0.78215269
v -1.38999498 1.83003753 0.79087470
v -1.26054053 0.80089081 0.61636829
v -1.28586197 0.88109758 0.59566155
v -1.26742023 0.76593393 0.60651276
v -1.23532388 0.82110430 0.60744001
v -0.63541963 1.35669623 0.21614432
v -0.67594326 1.38206464 0.21902387
v -0.64998502 1.32625260 0.25487463
v -0.61149099 1.35771016 0.19603510
v -0.73764598 1.39199367 0.24487763
v -0.76885599 1.41014161 0.25139760
v -0.60991850 -0.36957464 1.73102283
v -0.62452273 -0.40115216 1.72206108
v -0.63257951 -0.39881963 1.68254532
v -0.62207699 -0.34363465 1.70544630
v -0.62384897 -0.32886563 1.70451432
v -0.63371003 -0.40318464 1.73556333
v -0.14263525 0.52077676 0.83517572
v -0.14163581 0.52643146 0.83453858
v -0.14442300 0.53484501 0.82378947
v -0.13903999 0.53984950 0.84122848
v -0.15245099 0.54768853 0.81441748
v -0.15782650 0.56796553 0.77465098
v -0.16536200 0.57644355 0.78205449
v -0.16248000 0.57577853 0.80364848
v -0.17633200 0.59412354 0.76043749
v -0.17213150 0.58843702 0.77856598
v -0.17708151 0.59304990 0.76307069
v -0.18304349 0.63050052 0.75491801
v -0.19594800 0.65557551 0.75722750
v -0.19384800 0.66376752 0.74307950
v -0.19472000 0.67542953 0.72849249
v -0.74019071 0.77915823 1.15469317
v -0.72229075 0.79000709 1.13881114
v -0.77326813 0.78279659 1.14550502
v -0.76003301 0.74088447 1.17662351
v -1.19234204 0.68072255 0.67880549
v -1.19192600 0.61322255 0.67646048
v -1.17312002 0.61465151 0.67716749
v -1.19240701 0.55303354 0.67133149
v -0.47528101 -0.12136956 1.26021536
v -0.46619223 -0.11148054 1.25123027
v -0.46316299 -0.13059356 1.24815437
v -0.44390199 -0.07348055 1.23884538
v -1.25678948 1.07898009 0.45455919
v -1.24114153 1.06326902 0.43899368
v -1.19044101 1.02415555 0.43227755
v -1.20325005 0.99136758 0.41313754
v -0.99963512 0.72386147 0.35565977
v -1.01291461 0.73086398 0.35066492
v -1.01414338 0.72200184 0.39590926
v -1.02346443 0.73171193 0.40665742
v -1.03420211 0.69946847 0.37707413
v -1.26803640 0.66525443 1.02719273
v -1.26700026 0.71904047 1.00093676
v -1.28508049 0.64338996 1.00654250
v -1.25574154 0.65999747 1.03584750
v -0.23989402 1.39360058 -0.00543957
v -0.24361726 1.40399942 0.00374537
v -0.23966300 1.37070621 -0.01189787
v -0.25242075 1.38114063 -0.03210036
v -0.25031825 1.35183193 -0.04567541
v -0.25255168 1.35905966 -0.02876203
v 0.20487062 0.54066615 0.71328997
v 0.15845776 0.50170750 0.66931798
v 0.15195650 0.47907004 0.67492197
v 0.10843800 0.50265755 0.62609847
v 0.16860945 0.57269412 0.72927594
v -0.78619222 -0.56673636 -0.04971109
v -0.81026924 -0.56367734 -0.03580869
v -0.70493400 -0.57479535 -0.05925975
v -0.75426099 -0.57342158 -0.08319772
v -1.01873803 0.70388758 0.41671949
v -1.05486000 0.65775005 0.49459400
v -1.05440528 0.64796647 0.46838119
v -1.03993775 0.62494120 0.46537849
v 0.08497268 -0.11029943 0.96428050
v 0.07546050 -0.10923501 0.96786237
v 0.11370800 -0.11102751 0.92876337
v 0.10078600 -0.10210450 0.94957037
v 0.03458100 1.35830610 0.08973609
v 0.00438134 1.35544521 0.11234651
v -0.00211400 1.37232666 0.13039266
v -0.00427350 1.34081363 0.10109560
v 0.40349212 1.70059560 0.23667295
v 0.40338825 1.68457690 0.23356668
v 0.42444451 1.70578363 0.25908266
v 0.37937588 1.71351302 0.22142469
v 1.22934590 -1.86177124 1.48167864
v 1.29152101 -1.87400913 1.46515057
v 1.18344450 -1.86246709 1.49316583
v 1.25674152 -1.85248709 1.46048307
v -1.63170695 -1.39385550 0.65014416
v -1.64101036 -1.39290429 0.62621888
v -1.66344500 -1.39850048 0.60579216
v -1.65440798 -1.37889048 0.57123515
v 1.56841600 -1.65193492 0.36670612
v 1.53675479 -1.66485320 0.34171484
v 1.51049677 -1.67795292 0.27420637
v 1.51828198 -1.68748078 0.35009036
v -2.06099102 -1.78180311 1.52591901
v -2.07449400 -1.75843561 1.50414659
v -2.02003974 -1.75161285 1.52859659
v -2.06636298 -1.83123113 1.53645408
v -0.29234067 0.67269581 0.13342547
v -0.29527399 0.66547762 0.10075854
v -0.27268650 0.66346712 0.12920599
v -0.29551399 0.66901360 0.14133047
v -0.64367151 1.98045867 0.05641821
v -0.60313861 1.91721665 0.02390436
v -0.62603163 1.95145893 0.03840430
v -0.58448664 1.88730459 -0.00902545
v -0.62275027 1.91253314 -0.01380403
v -0.56480251 1.85834814 -0.02040580
v -0.56977803 1.84776969 -0.04124027
v -0.57868052 1.85207267 -0.04587029
v -0.56854600 1.83879168 -0.04295831
v -1.14652449 0.68759909 0.40532749
v -1.12665618 0.70300464 0.41675025
v -1.14058736 0.71486746 0.44407663
v -0.61323249 1.86120066 0.02372197
v -0.63492196 1.87975250 0.05707584
v -0.63361299 1.90275365 0.06788774
v 0.33587599 -0.80842064 1.68772028
v 0.35848200 -0.81060562 1.67686228
v 0.38967401 -0.81345866 1.67129723
v 0.34337100 -0.81134663 1.66349325
v 0.49159899 -1.49195521 -0.75274386
v 0.50402347 -1.49159446 -0.78253181
v 0.52885300 -1.48014919 -0.79807784
v 0.49222401 -1.49266318 -0.79283382
v 0.13707000 0.38565864 0.12530345
v 0.13561800 0.38343962 0.11033541
v 0.14486600 0.38815062 0.14081842
v 0.09641425 0.38518288 0.10263071
v 0.10948651 0.38219274 0.09406714
v 0.08555200 0.37432865 0.03036541
v -0.17894747 0.81849900 -0.15067034
v -0.18684350 0.85617644 -0.16748474
v -0.16152600 0.78009619 -0.16369700
v -0.20417700 0.86397168 -0.12909047
v -0.13943100 0.94441864 0.20499656
v -0.14215400 0.94210664 0.20160106
v -0.13330001 0.95122364 0.20500753
v -0.14116900 0.95050261 0.20947657
v -0.14319099 0.93512062 0.18891356
v -0.13266456 0.93989634 0.17380812
v -0.18526600 0.88250586 0.16695429
v -0.12077600 0.94335161 0.16133255
v -0.18877778 0.86992852 0.15422238
v -0.19152850 0.84558214 0.14501103
v -1.29919812 1.43172489 0.78520163
v -1.30724798 1.44524010 0.79665482
v -1.31117904 1.49155658 0.78197063
v -1.32022446 1.45651101 0.79177013
v -1.31141496 1.50918954 0.77912463
v -1.27139045 0.60757492 0.96211827
v -1.26082975 0.58331175 0.95462448
v -1.26640403 0.61863300 0.95944199
v -1.29405904 0.63151350 0.98903949
v -0.09993701 -0.27677414 1.46172427
v -0.08347500 -0.28389759 1.44163784
v -0.11095450 -0.26213909 1.51405483
v -0.10319400 -0.28617560 1.37952434
v -0.14556301 -0.27506458 1.40045234
v -0.10288600 -0.29322956 1.34288534
v -0.11308000 -0.28582858 1.37744034
v -0.13973799 0.26961849 0.97491243
v -0.15461493 0.28319011 0.94564961
v -0.15335500 0.29534849 0.93756744
v -0.13943100 0.30126050 0.93342444
v -0.15555599 0.27367949 0.94600144
v -0.13401400 0.30621900 0.92675094
v 0.00909900 0.39709862 0.10834951
v 0.00663300 0.39234465 0.07269746
v 0.01633800 0.39281663 0.06059343
v 0.00276900 0.39117664 0.05880946
v -1.06235498 1.24065059 0.42102360
v -1.05705699 1.23918716 0.42019277
v -1.04640400 1.25485557 0.38886911
v -1.00183699 1.16927408 0.43829460
v -0.98826402 1.19244909 0.40836959
v -1.00824073 1.18627078 0.43690046
v 1.35458547 -1.63830081 -0.10590790
v 1.35711413 -1.63025555 -0.12272848
v 1.36679804 -1.63349238 -0.15276591
v 1.35177150 -1.60694835 -0.13048238
v -1.25657494 0.50822293 0.98580591
v -1.21853006 0.53305348 0.95564648
v -1.22886395 0.54819151 0.95561348
v -1.23376501 0.57783100 0.94002723
v -1.22143824 0.57349820 0.93745163
v -1.20016599 0.56689152 0.92924248
v -1.08810076 0.50719011 1.05184022
v -1.09514719 0.52133535 1.03090876
v -1.09053147 0.54823299 0.99543148
v -1.13243800 0.52146498 1.00654398
v -0.90507853 1.89150168 0.06766838
v -0.91697699 1.88485568 0.10587175
v -0.85703650 1.93797666 0.04919221
v -0.90522575 1.87641063 0.05901272
v 0.29523193 -1.30627784 -0.57815025
v 0.31155500 -1.31481530 -0.54134135
v 0.38743800 -1.31449027 -0.60177683
v 0.28611112 -1.30164733 -0.59151222
v 0.37550700 -1.31164629 -0.60982989
v 0.36899999 -1.30676026 -0.62031089
v -0.46584025 0.59859739 0.00836871
v -0.46530800 0.57238343 -0.03108000
v -0.46486650 0.63939114 0.03102998
v -0.46622976 0.54613466 0.00414973
v -1.09777904 0.69614556 0.62148451
v -1.09266198 0.69490054 0.58032750
v -1.09945096 0.70474977 0.59033590
v -1.09771073 0.72672330 0.56733002
v -1.05528974 0.71832094 0.53388454
v -1.05079305 0.73767559 0.51729852
v -1.06989998 0.69062555 0.54771202
v -0.82637125 1.84900190 -0.03646382
v -0.81629177 1.84816780 -0.07031519
v -0.76164299 1.87707266 -0.10493331
v -0.81908175 1.82756164 -0.08503755
v -1.13604725 0.63053980 0.68336563
v -1.15985301 0.60971477 0.68228224
v -1.10974777 0.62795029 0.68740225
v -1.21136999 0.47690454 0.57323344
v -1.24711299 0.48334557 0.58032747
v -1.18408203 0.48180356 0.59944047
v -1.16771102 0.47590854 0.59211148
v -1.15473104 0.47500056 0.59048249
v -1.18940926 0.46374630 0.55761796
v -0.15927100 0.72850957 0.57879454
v -0.19154979 0.76047563 0.56307953
v -0.20736200 0.77452730 0.55134100
v -0.19254250 0.76450204 0.59959001
v -1.05893600 0.94953959 0.46201954
v -1.08678067 0.94506791 0.47216805
v -1.11296436 0.92769595 0.48672079
v -1.04081905 1.00659959 0.47090553
v -0.17078250 -0.21274852 1.04349385
v -0.16847207 -0.18515116 1.03175342
v -0.15758200 -0.17404827 1.03560511
v -0.18241900 -0.21722752 1.01087435
v 0.41222270 1.61717205 0.26215774
v 0.39921600 1.61084165 0.28017065
v 0.42037600 1.62690111 0.25898266
v 0.40492800 1.61421266 0.25140163
v -1.90913102 -1.46411347 0.89584888
v -1.89793238 -1.46373482 0.88202675
v -1.88616699 -1.46719005 0.86462315
v -1.84938395 -1.47238453 0.84018813
v 0.17746588 -1.26470949 -0.73308211
v 0.11396400 -1.23413423 -0.80164484
v 0.13066318 -1.25257419 -0.75975334
v 0.10392000 -1.24549620 -0.76751182
v -1.16190463 0.69624088 0.91538006
v -1.15596604 0.64770450 0.96959150
v -1.17180002 0.66163047 0.98224050
v -1.16890294 0.68011440 0.93002675
v -1.42856657 2.16411526 0.84237793
v -1.41379339 2.19316892 0.84008437
v -1.42164397 2.12472753 0.82739174
v -1.40425897 2.13572554 0.85709375
v -0.75093121 1.48905006 0.14051896
v -0.73615301 1.44426159 0.14078260
v -0.75164976 1.50091551 0.16269989
v -0.74093997 1.50188868 0.12274970
v -1.08617396 0.49819721 0.60735927
v -1.08175232 0.52519730 0.61672247
v -1.08898199 0.49288454 0.61693849
v -1.08307004 0.52140257 0.56331548
v 0.67144477 -0.82003510 1.55416325
v 0.64736790 -0.82017284 1.55765072
v 0.65738651 -0.82992158 1.49065525
v 0.63497375 -0.81626488 1.58869950
v -1.21485001 0.52241299 0.95176098
v -1.22063014 0.50228230 0.94026315
v -1.23967898 0.48546800 0.94220446
v -1.19144797 0.53881952 0.91873148
v -1.20133799 0.90570902 0.59741104
v -1.15615904 0.91985259 0.55093953
v -1.19970912 0.92665375 0.58376976
v 0.19015100 0.03909751 0.81380239
v 0.19069200 0.01227201 0.82693039
v 0.19402806 0.00918499 0.81870422
v 0.19134399 -0.00078849 0.81788939
v -0.07154933 0.52545754 0.43026340
v -0.06689400 0.52018758 0.40982845
v -0.05473250 0.53392859 0.46305996
v -0.08711750 0.53528633 0.45293773
v -0.10261300 0.53644555 0.45046147
v -0.10360400 0.53917759 0.45435449
v -0.10281300 0.53397160 0.43385645
v -0.12878246 0.67296263 0.67039313
v -0.13992700 0.65805955 0.69811951
v -0.08729000 0.64425628 0.68700338
v -0.14049075 0.69410180 0.65976399
v 0.06363972 0.47205774 0.73309920
v 0.04625600 0.46540552 0.75463645
v 0.07432637 0.44644702 0.75796746
v 0.07957275 0.48291829 0.69604447
v 1.50703624 -1.67828962 0.20022261
v 1.50229450 -1.67496049 0.16576867
v 1.51320601 -1.66678842 0.16613312
v 1.49350500 -1.67980616 0.13836437
v -1.23633206 -0.41723257 1.23940032
v -1.19876099 -0.42516906 1.24879781
v -1.19592515 -0.41615411 1.23306847
v -1.14223504 -0.41358756 1.21205332
v -1.13007402 -0.40310054 1.20687332
v -1.16057873 -0.40390106 1.21775807
v -1.11810303 -0.40026654 1.20305832
v 0.28975747 -0.30906427 0.72859588
v 0.30041200 -0.31649646 0.75092834
v 0.27941799 -0.30344447 0.71648533
v 0.29055801 -0.31513547 0.71098933
v 0.21436466 0.45457293 0.72930056
v 0.26526725 0.45124054 0.71661496
v 0.19053550 0.45206353 0.73488247
v 0.22372700 0.47526852 0.69068347
v -0.75243998 -0.19011758 1.33073736
v -0.73896147 -0.16741595 1.28730213
v -0.73451102 -0.18853956 1.28046136
v -0.73631999 -0.13422757 1.28293561
v -0.63367701 1.37217859 0.19553362
v -0.63690955 1.38021439 0.16803973
v -0.65774500 1.38937763 0.16941761
v -0.59811861 1.39151461 0.14161559
v -0.13139801 0.67218953 0.76336749
v -0.13086900 0.67135650 0.75473251
v -0.14861199 0.69428355 0.74427652
v -0.12426700 0.66620153 0.75405451
v 0.47799678 -0.44052514 1.25536273
v 0.49157199 -0.43468258 1.28057132
v 0.45769700 -0.44648556 1.24550756
v 0.47308701 -0.44971256 1.19497031
v -0.76457399 1.07971061 0.37793654
v -0.76316443 1.10231380 0.36123223
v -0.79018599 1.11831463 0.36461956
v -0.73074749 1.13390411 0.34097708
v -1.20757854 -0.78427218 2.05862625
v -1.22293117 -0.78662518 2.05621939
v -1.25195706 -0.79566572 2.01208023
v -1.25184751 -0.79164569 2.05965127
v -0.36823300 0.63991748 1.19363350
v -0.32241400 0.66656572 1.18572325
v -0.37663350 0.63099293 1.19645499
v -0.35557209 0.66637421 1.17838772
v -0.33987200 0.69401645 1.14478650
v -0.37094399 0.66047447 1.17633950
v -1.65432453 -1.42266548 0.74335615
v -1.63892603 -1.40294044 0.65786516
v -1.65726503 -1.41252775 0.68452898
v -1.67896599 -1.40838696 0.68066065
v -0.78658699 0.80211948 1.07924777
v -0.79557926 0.80085658 1.05795785
v -0.81599276 0.77411186 1.03446864
v -0.80717999 0.81472351 0.99512252
v -0.01798160 1.33137873 0.08767591
v -0.01874075 1.34310411 0.10363258
v 0.00858500 1.29517263 0.05249665
v -0.03008700 1.34358268 0.09449158
v 0.18952900 0.42894006 0.45479644
v 0.20943099 0.43788458 0.48500247
v 0.19560599 0.43548156 0.48130144
v 0.17376900 0.43461458 0.49061544
v -1.20957005 0.71585457 0.49957049
v -1.22846401 0.71575157 0.51535248
v -1.21680903 0.72192905 0.55081752
v -1.23771405 0.71528254 0.49381452
v -0.75901787 1.56619918 0.17416604
v -0.75192147 1.58415410 0.21357166
v -0.77075174 1.53353161 0.18948163
v -0.72370724 1.95105676 0.07250610
v -0.75789039 1.98338903 0.09739272
v -0.74320602 2.00437468 0.05920670
v -0.78250477 1.98131277 0.11886624
v -0.14356178 0.69874127 0.73810343
v -0.14286325 0.70041290 0.73430701
v -0.13019800 0.68443954 0.73563149
v -0.55685337 -0.16252086 1.30281596
v -0.53830901 -0.15000657 1.30872786
v -0.57173561 -0.16467757 1.28843736
v -0.53829402 -0.20261758 1.31106535
v -0.53889304 -0.19790004 1.31121860
v 0.27992700 0.45676253 0.69618895
v 0.28965101 0.45636354 0.69205047
v 0.28713800 0.45829755 0.68327147
v 0.30561501 0.44732154 0.69916646
v -1.27217580 1.20858761 0.73039872
v -1.26486301 1.32017654 0.74455262
v -1.27793097 1.31739957 0.72679762
v -1.28322804 1.32768256 0.72638361
v -1.27560416 1.26981049 0.72640420
v -1.29140201 1.28159814 0.70912760
v 0.00947000 -0.43899158 1.37625631
v -0.05689500 -0.43250157 1.38632431
v -0.03877775 -0.42802059 1.42306606
v -0.03190145 -0.43447279 1.39066775
v -1.28420103 0.49328102 0.77227897
v -1.29850028 0.48948152 0.76842789
v -1.29333150 0.47516653 0.73965696
v -1.32110906 0.48598653 0.76826646
v -0.74206975 -0.41615301 1.61701005
v -0.72556800 -0.41066062 1.61809532
v -0.74622601 -0.41718450 1.62090619
v -0.76200449 -0.42324810 1.53467981
v -0.24139600 0.67332097 1.13666350
v -0.24248305 0.68238173 1.11915347
v -0.23637750 0.69824548 1.03041451
v -0.27441400 0.71552096 1.06175951
v -0.41858850 0.70358145 1.09424251
v -0.38502550 0.71811146 1.06397151
v -0.40463501 0.67036146 1.12763950
v -0.40313347 0.70140632 1.08147130
v -0.33721650 0.72572047 1.07002651
v -0.35714999 0.74145950 1.05044751
v -0.35338823 0.73117525 1.05946360
v -1.20921302 0.86052954 0.74881052
v -1.17627458 0.81554332 0.74452552
v -1.17654800 0.80093455 0.76319553
v -1.16849345 0.82592053 0.72732504
v -1.50870568 -1.02761593 -0.61534187
v -1.51216996 -1.02690620 -0.60039478
v -1.47304747 -1.02818525 -0.63395902
v -1.53709894 -1.02117074 -0.62911081
v -0.14206148 0.69906680 0.92299727
v -0.13929325 0.69857875 0.89644450
v -0.12767801 0.70022651 0.94362151
v -0.17920500 0.71337947 0.96070450
v -1.11076491 -1.05267213 -0.94689317
v -1.11664653 -1.05197121 -0.91993481
v -1.12900805 -1.04649914 -0.96350581
v -1.07814002 -1.05405320 -0.95314581
v -1.20122424 0.52549105 0.67736772
v -1.20633996 0.50858752 0.69322896
v -1.22048351 0.50425778 0.70132621
v -1.19751528 0.49236379 0.67829147
v 1.53756224 -1.66450474 0.26871413
v 1.55402121 -1.65920541 0.24989387
v 1.52908373 -1.66714017 0.30027161
v 1.53039098 -1.66726133 0.18655009
v -0.78670073 1.49461369 0.19778292
v -0.78988050 1.50706986 0.19171038
v -0.76729500 1.48228160 0.19728661
v -0.81549799 1.44471660 0.24983764
v -0.20339900 -0.00670635 -0.01052714
v -0.19493601 -0.00100135 -0.00474465
v -0.19513100 -0.02301735 0.00040638
v -0.18793800 0.00832165 -0.00646460
v -1.28489033 0.60194655 1.07766637
v -1.27039298 0.61902847 1.06126849
v -1.28092897 0.59435648 1.08527049
v -1.30378795 0.59410245 1.06808249
v -0.94408602 0.62153549 1.03783149
v -0.96316124 0.60179025 1.04005597
v -0.96363887 0.57347810 1.07986548
v -0.97344398 0.60512848 1.02899949
v -0.97087051 0.68212587 0.12859075
v -0.96804500 0.66191061 0.14185749
v -0.97165298 0.66968964 0.14238547
v -0.98227450 0.66454612 0.14393048
v -0.07808311 0.92612048 0.15502744
v -0.06152525 0.92651961 0.17761579
v -0.08227300 0.93429361 0.15006355
v -0.09422900 0.91039364 0.14118460
v -0.11744893 0.88355063 0.12249590
v -0.11944100 0.88807564 0.12169256
v -0.12134100 0.86961262 0.12266352
v -0.63760698 0.83242446 1.08522152
v -0.66129500 0.84125549 1.06946653
v -0.63303242 0.84315256 1.06928703
v -0.58804297 0.87298448 1.01997253
v -1.05063787 0.73548382 0.48922088
v -1.05652630 0.73483084 0.47464880
v -1.04521894 0.72510456 0.46220952
v -1.07794949 0.73936132 0.45537600
v -0.91685132 1.43346896 0.00919051
v -0.89664298 1.43841762 -0.00162840
v -0.93197900 1.44706160 0.03363967
v -0.95924699 1.40877361 0.00370359
v -1.26953000 0.50763499 0.99879897
v -1.29075205 0.51181249 1.01973847
v -1.27384595 0.51651321 0.99248011
v -1.26096302 0.52957649 0.97001247
v -0.05271350 0.85209631 -0.13797160
v -0.07071400 0.80407816 -0.12296950
v -0.05891226 0.85310744 -0.13770951
v -0.07127600 0.87514869 -0.14222202
v -1.93268901 -1.71481168 1.81156010
v -1.90627098 -1.69322765 1.80755407
v -1.92012156 -1.69897939 1.80788651
v -1.92638397 -1.70269966 1.78859008
v 1.17887104 -1.95944871 1.86946508
v 1.18520105 -1.96158267 1.88528707
v 1.17545795 -1.95054163 1.86976608
v 1.16966701 -1.96384168 1.82973608
v 1.17018199 -1.95920861 1.84249004
v 1.16959405 -1.96930563 1.80778303
v -1.25029895 0.91434579 0.70911121
v -1.24696004 0.92603553 0.70832655
v -1.25823450 0.96252378 0.71159680
v -1.25527772 0.87976927 0.70455104
v -1.04476427 0.61495678 0.43195486
v -1.05167949 0.59852858 0.44914348
v -1.06424105 0.60146957 0.42848948
v -1.02354228 0.64005796 0.42078375
v 0.04517400 0.48559052 0.72157948
v 0.02842423 0.49447665 0.72493400
v 0.06019100 0.50246752 0.68189048
v 0.01863400 0.49537952 0.73482321
v 0.00221600 0.53512351 0.66994097
v -0.00222000 0.52932556 0.68772947
v -0.01221300 0.53948755 0.68534249
v -0.06201858 0.88082292 0.19805174
v -0.04841850 0.91513962 0.20495504
v -0.04973420 0.85764806 0.19054688
v -0.07173700 0.86779112 0.19094103
v -0.04918800 0.84802464 0.19379701
v -0.04551750 0.87844436 0.20411378
v -0.38630687 0.85495267 1.00787007
v -0.34340999 0.85163947 1.00345453
v -0.37946200 0.84087248 1.01986553
v -0.39539999 0.85879751 1.00339153
v -1.16318564 -0.41761009 1.24039283
v -1.14993602 -0.42620906 1.24400081
v -1.16442895 -0.40791955 1.22106232
v -1.17078996 -0.41243254 1.23965231
v -1.13940454 -0.42189056 1.21647132
v -1.11767304 -0.41260355 1.21152032
v -0.24584600 0.83261146 0.97652453
v -0.23914500 0.82418450 0.98324953
v -0.22275400 0.83189549 0.96491952
v -0.25584400 0.83857848 0.97371252
v 0.15691350 0.39958460 0.23849145
v 0.15515301 0.40198561 0.25963444
v 0.13925099 0.40348660 0.26882846
v 0.16922400 0.40501810 0.27871144
v -1.13361946 -0.43115161 1.47157982
v -1.14621103 -0.42748759 1.51222332
v -1.15111341 -0.43244135 1.49479773
v -1.19002402 -0.43806461 1.46702630
v 0.64310199 -1.70414559 1.35480109
v 0.63301394 -1.71139329 1.30274769
v 0.67821401 -1.70761052 1.29000810
v 0.62508149 -1.70881507 1.29271660
v 0.19973300 -0.07152749 0.84660937
v 0.18105175 -0.09613049 0.86502812
v 0.19773672 -0.08487783 0.85167429
v 0.21672100 -0.08322450 0.87326736
v -0.91428025 0.62224399 1.01547924
v -0.95015475 0.65123824 0.99072424
v -0.92959150 0.62645050 1.03280264
v -0.94311625 0.60467497 1.05840174
v -0.42140701 -0.79721868 1.83462624
v -0.39729458 -0.79758181 1.82495403
v -0.38196099 -0.79977864 1.83411924
v -0.37576300 -0.79545564 1.81662623
v -1.31051153 1.45551804 0.58169914
v -1.30751415 1.45969032 0.57293388
v -1.32127798 1.48187050 0.56594164
v -1.27798431 1.42174827 0.52362224
v -1.30097997 1.45353553 0.54481966
v -1.26910603 1.39103661 0.53923660
v -1.27493501 1.41692309 0.50733912
v -1.30092491 0.48897419 1.02578035
v -1.32040298 0.47918449 1.01279746
v -1.32528806 0.47507648 1.04406347
v -1.29827851 0.49101923 1.02677647
v -1.13671398 0.73421057 0.61973351
v -1.14011395 0.73043855 0.63381350
v -1.11811197 0.71189453 0.63352650
v -1.15573394 0.74451556 0.63485050
v -1.13776898 0.71304055 0.65326053
v 0.73241299 -1.54685886 0.10105864
v 0.73357701 -1.53826136 0.09410617
v 0.76500797 -1.53891236 0.08595917
v 0.72589698 -1.53416235 0.09091661
v -0.48618600 -0.25971264 1.67298431
v -0.50915998 -0.24793962 1.64264534
v -0.49760199 -0.25614963 1.66680534
v -0.51709002 -0.25503764 1.67016335
v -0.17170500 0.68833101 0.71775950
v -0.17644225 0.69275659 0.72713910
v -0.17335512 0.69392464 0.73982551
v -0.65214300 -0.41645863 1.59992431
v -0.64872003 -0.41286963 1.60221730
v -0.66220802 -0.42003461 1.60396431
v -0.66475837 -0.41739099 1.55433232
v 0.15387100 0.43706155 0.56441046
v 0.16018900 0.43894455 0.56164844
v 0.16973101 0.44784257 0.56110347
v 0.16337800 0.43233556 0.54608245
v -1.13676298 -0.38009965 1.78840535
v -1.14763701 -0.38454215 1.76810580
v -1.10737300 -0.37664464 1.79287331
v -1.13711703 -0.38255966 1.85076033
v -0.13030399 0.61237257 0.44638548
v -0.13920601 0.61402660 0.43354247
v -0.13772400 0.61083656 0.41820548
v -0.15324700 0.62122756 0.41920749
v -1.62085309 -0.93208175 0.38486341
v -1.61232996 -0.92860145 0.43133821
v -1.61672103 -0.92555344 0.37520124
v -1.63097405 -0.93473744 0.36506124
v -1.19178903 0.46104656 0.48442049
v -1.21298802 0.45988809 0.39057745
v -1.23030299 0.44685308 0.42115594
v -1.20651939 0.45525116 0.44323485
v 0.04540100 0.40431962 0.17127544
v 0.06200300 0.40684763 0.17447943
v 0.03911500 0.40699161 0.19341743
v 0.04181300 0.40165163 0.15785140
v -1.12506604 0.48459456 0.54298346
v -1.12258039 0.48447793 0.56385593
v -1.12340477 0.49061230 0.58642573
v -1.14227498 0.47514257 0.58209546
v -1.14636397 0.47740456 0.58864649
v -1.15556896 0.48185154 0.59863545
v -0.72633201 0.12839047 1.12015341
v -0.72503501 0.13979446 1.12794441
v -0.71775901 0.11739346 1.11465341
v -0.81087551 1.96663915 0.13546225
v -0.82154101 1.94011967 0.13981470
v -0.82635925 1.94851258 0.12764100
v -0.87359849 1.91678464 0.09631070
v -0.22672612 1.36659973 -0.00626599
v -0.22245300 1.39000971 0.01377260
v -0.22156200 1.35703761 -0.01568235
v -0.23320050 1.36192841 -0.01284213
v -0.80987860 1.46550838 -0.01282548
v -0.83428049 1.45634813 -0.00650936
v -0.79722703 1.47507460 -0.01408934
v -0.84440100 1.44454462 -0.02137542
v -0.80980200 1.45952971 -0.02390039
v -0.85222399 1.45502967 0.00519359
v -0.84821898 1.43624063 -0.03259838
v -0.67272750 1.42404263 0.14292115
v -0.66149408 1.41127029 0.14906723
v -0.65982649 1.38997165 0.17222362
v -0.62592925 1.41897290 0.11151790
v 0.01575246 -0.11112598 1.03552359
v 0.02797700 -0.11010152 1.01457637
v 0.00713200 -0.10328453 1.05886637
v -0.00262100 -0.11155452 1.04765937
v 0.18015701 0.44200856 0.55171646
v 0.17265310 0.43556246 0.54586767
v 0.18531600 0.43322257 0.53576497
v -0.17607599 0.64788056 0.72663049
v -0.17978250 0.68694927 0.70964877
v -0.17568000 0.63549555 0.73643549
v -0.16704699 0.64183450 0.72753249
v -0.02049600 0.55185054 0.66973397
v -0.03252370 0.56049011 0.66343200
v -0.02922400 0.56489952 0.64814750
v -0.04780450 0.57283254 0.65788998
v -0.03985648 0.57847099 0.62772679
v -0.03663300 0.57677805 0.62150449
v -0.06043400 0.59588357 0.62605248
v -1.70435703 -1.45806655 0.90835513
v -1.71209395 -1.45598551 0.89011614
v -1.70264995 -1.45668848 0.85932215
v -1.72007698 -1.45345005 0.89626864
v -0.57346835 0.72671901 1.13037749
v -0.56963374 0.72835523 1.12627701
v -0.56569800 0.71331947 1.15403101
v -0.59217602 0.71513944 1.14059151
v -1.14667404 -0.12094954 1.14151037
v -1.15647197 -0.11864255 1.15479137
v -1.14295304 -0.11793954 1.12645637
v -1.13289905 -0.12688754 1.14394337
v 1.15177184 -1.97758999 1.62423188
v 1.14105099 -1.97523114 1.62636756
v 1.16405594 -1.97378764 1.63894804
v 1.15170205 -1.98073872 1.60537906
v 1.19672298 -1.77636745 0.55768310
v 1.18517697 -1.77594140 0.54221510
v 1.20230198 -1.77428797 0.56007060
v 1.17925704 -1.78208342 0.55599707
v -1.33864605 1.50081247 0.72707365
v -1.33884394 1.48627156 0.73128963
v -1.32333124 1.47317279 0.73090188
v -1.33878696 1.47479958 0.73624364
v -1.32960498 1.46265656 0.73351363
v -1.33367395 1.46387059 0.73595164
v -1.25784552 0.47120905 0.54653148
v -1.30792983 0.44490675 0.45942105
v -1.29321092 0.36644730 0.26789374
v -1.23511768 0.30931602 0.21795003
v -1.12598950 0.32713313 0.13463341
v -1.16157691 0.05270425 0.20015473
v -1.03321890 0.31972464 0.08428427
v -1.11422801 0.09794263 0.17036839
v -0.97109367 0.43503891 0.15960423
v -0.93267776 0.31822290 0.04698621
v -1.46394396 0.38020510 0.34995294
v -0.88816966 0.04705360 0.07449279
v -0.87689161 0.39855980 0.05535540
v -1.13943501 0.44539508 0.19237365
v -0.78698130 0.28886858 0.01674355
v -1.12254407 0.87536918 0.06558345
v -0.55606568 0.30302941 -0.02845949
v -0.88936412 0.59925925 0.10451574
v -1.21549052 -0.06132289 0.23805438
v -0.91014073 0.54366787 0.18011640
v -1.23403709 1.06163702 -0.00648323
v -0.46759674 -0.03270242 -0.00161621
v -0.47984065 0.21991225 -0.02060074
v -1.12188603 0.98409245 0.06003190
v -0.44656399 0.05825515 -0.00508606
v -1.13675225 0.97665588 0.06497682
v -1.11424500 1.02776316 0.02131705
v -0.10749825 -0.02048560 0.00505512
v -0.75802850 1.03645141 -0.12377684
v -0.74037623 1.35526276 -0.10856819
v -1.19903026 1.24478757 0.01209450
v -0.19287432 -0.08086397 -0.00387578
v -0.28322030 0.07308199 -0.02059156
v -0.19709775 -0.01416610 -0.00375960
v -0.71145949 1.04766092 -0.13059542
v -0.13956980 -0.03600569 0.00230479
v -0.43640043 1.02292673 -0.15451266
v -0.10142400 -0.13328935 0.01151410
v -0.28073259 -0.13328804 0.00637478
v -0.44197956 1.12068774 -0.20088964
v -0.77040195 1.64815060 -0.03164697
v -0.50594738 1.39880375 -0.09948484
v -0.47182350 1.27038667 -0.17769340
v -0.36228206 1.26547705 -0.15702121
v -0.37404200 1.34238968 -0.17963840
v -0.36723603 0.94698916 -0.17049820
v -0.35608549 1.30347214 -0.20334639
v -0.34122853 1.29452663 -0.21050390
v -0.38312918 1.33336918 -0.18542269
v -0.32740100 1.27396618 -0.21804091
v -1.30763562 0.59861387 0.94959436
v -1.26542199 0.56673852 0.91357848
v -1.29684103 0.57134348 0.92716598
v -1.28967812 0.57842404 0.92131948
v -1.36103851 1.99285101 0.80795771
v -1.37447558 2.09149588 0.79186875
v -1.35721803 1.94178956 0.79041171
v -1.35494173 1.92489328 0.78788796
v -1.39290750 2.00526952 0.80588823
v -1.36786148 2.19007700 0.80110800
v -1.37387300 1.90658402 0.79637471
v -1.36606324 1.89810330 0.78804600
v -1.36688399 1.88488751 0.78796871
v -1.37850298 2.22271578 0.81111353
v -1.38402796 2.23421650 0.81689276
v -1.37588298 2.23193650 0.81855775
v -1.23749101 0.49682453 0.75407346
v -1.24669695 0.49076754 0.75652446
v -1.24555302 0.47427154 0.74656548
v -1.26495302 0.49210551 0.76416548
v 0.14242500 0.53095058 0.57203450
v 0.14560366 0.53823898 0.56165377
v 0.14071099 0.54810659 0.54340747
v 0.15279201 0.53927657 0.54392346
v 0.24124487 0.44209119 0.54554837
v 0.23780201 0.43638132 0.52970120
v 0.25237501 0.44557056 0.55445946
v 0.22398600 0.44549555 0.55322249
v 0.20488600 1.63857464 0.16629866
v 0.11844850 1.43768262 0.10424560
v 0.12468307 1.48038942 0.12728719
v 0.07809438 1.47569003 0.16776226
v -0.46237250 0.46415465 -0.00794600
v -0.47424100 0.45064990 0.01120995
v -0.47828099 0.47630364 0.03104051
v -0.46124101 0.45721964 -0.00653355
v -0.47814000 0.48028964 0.05418344
v -0.48088426 0.45868290 0.03630188
v -0.45557450 0.44977015 -0.00952255
v -0.49008624 0.45820564 0.03907473
v -0.07053500 0.38417266 -0.01636451
v -0.13391777 0.34698947 -0.05853220
v -0.20454775 0.34614566 -0.05990056
v -0.01426657 0.36526374 -0.01603522
v -0.00044300 0.36509765 -0.01386959
v -0.08972025 0.33811129 -0.04991534
v -0.46011951 0.66252241 -0.08397226
v -0.46073263 0.53527904 -0.04891979
v -0.46896033 0.65863888 -0.07588486
v -0.48905100 0.65428067 -0.06030147
v -0.67554824 1.87809666 -0.07759179
v -0.66349904 1.86599300 -0.08487730
v -0.63752648 1.87949713 -0.07848875
v -0.65606198 1.83236166 -0.08858227
v -0.20537350 0.96052792 -0.16101568
v -0.18932600 0.96303920 -0.17526545
v -0.20101631 0.94853300 -0.15878202
v -0.20345999 0.91943869 -0.15320644
v -1.30697548 0.61936297 0.99209499
v -1.30203998 0.61251046 0.98662449
v -1.30678600 0.60774349 0.98342499
v -1.29293704 0.60693546 0.98435948
v -1.28546449 -0.44661300 1.52486630
v -1.26740678 -0.42519165 1.37724063
v -1.30936950 -0.44148957 1.32149581
v -1.29264641 -0.43591585 1.28225722
v -1.31012088 -0.36533693 1.20598933
v -1.35644472 -0.45757656 1.26170992
v -1.37666124 -0.43784403 1.10811831
v -1.30985964 -0.34751879 1.13416737
v -1.26102280 -0.46947768 1.61305804
v -1.43287933 -0.42637128 0.84495180
v -1.43117068 -0.54209451 1.02188056
v -1.47809377 -0.58309125 0.86698403
v -1.33966462 0.40630648 1.02268083
v -1.46602861 -0.58782404 0.91680748
v -1.50921485 -0.59763488 0.74892531
v -1.33079473 -0.21242961 0.98528176
v -1.52343632 -0.57069171 0.65280941
v -1.53004050 -0.58622445 0.65070878
v -1.50316525 -0.49051908 0.65720243
v -1.58686815 -0.60215706 0.42286440
v -1.59319923 -0.62533261 0.42513893
v -1.41742173 -0.39619161 0.77783557
v -1.43399223 0.23426144 0.45431784
v -1.62993205 -0.77311741 0.29578929
v -1.50835108 -0.70387582 0.76204224
v -1.35330901 0.29980050 0.87533356
v -1.42480248 -0.04157492 0.42906089
v -1.36258221 0.36902270 0.92688060
v -1.47737050 0.35982909 0.38119396
v -0.61033899 -0.26762464 1.68660835
v -0.60685952 -0.24979911 1.53670309
v -0.64910638 -0.28880388 1.60577265
v -0.63934575 -0.25398161 1.52880435
v -0.59818900 -0.24316160 1.51823334
v -0.61823601 -0.23966758 1.48201634
v -0.69409600 -0.26862209 1.41304133
v -0.59355181 -0.22957300 1.45856414
v -0.59453773 -0.20759459 1.44196860
v -0.67069212 -0.23249058 1.35331495
v -0.71627124 -0.24067283 1.33970535
v -0.72016610 -0.29334918 1.40464674
v -0.71890700 -0.36795984 1.44581645
v -0.34351301 -0.13733259 1.46810836
v -0.46080300 -0.21570410 1.47937134
v -0.43833499 -0.18368008 1.38097436
v -0.40412299 -0.17821085 1.44880604
v -0.91483999 -0.43135563 1.37006765
v -0.90746552 -0.40099657 1.31885732
v -0.89744100 -0.43867184 1.41819956
v 0.98763938 -2.16127448 2.10252864
v 0.46573463 -1.71501744 2.17631732
v 1.17421973 -1.78466219 2.01181359
v 1.27149498 -2.03090121 1.93418903
v 0.10082850 -1.63553722 2.26849164
v 1.31193453 -1.97384145 1.96090855
v 1.25968910 -1.97295712 1.93077560
v 0.39835301 -1.63493174 2.15250112
v 1.24155548 -1.96000482 1.90404305
v 0.60234960 -0.73063530 1.52943542
v 0.60238126 -0.76940936 1.53596500
v 0.57831100 -0.69340610 1.44332526
v 0.58826204 -0.46833629 1.49921335
v 0.55059702 -0.82641408 1.32813987
v 0.55955441 -0.67019091 1.36749260
v 0.59781151 -0.58501947 1.52775016
v 0.52913042 -0.83342413 1.25352491
v 0.50544050 -0.85855104 1.13117999
v 0.49731998 -0.84277705 1.13382774
v 0.57533750 -0.47161161 1.51042931
v 0.53108225 -0.42545867 1.35893223
v 0.53768700 -0.43811258 1.34575681
v 0.49702125 -0.53075660 1.13559961
v 0.49856199 -0.40828810 1.42232332
v 0.49175298 -0.85543202 1.10749846
v 0.47822450 -0.85733252 1.05675374
v 0.45947159 -0.72919341 0.99223046
v 0.42699425 -0.87878551 0.84569424
v 0.41486476 -0.62167926 0.81775279
v 0.43274757 -0.87269075 0.88814748
v 0.36671513 -0.89871432 0.63072111
v 0.40192471 -0.86038022 0.77917738
v 0.36769350 -0.82962547 0.64976573
v 0.35467980 -0.89508526 0.59985873
v 0.33296001 -0.82973744 0.50037674
v 0.31133400 -0.92168541 0.39876822
v 0.32201795 -0.90695927 0.45978403
v 0.44660531 -0.50091115 1.01064671
v 0.23318275 -0.63722650 0.12886928
v 0.29908909 -0.65972758 0.36547965
v -0.92460244 -1.46339647 2.11911596
v -1.16952924 -1.35990487 2.17020918
v -1.01995604 -1.41071816 2.13981415
v -1.10520899 -1.27546769 2.14752318
v -1.00446349 -1.39572119 2.13502967
v -1.21028776 -1.22850610 2.16401961
v -1.02821547 -1.31734796 2.13460146
v -1.10443902 -1.25924974 2.14631220
v -1.11904299 -1.20662576 2.14589617
v -1.23590215 -1.18783561 2.16531225
v -1.11854750 -1.21605271 2.14654419
v -1.24029736 -1.37665109 2.16921966
v -1.12710500 -1.18030619 2.14351669
v -1.01849455 -1.26311468 2.12555917
v -0.94826850 -1.31707572 2.10875518
v -0.95913535 -1.36880995 2.11678605
v -1.06438354 -1.23896917 2.13446669
v -1.09222299 -1.21176922 2.13908571
v -1.16228364 -1.12480723 2.14674514
v -1.03859478 -1.18415893 2.12355245
v -1.19945750 -1.04342818 2.14342221
v -0.91898143 -1.27048763 2.09360075
v -1.12145051 -1.06194171 2.12908621
v -0.85499324 -1.42285116 2.09716616
v -1.23619298 -0.81698990 2.11841902
v -0.80060013 -1.35206615 2.07521267
v -0.79179479 -1.40575345 2.07915559
v -0.57637544 -1.48240130 2.03005570
v -1.00182654 -0.78154939 2.03963091
v -1.24923694 -0.79542970 2.11012725
v -0.68368787 -1.37421332 2.04571265
v -0.94585873 -1.07156884 2.07980101
v -0.61943106 -1.38787298 2.03048359
v -0.95901224 -0.77539354 1.98626362
v -0.68361418 -1.26365634 2.03089887
v -0.48783400 -1.44300845 2.00045890
v -0.37445102 -1.46619739 1.97430876
v -0.54451911 -1.44353543 2.01584197
v -0.40672049 -1.39721218 1.97338864
v -0.40593886 -1.24157456 1.95214157
v -0.29247750 -1.49588593 1.95488062
v -0.27164951 -1.32647367 1.92593069
v -0.17405500 -1.36647217 1.90776439
v -0.19225240 -1.47932469 1.92740065
v -0.97776401 -0.79758070 2.05413524
v -0.18525200 -1.45813664 1.92187114
v -0.16350861 -1.42036995 1.91169372
v -0.06045631 -1.39354491 1.88018084
v -0.13692699 -1.48907568 1.91544716
v -0.10446062 -1.28742222 1.87683110
v -0.03134850 -1.19438831 1.84599950
v -1.39994597 -1.61381228 2.56518962
v -1.33066365 -1.61394494 2.54221483
v -1.41538386 -1.62047324 2.48294636
v -1.46664166 -1.61821896 2.54287576
v -1.41097379 -1.62466098 2.43943239
v -1.40754348 -1.63758328 2.66646160
v -1.28274759 -1.60636715 2.64988016
v -1.35801908 -1.62918182 2.37890671
v -1.38277200 -1.63155723 2.36638137
v -0.79932212 -1.76804792 2.53696484
v -1.50394975 -1.64733666 2.20892627
v -1.67921701 -1.67309017 1.94397667
v -1.67059062 -1.66287795 2.11514275
v -0.38561509 -1.62290312 2.40134548
v -1.63483150 -1.66549131 2.13234198
v -0.96864694 -1.61325840 2.51709592
v -0.60178869 -1.63123379 2.23151465
v -0.52062201 -1.63778871 2.15248211
v -0.46268436 -1.64084045 2.02386282
v -0.56574412 -1.63197192 2.04424148
v 0.02085077 -1.63907915 2.11526492
v -0.31731487 -1.64071289 1.98268504
v 0.09297425 -1.65262292 1.89299913
v 0.13531706 -1.65048361 1.88638892
v 0.11092900 -1.65182961 1.87142910
v 0.14043400 -1.65114571 1.88875409
v -0.04502900 -1.59530570 1.90217509
v -0.08446800 -1.58932270 1.90963110
v -0.06377600 -1.60664262 1.90689411
v 1.18728900 -1.66174766 1.97124563
v 0.64141395 -1.63772384 2.10197925
v 0.81055051 -1.64728519 1.95403861
v 0.34453994 -1.65047115 1.97398172
v 0.88424760 -1.65696540 1.86198762
v 0.61122937 -1.64847423 2.12831162
v 0.29650746 -1.63745863 2.09324704
v 0.81292661 -1.66305929 1.81108798
v 0.23904475 -1.63668221 2.13154511
v 1.03444601 -1.64792429 2.01294025
v 1.14350402 -1.66880810 1.81680260
v 1.14232099 -1.66860568 1.79830809
v 0.04143679 -1.65230509 1.89140265
v 1.15155900 -1.66834759 1.79198809
v 1.13548201 -1.67135614 1.77840461
v 0.07470750 -1.65118016 1.88292337
v 0.08827774 -1.65086901 1.87342104
v 0.14680650 -1.64853967 1.85749112
v 0.18679744 -1.60125620 1.84143793
v 0.21735554 -1.65180101 1.83919524
v 0.22019500 -1.65121717 1.84487011
v 0.25212619 -1.53611359 1.81382601
v 0.17957700 -1.44425941 1.82246665
v 0.24038050 -1.13840162 1.76994119
v 0.21599554 -1.41975982 1.80906613
v 0.11706283 -1.21722999 1.81171148
v -0.05022300 -1.63920368 1.90835013
v 0.02164900 -0.92021116 1.80280774
v 1.49384130 -1.68484956 0.07002028
v 1.51056695 -1.67584140 0.09358008
v 1.50838101 -1.67352432 0.07046707
v 1.47201651 -1.70056582 0.04485709
v 1.49848199 -1.67940736 0.04752810
v 1.51949501 -1.67169041 0.07186205
v 1.44430602 -1.71207838 -0.05855685
v 1.42167997 -1.69531336 -0.13451784
v 1.40397256 -1.69763761 -0.10617880
v 1.34931254 -1.67417286 -0.05820988
v 1.34432197 -1.64883948 0.41556312
v 1.35349405 -1.64775742 0.42137714
v 1.33442903 -1.65432144 0.41554709
v -0.23155800 -0.16044457 1.33978636
v -0.24131841 -0.21483471 1.32434410
v -0.21687150 -0.23283858 1.31608035
v -0.19484558 0.02920856 1.21987901
v -0.18277714 -0.06044887 1.33467071
v -0.23842465 -0.17084171 1.35936204
v -0.09215412 -0.35682620 1.36567745
v -0.19860978 -0.21706876 1.17101057
v -0.11827950 -0.27277330 1.18275309
v -0.12537333 -0.28392776 1.20397214
v -0.11833000 -0.29453756 1.17702134
v -0.13305196 -0.29929794 1.22064537
v -0.13035750 -0.28432906 1.21335184
v -0.14556829 -0.42962152 1.19572923
v -0.22448276 -0.16783709 1.43646937
v -0.23633655 -0.22242954 1.17097623
v -0.12272331 -0.43427136 1.16678969
v -0.16361934 0.33202208 1.18959738
v -0.17127310 0.31976175 1.11270990
v -0.12041969 0.34179481 0.93656757
v -0.13485092 0.45551191 1.08137783
v -0.14573875 0.35427873 1.04622895
v -0.21344200 0.62702896 1.15283374
v -0.18347887 0.64305354 1.06020661
v -0.07944623 0.33756461 0.99383479
v -0.17344050 0.62167147 1.06998799
v -0.20576925 0.60363046 1.15147008
v -0.16610925 0.52037097 1.09690572
v -0.10366518 0.53361066 0.91849381
v -0.15908931 0.44031043 0.90854876
v -0.18431550 0.46591849 0.93565197
v -0.22264625 0.69467853 0.99536169
v -0.13942400 0.53005050 0.84556147
v 0.19911950 -0.03342624 0.86204576
v 0.20631117 -0.04126169 0.85590482
v 0.21033600 -0.06764349 0.85996888
v 0.19946400 -0.05141249 0.84178287
v -0.14888901 -0.32181853 1.09355033
v -0.14357000 -0.32394303 1.08386133
v -0.13945000 -0.33049953 1.09287733
v -0.13508800 -0.33167553 1.09702733
v -0.57301157 0.50109164 0.06375497
v -0.63020536 0.55197439 -0.03256593
v -0.84675851 0.62387214 -0.01033600
v -0.62295367 0.63434555 -0.06445416
v -0.75678475 0.70062265 -0.05778802
v -0.74202299 0.78019168 -0.08096551
v -0.59190743 0.60430007 0.01217962
v -0.83597563 0.78955311 -0.05816819
v -0.84788701 0.88252314 -0.07170496
v -0.52627175 0.95373255 -0.12701488
v -0.16198050 0.72226615 -0.01713246
v -0.48170158 0.80674194 -0.11813238
v -0.28063078 0.64970279 -0.06430789
v -0.24782300 0.48558266 -0.02928953
v 0.23588500 0.39345109 0.39898145
v 0.06512700 0.15809015 0.03676238
v 0.17644129 0.37051942 0.17604856
v 0.12335125 0.33087239 0.06612041
v 0.07580904 0.25815194 0.04112875
v 0.14732812 0.38741426 0.14106963
v 0.06946825 0.31021592 -0.03613935
v 0.08127278 0.32077894 -0.04082277
v 0.01000520 0.21209460 0.01772121
v 0.08174900 0.36608867 -0.03729159
v -0.11774300 0.26417841 -0.03187906
v 0.05319500 0.24927564 0.01555041
v -0.02928303 0.27358565 -0.01358237
v -0.09202250 0.30660015 -0.05096258
v -1.17583941 -0.44524563 0.21038569
v -1.41165875 -0.47626761 0.21549402
v -1.20413364 -0.51999691 0.12511123
v -1.56384888 -0.54171817 0.23206114
v -1.58402964 -0.52888878 0.25700768
v -1.52633852 -0.54988351 0.20721442
v -1.24035475 -0.55632886 0.10521930
v -1.56334279 -0.60984250 0.04403462
v -0.89451277 -0.54298037 0.01212145
v -1.02755002 -0.62346874 -0.09478827
v -1.34390178 -0.82884235 -0.00246825
v -1.41418695 -0.80200833 0.01163326
v -1.47760894 -0.95773122 0.04733268
v -1.37776643 -0.81347335 0.00371563
v -0.26514033 -0.55846887 -0.17908821
v -1.24942226 -0.95154543 -0.01421679
v -0.73677499 -0.56750833 -0.04667359
v -1.34945095 -0.97103934 -0.04931383
v -1.16862828 -0.95761934 -0.04411678
v -0.85111940 -0.95093031 -0.12054553
v -1.67260273 -0.79300323 0.10611140
v -1.65773981 -0.96943881 0.08883038
v -0.49027656 -0.73810434 -0.23257378
v -1.23628435 -0.97074872 -0.07092199
v -0.49283382 -0.56196000 -0.08172092
v -1.13449678 -0.97877809 -0.16298025
v -1.35083865 -0.98359703 -0.20904199
v -1.03598593 -0.96467708 -0.07605737
v -1.38775618 -0.99625802 -0.32918070
v -1.68252374 -0.99131950 -0.17012732
v -0.75183100 -0.97458484 -0.19529127
v -0.83226369 -0.98421823 -0.26451886
v -0.77043013 -0.97018562 -0.14906050
v -0.73074299 -0.98083235 -0.23002081
v -1.15620064 -1.00140504 -0.41559226
v -1.17162877 -1.00034578 -0.40853151
v -1.09110576 -0.99879904 -0.40332457
v -1.08936352 -1.00521574 -0.46777027
v -0.10841825 -0.65838004 -0.32308900
v -0.55771524 -0.97047731 -0.21404602
v -0.05347112 -0.61523408 -0.32334430
v 0.03321500 -0.65820929 -0.36089009
v 0.00802983 -0.96769501 -0.35360760
v 0.09053400 -0.97970628 -0.37182777
v -0.21069125 -0.98653352 -0.35880674
v -0.15459800 -0.51799333 -0.11493242
v -0.09588219 -0.54166158 -0.12706253
v -0.06607100 -0.50931883 -0.13503620
v -0.10248000 -0.55973533 -0.15146420
v 0.04963645 -0.57872902 -0.18412706
v 0.08628425 -0.56517256 -0.18495224
v 0.04926900 -0.58359681 -0.20928024
v 0.02267150 -0.57777183 -0.18315474
v -1.05060552 -0.92753531 2.08934199
v -0.99631103 -0.92293940 2.07838290
v -0.92813700 -0.96629671 2.05469824
v -0.93074849 -0.91421522 2.04866373
v -1.06152475 -0.80613470 2.07554000
v -0.71631194 -0.80558692 1.97236107
v -1.12881893 -0.77674868 2.01612336
v -0.98861048 -0.76952716 1.97343825
v -1.16564792 -0.67094844 2.00852704
v -1.17898899 -0.54485217 1.99197980
v -1.17652798 -0.77865270 2.01761423
v -1.12033200 -0.78171920 2.02094750
v -0.56997209 -0.79015155 1.86837523
v -0.31266999 -0.79279864 1.79774628
v -0.54393411 -0.75598890 1.85667718
v -0.63191924 -0.47315467 1.83984241
v -1.26008213 -0.81642082 2.07404774
v -1.27615068 -0.94217517 2.03413639
v -1.24853976 -0.98033796 2.13563523
v -1.38622867 -1.23228280 1.58267556
v -1.36612105 -1.04443667 1.66949123
v -1.40013677 -1.02664417 1.52555809
v -1.60252960 -1.42512543 0.76530165
v -1.51972208 -1.05053145 1.06584083
v -1.42633325 -1.41199031 1.42546014
v -1.63134348 -1.40644048 0.67283165
v -1.71991937 -1.42641595 0.76919265
v -1.81761301 -1.40308897 0.67105014
v -1.68551247 -1.45864440 0.89894961
v -1.78869511 -1.41951770 0.74112620
v -1.76270417 -1.44644430 0.82673028
v -1.87558606 -1.46376655 0.85140414
v -2.05236745 -1.33610337 0.34927214
v -1.95174879 -1.39735945 0.66458673
v -1.92558112 -1.46322677 0.88405758
v -1.82677534 -1.38085004 0.58201465
v -2.05322721 -1.40516961 0.41512949
v -1.93915820 -1.47520801 0.89171164
v -1.99823576 -1.37499942 0.50511991
v -2.11239100 -1.55708338 0.47047314
v -1.98823154 -1.34247287 0.43241061
v 0.21190144 0.01475489 0.46222264
v 0.06743845 0.01140891 0.04718958
v 0.06865150 -0.11021886 0.05216733
v 0.06181000 0.14084665 0.03239038
v -0.03403600 -0.05376035 0.01909135
v 0.54564288 -1.61280140 0.97754561
v 0.47023499 -1.55693902 0.72661689
v 0.47533505 -1.55783474 0.71469734
v 0.40661275 -1.49847230 0.44064251
v 0.36256963 -1.46439487 0.32538245
v 0.32030750 -1.43003134 0.12383542
v 0.27677854 -1.40056121 0.00048142
v 0.22656662 -1.36360675 -0.18517337
v 0.29949650 -0.96863312 0.09836648
v 0.18299533 -1.32912143 -0.34712693
v 0.21292250 -1.34783376 -0.27649658
v 0.16910425 -0.98479228 -0.23403405
v 0.22469600 -0.99587172 -0.20235056
v 0.15296499 -1.30231926 -0.47397183
v 0.36688533 -1.36611087 -0.27553172
v 0.58517900 -1.41024031 -0.20577187
v 0.57850722 -1.39954909 -0.28538296
v 0.55158800 -1.37985878 -0.36344635
v 0.67193178 -1.49691233 0.25125023
v 0.64934141 -1.45200051 -0.01777229
v 0.59637450 -1.54765482 -0.22346434
v 0.69509612 -1.66237455 0.15574130
v 0.71652049 -1.66118487 0.20549859
v 0.70790608 -1.50762725 0.19346945
v 0.70248327 -1.53948961 0.09728140
v 0.79533486 -1.57273558 0.56703473
v 0.81277955 -1.59015365 0.59016426
v 0.85609633 -1.61687828 0.75566755
v 0.88987274 -1.64842877 0.91202961
v 0.85525081 -1.75765962 0.74776168
v 0.85834652 -1.76143747 0.73438809
v 0.87668997 -1.75023754 0.82623309
v 0.91949518 -1.76895827 0.64669369
v 0.89475000 -1.76461093 0.64977559
v 0.93513602 -1.76946251 0.66386508
v 0.94377398 -1.76965193 0.63007360
v 0.87164424 -1.66194340 0.19537860
v 0.85523137 -1.66612852 0.13014695
v 0.86442900 -1.66651450 0.10726946
v -1.35519925 -0.01923853 0.35887438
v -1.27525392 -0.10532630 0.28076929
v -0.59961640 -0.27117423 0.05424747
v -1.32838927 -0.36876214 0.33333396
v -1.24601826 -0.25349589 0.27887158
v -1.40660095 -0.40250641 0.36135133
v -0.69402882 -0.40533054 0.05274282
v -0.81181763 -0.46266073 0.06536611
v -0.22906325 -0.49298985 -0.08352643
v -0.09460925 -0.47112833 -0.07888221
v -0.22006706 -0.52001200 -0.10004764
v -0.25779388 -0.54335534 -0.10468643
v -0.11678903 -0.48106503 -0.10844796
v -0.11967650 -0.48548982 -0.11171767
v 0.09903402 -0.81447271 1.77045213
v 0.17423525 -0.89920314 1.76138174
v -0.03725200 -0.80746466 1.78845874
v -0.03920000 -0.80646866 1.77508924
v -0.18120851 -0.81028364 1.83933476
v -0.06673300 -0.80614566 1.77907924
v 0.35356175 -0.81768082 1.69535438
v 0.19809189 -0.52338344 1.60821991
v 0.08737654 -0.55157079 1.66723554
v 0.08510244 -0.80382042 1.71432285
v -0.46428736 -0.45292151 1.78760981
v -1.16022798 -0.40463567 1.93773256
v -1.22420597 -0.53127117 1.87122380
v -1.19487061 -0.47858780 1.96700306
v -1.42496658 -0.65038902 1.08820117
v -1.16945690 -0.40232901 1.93288219
v -1.18546450 -0.40611516 1.83492957
v -1.25766109 -0.63009797 1.75083960
v -1.18683696 -0.58551571 1.98993428
v -1.29288014 -0.52587880 1.60218863
v -1.44386758 -0.86990074 1.03767650
v -1.42762599 -0.86514348 1.14378299
v -1.56288921 -0.90812533 0.62739740
v -1.59788051 -0.92315768 0.51471650
v -1.58600236 -0.91881156 0.48756838
v -1.55710550 -0.91332161 0.76833862
v -1.63227578 -0.93131841 0.30809223
v -1.66094363 -1.00542580 0.51031109
v -1.67204422 -0.94830462 0.44751550
v 0.31178600 0.24720852 0.74636842
v 0.28107719 -0.11161947 0.70174637
v 0.31963896 0.43429462 0.69538073
v 0.32045799 0.43178154 0.70842745
v 0.30815700 0.44597353 0.68884347
v 0.31527220 0.29908386 0.71803317
v 0.30382938 0.37822603 0.69209970
v 1.02365048 -1.68381780 1.58730480
v 0.78727531 -1.67721717 1.64881749
v 0.93901925 -1.68943132 1.50967040
v 0.78873152 -1.69594306 1.45828435
v 0.96316200 -1.73857599 1.06412459
v 0.73722050 -1.67199365 1.68128161
v 0.68707950 -1.72219876 1.13865343
v 0.78929410 -1.65635707 1.04000099
v 0.71936927 -1.54711239 0.48228148
v 0.98540871 -1.76985668 1.05344451
v 0.98641002 -1.86119151 1.07365708
v 1.05837953 -1.75414901 1.02963309
v 0.59825499 -1.68779979 1.14692485
v -1.67953612 -1.00489978 -0.33259339
v -1.75450695 -0.99244429 -0.22087079
v -1.58331637 -1.01334853 -0.49572284
v -1.66301596 -1.01535724 -0.39494079
v -1.64981306 -1.01596127 -0.40436273
v -1.66962397 -1.01426677 -0.40304982
v -1.67488090 -1.01492109 -0.52081944
v -1.48141098 -1.02807922 -0.62092030
v -1.04497303 -1.06169009 -1.13621824
v -1.43202651 -1.03758221 -0.71797431
v -1.25565440 -1.03762907 -0.79064141
v -1.78269426 -1.02552605 -0.56766857
v -1.35545163 -1.03658193 -0.78196799
v -1.48250283 -1.03266823 -0.75376160
v -1.05008395 -1.01466151 -0.56764058
v -1.40829270 -1.02017120 -0.59853078
v -1.16123370 -1.03642218 -0.84113086
v -0.96674326 -1.03691610 -0.84248306
v -1.23102033 -1.04115318 -0.87328922
v -1.09828749 -1.05097505 -0.94486371
v -0.46180738 -1.03878557 -0.88664892
v -1.06910852 -1.05328095 -1.03153706
v -1.00432628 -1.05931165 -1.07443405
v -0.67020250 -1.04473432 -0.95499423
v -0.53090981 -1.04317492 -0.91678522
v -0.46650249 -1.05125819 -1.09023720
v -0.53814177 -1.07582104 -1.34890780
v -0.43912186 -1.05553192 -1.11293139
v -0.41486250 -1.05685518 -1.14458472
v -0.40624650 -1.09166861 -1.36784882
v -0.76372848 -1.08681690 -1.40577734
v -0.24398401 -1.09018714 -1.32712085
v -0.24913999 -1.09108312 -1.32384879
v -0.25950801 -1.09107012 -1.32393486
v -0.25350001 -1.08138616 -1.31244070
v 0.37667000 -0.45538647 0.79676432
v 0.21277919 -0.53055718 0.19081929
v 0.32323046 -0.40148499 0.70862476
v 0.31722938 -0.35868823 0.76959345
v -1.16093581 -1.63444111 2.20032416
v -0.90943488 -1.53333443 2.11934669
v -1.15039846 -1.63592568 2.27233943
v -1.27805948 -1.63470322 2.15278562
v 0.15241179 -0.35932997 0.88285415
v 0.14349900 0.03688652 0.79030639
v 0.17064675 -0.44597526 0.96549857
v 0.17416225 -0.97802344 -0.19748542
v 0.11197259 -0.98358167 -0.35030175
v 0.16192962 -1.28533636 -0.57962696
v 0.10128625 -0.88381228 -0.36632750
v 0.06660688 -1.01103027 -0.49187275
v -0.12742860 -1.00494987 -0.51891915
v 0.10594325 -1.01798745 -0.58391788
v -0.06716400 -1.02944618 -0.68468779
v -0.03570672 -1.13489061 -1.13296762
v -0.10864138 -1.03634995 -0.80996099
v 0.02038637 -0.99010114 -0.40552353
v -0.24711962 -1.02492274 -0.71520775
v -0.02212906 -1.19236484 -1.11272864
v 0.07662857 -1.03597169 -0.74659037
v -0.22365150 -1.02791176 -0.78169876
v -0.45387377 -1.01745455 -0.65868633
v -0.39480965 -1.04238353 -0.88483050
v -0.00993800 -1.05014624 -0.90809971
v -0.22321531 -1.04460927 -0.84944400
v -0.40671724 -1.02306523 -0.71875456
v -0.21180600 -1.04433921 -0.85668379
v -0.48956549 -1.01589487 -0.62730298
v -0.26830438 -1.04012469 -0.89554109
v -0.21392100 -1.05897318 -1.07331282
v -0.36457399 -1.04156222 -0.91635686
v -0.33851765 -1.04819257 -0.99356891
v -0.07235025 -1.08012716 -1.20860621
v -0.27878564 -1.07333114 -1.24246687
v -0.14821025 -1.08509438 -1.25473703
v -0.22454999 -1.15425914 -1.37791975
v -0.30375446 -1.08518080 -1.33384560
v -0.25643700 -1.08418576 -1.31289054
v -0.17212603 -1.08415402 -1.28933662
v -0.19959867 -1.10739694 -1.33808127
v -0.43169999 -1.08115513 -1.33364470
v -0.63708672 -1.04013862 -0.95620410
v -0.69579289 -1.04386300 -0.94067265
v -0.55542225 -1.05025519 -0.93642050
v -0.61543849 -1.04143167 -0.97726971
v 0.16451300 -0.18924767 0.36261573
v 0.06330925 -0.26040086 0.05402888
v 0.06944895 -0.15623883 0.07613269
v -1.54739025 -0.91498126 0.94280974
v -1.58923064 -1.33787448 0.79609178
v -1.59015598 -1.24561017 0.79446959
v -1.55402340 -0.91284192 0.75600177
v -1.69337851 -0.96521992 0.36221449
v -1.57293041 -0.91284636 0.83200618
v -1.71944332 -0.96580091 0.26870936
v -1.72483978 -0.96906714 0.23734447
v -1.76865762 -1.27836092 0.10600684
v -1.70708292 -1.32906300 0.34906231
v -1.77211151 -0.98364580 0.06694091
v -1.71746761 -1.33175921 0.34586627
v -1.80108249 -0.99481134 -0.06917631
v -1.77837503 -0.98366337 0.00017423
v -1.86932757 -1.18829569 -0.29145482
v -1.82900916 -1.00383813 -0.14818483
v -1.82445567 -1.23950382 -0.07998594
v -1.86805324 -1.01556029 -0.37773075
v -1.88303621 -1.02444319 -0.35827071
v -1.91295169 -1.17466159 -0.39690995
v 0.41692999 -0.49725350 0.87911531
v 0.33157237 -0.45865374 0.83103369
v 0.40503709 -0.48933507 0.85143976
v 0.34487951 -0.57353396 0.59357579
v 0.33123051 -0.56593781 0.54151205
v 0.26613507 -0.61525783 0.27141808
v 0.25719432 -0.60258446 0.26421833
v 0.34643807 -0.51532913 0.61641630
v 0.25058550 -0.55727640 0.26032429
v 0.24183022 -0.57041623 0.22235288
v 0.21762250 -0.61424334 0.13561023
v 0.19856950 -0.57285584 0.08426030
v 0.18253025 -0.63973411 -0.02269500
v 0.20102007 -0.62371798 0.07748839
v 0.39044972 -0.44460198 1.19739823
v 0.40889500 -0.44618606 1.22128781
v 0.35424087 -0.43882230 1.17469356
v 0.40042250 -0.44480105 1.19991031
v 0.54472700 -1.37271877 -0.39064039
v 0.52140674 -1.36875828 -0.40363660
v 0.50666333 -1.36730174 -0.40572431
v 0.51325781 -1.36773748 -0.47763409
v 0.52282835 -1.44084997 -0.79596582
v 0.33637800 -1.32658963 -0.49141896
v 0.41221575 -1.27787217 -0.85134635
v 0.28047088 -1.25755097 -0.84585403
v 0.58636358 -1.49159576 -0.87040235
v 0.20837625 -1.35769893 -1.22033267
v 0.21679242 -1.27699095 -0.68137553
v 0.37040556 -1.27864174 -1.01932751
v 0.26669008 -1.21181974 -1.15754524
v 0.69583702 -1.58698919 -0.89342490
v 0.02697075 -1.24563764 -1.19762721
v 0.73511648 -1.47717185 -0.81020817
v -0.02424000 -1.19291410 -1.21361789
v 0.69525224 -1.48279024 -0.81688990
v 0.03244325 -1.21317664 -1.18563113
v 0.91472207 -1.47121512 -0.69673103
v 0.01440350 -1.21763514 -1.13326582
v 0.03043554 -1.22719239 -1.15785148
v 0.03794450 -1.17177928 -1.18747057
v 0.00728875 -1.17492313 -1.16639688
v 0.56824953 -1.43806445 -0.45837202
v 0.64478308 -1.46491490 -0.74028814
v 0.99835947 -1.45615400 -0.62162311
v 1.10014903 -1.45040756 -0.60795905
v 0.70566826 -1.44042330 -0.49601975
v 1.12819248 -1.45236828 -0.52296187
v 1.12020695 -1.46475972 -0.59978635
v 0.26843950 -1.64858771 2.01440910
v 0.29285824 -1.65242765 1.98008375
v 0.28109400 -1.65321167 1.92196162
v 0.16928308 -1.65596563 1.87859667
v 0.13205600 -1.65224989 1.89321710
v 0.33001878 -1.65284691 1.80957434
v 0.58918737 -1.65413380 1.91910761
v 0.40414950 -1.65959686 1.79552236
v 0.39460476 -1.66192856 1.82874939
v 0.48942937 -1.66001404 1.86674710
v 0.51272699 -1.65363638 1.92205933
v 0.43249792 -1.64378189 1.77272107
v 0.71371275 -1.66160787 1.69561961
v 0.67098234 -1.66815110 1.70900194
v 0.19710550 -1.65280766 1.85122336
v 0.71270043 -1.31302535 1.64535631
v 0.70667823 -1.25368275 1.64958592
v 0.70598000 -1.07420859 1.62536221
v 0.27548401 -0.33136346 0.67507683
v 0.27614280 -0.30488013 0.67638390
v 0.23241981 -0.30846987 0.56627005
v 0.27172500 -0.28412046 0.69850833
v 0.07034500 -0.37667835 0.04199236
v 0.08050242 -0.36229925 0.06879928
v 0.07007700 -0.26059535 0.05927439
v -0.32555422 0.34819016 -0.04936246
v -0.57340821 0.46607915 0.02521438
v -0.50828652 0.35516711 -0.04061307
v -0.62943977 0.31254951 -0.02392124
v 0.14150050 -0.42941903 1.06894107
v 0.10224144 -0.39315230 1.04789878
v 0.11321215 -0.31825592 0.93194167
v 0.13567600 -0.29758751 0.88439432
v 0.07022100 -0.18880399 0.87033036
v 0.07125100 -0.30658651 0.93713333
v 0.04571663 -0.21629329 0.89739558
v 0.02046609 -0.42306517 1.13713336
v -1.51686400 -1.05659469 -1.00875995
v -1.74435832 -1.05891253 -1.04068060
v -1.52420235 -1.05918409 -1.05498577
v -1.86147296 -1.06091118 -0.98493273
v -1.77206042 -1.06285612 -1.04915046
v -1.65551752 -1.06758313 -1.12130076
v -1.58247631 -1.06978777 -1.16710717
v -1.30728533 -1.08030455 -1.28773063
v -1.48190498 -1.06491313 -1.14118332
v -1.56323877 -1.07353014 -1.17942602
v -1.48185849 -1.07822763 -1.22361357
v -1.03732591 -1.07533398 -1.26203120
v -1.04988085 -1.08541439 -1.38422028
v -0.73136598 -1.09003215 -1.42382390
v -0.86862134 -1.08836315 -1.39768750
v -0.85945188 -1.09069576 -1.41962064
v -1.15828189 -1.08975856 -1.35668831
v -0.80034999 -1.10155084 -1.45355605
v -0.47214129 -1.20437538 -1.50739304
v -0.56892502 -1.18142609 -1.50111970
v -0.26778351 -1.22625159 -1.45836577
v -0.36829099 -1.23606709 -1.50687775
v -1.41322513 -0.85500436 1.24293474
v -1.29955962 -0.81439740 1.83757250
v -1.38148545 -0.84430458 1.53922437
v -1.39197028 -0.85504885 1.54170899
v 0.04240433 0.27177972 -0.00170382
v 0.06256650 0.27383465 0.00037794
v 0.01406450 0.24618415 0.01321147
v 0.03209550 0.29593065 -0.01862307
v 0.02995844 0.34486659 -0.04003714
v -0.16606856 0.25154328 -0.03822294
v 0.05882662 0.33869390 -0.03983802
v 0.00963175 0.35931866 -0.03524179
v -0.17553009 0.27120562 -0.04646484
v -0.22520199 0.31105467 -0.07066257
v -1.43057448 1.50067105 0.65048112
v -1.43449130 1.40913245 0.56226358
v -1.37787050 1.40360157 0.49606165
v -1.46940336 1.22804940 0.27612987
v -1.41518077 1.33239631 0.48766088
v -1.44352248 1.13169811 0.16619209
v 0.26700056 0.50536293 0.59137348
v 0.24508695 0.56943797 0.52123601
v 0.21200692 0.62784624 0.55839028
v 0.27260399 0.42944855 0.52862144
v 0.19531565 0.48272345 0.57968419
v 0.15646484 0.47822987 0.59085102
v -1.11043125 0.20324815 1.13743355
v -1.07503115 -0.21733567 1.17442743
v -1.06820126 -0.16885680 1.19691686
v -1.05093476 -0.28194778 1.14086659
v -1.24790312 0.06760865 1.13559730
v -1.25909494 0.05375166 1.09899577
v -1.44170704 -1.48468031 1.38941364
v -1.62726299 -1.46672373 0.92840889
v -1.56025313 -1.50610414 1.15406758
v -1.71926272 -1.53542075 1.27268277
v -1.74576199 -1.52329459 1.21166713
v -1.50814524 -1.53954209 1.33785938
v -1.72114050 -1.47106626 0.96599062
v -1.80714054 -1.51063640 1.12245681
v -1.74131151 -1.49191455 1.04574138
v -1.78279696 -1.46551113 0.95236526
v -1.81913860 -1.54149118 1.25997238
v -1.87406152 -1.51515758 1.10297813
v 1.18932199 -1.65668269 1.95432062
v 1.19682230 -1.66624311 1.91522617
v 1.13118005 -1.68689463 1.66709710
v 1.13688572 -1.84803796 1.46618908
v 1.09346000 -1.84108359 1.50711349
v 1.43492949 -1.75084802 0.89107334
v 1.46993199 -1.75943748 0.82857660
v 1.36721218 -1.75385813 0.83422151
v 1.27031702 -1.76803593 0.66332058
v 1.44362992 -1.76106974 0.75544991
v 1.42295426 -1.76124269 0.73792834
v 1.49882600 -1.75467827 0.85715383
v 1.42910962 -1.77331033 0.65851972
v 1.13387736 -1.77436652 0.57788855
v 1.50128612 -1.75589998 0.81091509
v 1.50932801 -1.75813145 0.80112609
v 1.49316096 -1.75854750 0.82664510
v 1.42346360 -1.76668787 0.68090094
v 1.12020026 -1.77503442 0.54916584
v 1.29974655 -1.77044538 0.63551911
v 1.19042504 -1.77456942 0.53626906
v 1.20544195 -1.77707245 0.52500909
v 1.12766107 -1.75768170 0.77269119
v -1.31451027 0.46828308 1.10553872
v -1.28357506 0.49657349 1.05725347
v -1.31336349 0.41656546 1.11646546
v -1.32735056 0.47460598 1.02990846
v -1.29101896 0.49340449 1.04720247
v -1.34065434 0.45396967 1.05260761
v -1.30581722 0.50996426 0.82006497
v -1.40406600 0.44227109 0.74752206
v -1.31071096 0.59210962 1.00825323
v -1.45788503 0.39428357 0.53060442
v -1.94284797 -1.73108561 1.49576709
v -2.00166325 -1.71544497 1.50382316
v -2.01599896 -1.73053814 1.50769660
v -1.89676987 -1.57884483 1.32388778
v -1.93633310 -1.62261267 1.33524086
v -2.02988422 -1.71442281 1.40521435
v -2.10114952 -1.61801094 1.35532944
v -2.18052524 -1.60351233 1.36578962
v -0.01568955 -0.44468990 1.66013239
v 0.10480313 -0.48784812 1.65050706
v -0.09310818 -0.38139106 1.58589761
v -0.09556500 -0.42988988 1.67732055
v -0.03715000 -0.37683830 1.60007267
v -0.17202599 -0.38503563 1.58864232
v -0.25862300 0.65783759 0.27008049
v -0.23294412 0.66892054 0.32329674
v -0.27713001 0.67975458 0.23249548
v -0.21799725 0.67156485 0.35157975
v -0.03349300 -0.39122762 1.57069733
v -0.04786420 -0.29319311 1.51085049
v -0.05301650 -0.28243111 1.50992109
v -0.09026150 -0.29850508 1.36038033
v 1.59474461 -1.91350464 0.43474531
v 1.58745851 -1.89674807 0.41928047
v 1.53938997 -1.84683645 0.43698208
v 1.69493208 -1.84464661 0.31362560
v 1.71182603 -1.88676635 0.25064505
v 1.70424300 -1.81788938 0.30854307
v 0.54418031 -0.87795726 1.00790024
v 0.55020600 -0.83455038 1.32088893
v 0.52664370 -0.85565506 1.17176752
v 0.48011175 -0.86680752 1.02895612
v -2.20962405 -1.61258057 1.31182612
v -2.28663850 -1.63947307 1.36760511
v -2.23757512 -1.64025311 1.30789119
v -2.21146697 -1.79509808 1.15888508
v -2.09836125 -1.68456174 1.00352960
v -2.06946111 -1.66693650 0.98312011
v -2.07946706 -1.67538748 0.95870810
v 0.01328650 0.41881112 0.26120097
v -0.04069025 0.41800637 0.19075271
v -0.03139827 0.41754012 0.21493961
v -0.07391100 0.43214160 0.21924044
v -0.82422400 -0.41498216 1.86212032
v -0.51228251 -0.46670240 1.80533481
v -0.67780685 -0.42175845 1.83351518
v -0.62452275 -0.41682365 1.80433881
v -0.18467665 -0.23158033 1.55596993
v -0.16023050 -0.25067459 1.47839984
v -0.18633669 -0.24899999 1.60143641
v -0.22360601 -0.18638559 1.46418636
v -0.76771431 -0.06347876 1.31349138
v -0.76240700 -0.17488457 1.32576736
v -0.76759122 -0.12324628 1.32221079
v -0.78483498 -0.00000957 1.29466138
v -0.78483202 0.04724143 1.29500865
v -0.78515500 -0.00950857 1.28994738
v -0.81627405 0.12095130 1.28676331
v -0.85451400 0.20034243 1.26743642
v -0.88985100 0.89642504 0.76306954
v -0.82933450 0.81069649 0.87703903
v -0.92119940 0.82365009 0.83646903
v -0.82601100 0.78644452 0.88229353
v -0.97708663 0.76404100 0.85858839
v -0.81854001 0.77687252 0.88543203
v -0.29796038 0.87958458 0.74403927
v -0.27338950 0.85441754 0.72324604
v -0.29740925 0.88323528 0.78880528
v -0.25500200 0.80314714 0.44014051
v -0.35292075 0.89516707 0.55909028
v -0.31336400 0.86690054 0.52540054
v -0.30702050 0.85936756 0.52894505
v -0.30758830 0.83972001 0.44076595
v -0.34422150 0.84180659 0.41420155
v 0.44220592 -0.47137331 1.01620272
v 0.44585201 -0.48642252 0.99663730
v 0.43706000 -0.47725050 0.97893531
v 0.43950275 -0.46783527 1.03085706
v -0.69381924 0.19724245 1.21314317
v -0.72867722 0.19926331 1.18564127
v -0.73969400 0.27566997 1.12885893
v -0.72925051 0.18980596 1.13744217
v -0.70270950 -0.03745004 1.16166638
v -0.67150860 0.04575282 1.14002088
v -0.64447223 0.00298070 1.18229814
v -0.67977050 -0.06407906 1.24168688
v -0.67259560 -0.06623019 1.25477449
v -0.66943598 -0.07376056 1.26701037
v 0.50822825 -1.65734345 2.16576309
v 0.49403924 -1.63929695 2.15691662
v 0.52208626 -1.64600193 2.16007586
v 0.60593274 -1.64767396 2.13254185
v -1.13859662 1.38069679 -0.00109408
v -1.08006799 1.39947564 -0.01117737
v -1.24453294 1.29584760 0.03036365
v -1.22891998 1.33363861 0.04579960
v 0.40630174 -0.45516704 1.12681956
v 0.35345346 -0.45500073 1.08690709
v 0.41977800 -0.46621652 1.03945881
v 0.29260650 -0.44889477 1.07020893
v -0.19437700 0.09751370 1.18809465
v -0.17926672 0.06892265 1.17884425
v -0.18633575 -0.02015180 1.17075663
v -0.14511825 0.01145183 1.15510226
v -0.97553523 -0.41224867 1.65392808
v -0.95936976 -0.40735550 1.65817719
v -0.96094625 -0.42382786 1.59073907
v -1.05434799 -0.42050362 1.65616430
v -0.11918345 0.53294783 0.41747050
v -0.12360300 0.53964358 0.41277146
v -0.10648850 0.53663459 0.43481797
v -0.13064399 0.53788161 0.39724347
v -0.11960850 0.53022009 0.39431548
v -0.13864601 0.53931660 0.38791451
v 0.32503775 -0.41539485 1.51793157
v 0.36475032 -0.40989520 1.48432399
v 0.33298200 -0.39794558 1.46306031
v 0.40347551 -0.41433010 1.49182682
v -1.30801201 0.47275096 1.11267147
v -1.29448445 0.46991231 1.12144999
v -1.28730249 0.46339446 1.12654196
v -1.13195875 0.52508873 1.00148647
v -1.29780128 1.26933881 0.79482356
v -1.30415496 1.23340052 0.78562159
v -1.29334000 1.29720654 0.79623336
v -1.29366195 1.16612952 0.78263660
v 0.05376500 -1.64087622 2.10047160
v 0.04477500 -1.64774875 2.06583710
v 0.05465086 -1.64379443 2.08385771
v 0.09719350 -1.64380120 2.08625059
v 0.11713500 -1.64119272 2.09595110
v 0.12620600 -1.63616066 2.11121710
v 0.12922999 -1.64422767 2.07389011
v -0.01181700 -0.42569559 1.47243032
v -0.06775700 -0.42145859 1.41148631
v -0.02695036 -0.41051036 1.54450028
v -0.02227150 -0.40310212 1.57625370
v -1.38469505 -0.45763553 1.12797231
v -1.37590339 -0.43624424 1.10390913
v -1.36132050 -0.42784704 1.15992031
v -1.38278300 -0.43551203 1.06244831
v -1.07875361 -0.38866994 1.71488742
v -1.08694424 -0.38451789 1.73256381
v -1.04621601 -0.39837263 1.69741832
v -1.09409702 -0.40202162 1.67391233
v -1.66886314 -1.67555667 1.86245228
v -1.64713097 -1.67214561 1.86236013
v -1.70136811 -1.68016117 1.87484961
v -1.59788099 -1.67746041 1.82988786
v -0.24656874 -0.41297263 1.65436056
v -0.20580441 -0.41025543 1.62706790
v -0.23088101 -0.40723261 1.62341432
v -0.17166051 -0.40916462 1.61775582
v -0.16767700 -0.40855461 1.61399932
v -0.15093701 -0.40763563 1.61176632
v -0.17134300 -0.39452060 1.59694733
v -1.36492642 2.07935577 0.83292992
v -1.36708900 2.09317581 0.84238374
v -1.36611497 2.06462459 0.82680772
v -1.37330578 2.02115798 0.83140423
v -1.36459750 2.05812805 0.81746623
v -1.35665905 1.94089656 0.82514771
v -1.35801647 1.96791312 0.82067055
v -1.34886214 1.95153758 0.80845796
v 0.08935700 0.42965461 0.35473443
v 0.09129833 0.42598720 0.33934114
v 0.10755000 0.42447160 0.32393844
v 0.08803300 0.42016409 0.31631795
v -0.24962399 0.34084794 1.30189744
v -0.24062177 0.37183004 1.28594872
v -0.23109375 0.36781119 1.27929569
v -0.24661700 0.42135968 1.26915421
v 0.07884400 -0.05030749 0.83252739
v 0.07128100 -0.04659149 0.83784239
v 0.08746100 -0.06374749 0.82790337
v 0.09239300 -0.03904298 0.82226338
v 0.14381000 0.39489261 0.19911146
v 0.16254300 0.39802963 0.21659047
v 0.09977000 0.39310912 0.18100846
v 0.17184900 0.39297963 0.19821543
v -1.86939935 -1.19961744 -0.25957720
v -1.86781773 -1.19434980 -0.27124104
v -1.89100206 -1.19976331 -0.23659178
v -1.86958599 -1.20393027 -0.24283478
v -1.29907274 0.43383258 0.40668697
v -1.27191401 0.44098509 0.36479996
v -1.32813799 0.41912359 0.36725343
v -1.32102394 0.42278058 0.35776544
v -1.28416810 0.43834742 0.37205105
v -1.32384902 0.41898658 0.34288997
v -1.29564458 0.42807210 0.33459395
v 0.20111725 -0.80607414 1.70215900
v 0.24291032 -0.80711399 1.68865853
v 0.30108899 -0.80973861 1.68538223
v 0.26909700 -0.80549160 1.67829625
v -0.13735800 0.36147148 1.04655095
v -0.13953300 0.33423946 1.04115345
v -0.14808051 0.32314448 1.03656844
v -0.12688500 0.31040247 1.02927643
v 0.16499700 0.70901355 0.58770048
v 0.18131700 0.73869952 0.60784650
v 0.16704699 0.71872052 0.59785652
v 0.15344100 0.69497054 0.59393951
v -1.65630198 -1.00811932 -0.47971981
v -1.62675202 -1.01729975 -0.46048534
v -1.63153005 -1.01418826 -0.47805673
v -1.80594484 -1.26837425 0.05123485
v -1.82525206 -1.26410634 0.06436612
v -1.80411327 -1.26401964 0.03135618
v -0.02603400 0.84921813 0.23917452
v -0.01577550 0.93083259 0.22671455
v -0.03243354 0.88156177 0.23064900
v -0.03914800 0.89335462 0.22043654
v -0.89439126 0.72447511 0.94994112
v -0.89726901 0.71520647 0.95569850
v -0.89891601 0.74317750 0.94052351
v -0.03434500 0.81311259 0.21381654
v -0.03900354 0.79470465 0.21520395
v -0.04092200 0.77092764 0.22308154
v -0.03678800 0.82653663 0.20477952
v -0.05538600 0.79020259 0.20490552
v -0.04088050 0.83817461 0.19981151
v -1.37012351 1.81737798 0.79162369
v -1.37485210 1.82225755 0.80444786
v -1.38545001 1.82007246 0.80071670
v -0.11270400 0.37465349 0.91197345
v -0.11646900 0.35629249 0.90982145
v -0.11864200 0.34634549 0.90996745
v -0.11337600 0.36586249 0.89995345
v -0.11894600 0.38488350 0.90228146
f 3 2 1
f 1 2 4
f 3 1 5
f 1 4 5
f 7 8 6
f 6 9 7
f 8 7 9
f 11 10 12
f 10 14 12
f 11 12 13
f 12 14 13
f 13 14 15
f 13 15 16
f 16 15 14
f 19 17 18
f 18 22 19
f 18 17 22
f 22 17 20
f 17 21 20
f 22 20 21
f 26 23 24
f 25 24 23
f 25 26 24
f 27 28 29
f 28 27 30
f 29 28 30
f 34 31 32
f 32 31 33
f 35 34 32
f 33 35 32
f 36 39 37
f 39 36 38
f 38 36 37
f 39 38 40
f 39 40 41
f 40 38 41
f 42 43 45
f 43 44 45
f 43 42 44
f 45 46 48
f 47 46 45
f 47 48 46
f 49 50 53
f 49 51 50
f 50 52 53
f 51 52 50
f 54 53 52
f 52 51 54
f 57 55 56
f 56 58 57
f 56 55 58
f 61 60 59
f 59 62 61
f 62 59 60
f 66 65 64
f 65 66 63
f 68 64 65
f 66 64 68
f 68 65 67
f 68 67 69
f 67 65 63
f 67 63 69
f 70 72 71
f 70 73 72
f 73 70 71
f 75 76 74
f 76 77 74
f 75 77 76
f 78 80 79
f 81 78 79
f 78 81 80
f 82 83 85
f 84 83 82
f 83 84 85
f 86 87 92
f 89 87 86
f 92 89 86
f 88 92 90
f 88 90 91
f 91 92 88
f 94 93 95
f 93 94 96
f 95 93 96
f 97 98 99
f 101 98 97
f 98 101 99
f 97 100 101
f 102 101 100
f 100 97 102
f 103 105 106
f 103 104 105
f 105 104 106
f 107 108 109
f 110 108 107
f 110 107 109
f 112 111 114
f 111 112 113
f 111 113 114
f 115 114 116
f 115 117 114
f 115 116 117
f 118 119 120
f 118 121 119
f 119 121 120
f 125 123 122
f 124 122 123
f 124 125 122
f 126 128 127
f 129 128 126
f 126 127 129
f 133 130 131
f 132 131 130
f 131 132 133
f 135 136 134
f 134 137 135
f 134 136 137
f 140 138 139
f 139 141 140
f 139 138 141
f 145 143 142
f 144 142 143
f 145 142 144
f 146 148 147
f 149 146 147
f 147 148 149
f 150 151 152
f 153 151 150
f 153 152 151
f 155 154 156
f 154 155 157
f 155 156 157
f 158 160 159
f 159 160 161
f 158 161 160
f 162 163 164
f 164 163 165
f 165 163 162
f 166 167 168
f 166 169 167
f 169 168 167
f 172 171 170
f 173 170 171
f 171 172 173
f 175 176 174
f 175 174 177
f 174 176 177
f 180 178 179
f 178 181 179
f 180 181 178
f 183 185 182
f 184 183 182
f 184 185 183
f 188 187 186
f 189 187 188
f 189 188 186
f 190 191 192
f 192 191 193
f 190 193 191
f 199 194 195
f 196 199 195
f 195 194 197
f 198 199 196
f 196 195 197
f 200 199 198
f 196 200 198
f 201 202 203
f 202 201 204
f 203 202 204
f 207 206 205
f 206 208 205
f 207 205 208
f 210 209 211
f 212 211 209
f 210 212 209
f 213 215 214
f 214 215 216
f 213 216 215
f 219 217 218
f 217 220 218
f 219 220 217
f 223 221 222
f 224 222 221
f 222 224 223
f 226 225 227
f 228 225 226
f 227 228 226
f 231 229 232
f 230 232 229
f 230 231 232
f 234 235 233
f 236 234 233
f 236 235 234
f 237 239 238
f 239 237 240
f 237 238 240
f 243 244 241
f 243 241 242
f 244 243 242
f 248 246 245
f 245 246 247
f 248 245 247
f 251 250 249
f 252 251 249
f 250 252 249
f 254 255 253
f 256 253 255
f 256 254 253
f 255 257 256
f 258 256 257
f 257 255 258
f 262 259 260
f 261 260 259
f 260 261 262
f 264 265 263
f 266 265 264
f 264 263 266
f 268 267 269
f 270 267 268
f 270 268 269
f 271 272 273
f 273 274 271
f 272 274 273
f 276 275 278
f 277 275 276
f 278 275 277
f 280 281 279
f 281 280 282
f 279 282 280
f 283 285 284
f 284 286 283
f 285 286 284
f 287 288 289
f 288 287 290
f 290 287 289
f 291 293 292
f 291 292 294
f 294 292 293
f 299 298 296
f 298 299 295
f 297 299 296
f 298 295 296
f 300 299 297
f 297 296 300
f 301 302 304
f 302 301 303
f 302 303 304
f 305 306 307
f 306 305 308
f 307 306 308
f 310 312 309
f 310 309 311
f 311 312 310
f 313 315 314
f 315 313 316
f 313 314 316
f 317 318 319
f 319 321 317
f 321 320 317
f 321 319 318
f 321 322 320
f 317 320 322
f 323 325 324
f 325 326 324
f 325 323 326
f 330 328 327
f 327 329 330
f 327 328 329
f 334 332 331
f 332 333 331
f 334 333 332
f 335 336 338
f 336 335 337
f 338 336 337
f 339 342 340
f 341 339 340
f 341 342 339
f 345 343 344
f 344 343 348
f 344 348 345
f 343 346 348
f 346 343 347
f 346 347 348
f 350 352 349
f 351 350 349
f 352 350 351
f 354 355 353
f 353 356 354
f 355 356 353
f 357 359 358
f 360 357 358
f 359 357 360
f 364 362 361
f 362 363 361
f 364 361 363
f 367 365 366
f 366 365 368
f 367 368 365
f 370 369 372
f 371 372 369
f 371 369 370
f 373 374 376
f 375 374 373
f 374 375 376
f 378 377 379
f 377 378 380
f 380 378 379
f 383 382 381
f 381 384 383
f 382 384 381
f 385 386 388
f 385 387 386
f 386 387 388
f 390 389 392
f 392 389 391
f 391 389 390
f 398 394 393
f 395 398 393
f 395 393 394
f 396 398 395
f 396 395 397
f 397 398 396
f 401 399 400
f 399 402 400
f 401 402 399
f 405 404 403
f 403 404 406
f 406 404 405
f 407 408 409
f 408 407 409
f 412 408 410
f 408 411 410
f 412 410 411
f 413 414 416
f 414 413 415
f 416 414 415
f 419 417 418
f 418 417 420
f 417 419 420
f 423 424 422
f 422 424 421
f 423 421 424
f 426 425 427
f 426 427 428
f 427 425 428
f 431 429 432
f 432 429 430
f 432 430 431
f 434 436 433
f 434 433 435
f 434 435 436
f 439 437 438
f 438 437 440
f 437 439 440
f 441 444 442
f 444 443 442
f 442 443 441
f 447 445 446
f 448 445 447
f 448 446 445
f 450 449 451
f 450 451 452
f 451 449 452
f 453 454 455
f 456 457 459
f 456 458 457
f 457 458 459
f 462 460 461
f 463 461 460
f 463 462 461
f 464 465 467
f 465 464 466
f 465 466 467
f 468 470 469
f 468 469 471
f 469 470 471
f 472 473 477
f 472 477 474
f 472 474 473
f 474 477 475
f 476 474 475
f 477 476 475
f 478 479 480
f 481 478 480
f 481 480 479
f 482 483 484
f 485 483 482
f 484 485 482
f 489 486 487
f 487 486 488
f 487 488 489
f 490 492 491
f 493 490 491
f 490 493 492
f 495 494 496
f 497 494 495
f 497 495 496
f 499 498 500
f 498 501 500
f 501 498 499
f 505 503 502
f 504 505 502
f 504 502 503
f 508 506 507
f 507 509 508
f 506 509 507
f 512 511 510
f 513 510 511
f 513 512 510
f 515 516 514
f 516 517 514
f 517 516 515
f 519 520 518
f 518 520 521
f 521 520 519
f 523 522 524
f 525 522 523
f 525 523 524
f 526 527 528
f 529 528 527
f 526 529 527
f 531 532 530
f 530 533 531
f 530 532 533
f 537 535 534
f 535 536 534
f 536 537 534
f 538 540 539
f 541 540 538
f 539 541 538
f 542 544 543
f 545 544 542
f 545 542 543
f 547 548 546
f 546 548 549
f 548 547 549
f 551 552 550
f 552 553 550
f 551 553 552
f 556 554 555
f 555 557 556
f 555 554 557
f 559 558 560
f 558 559 561
f 561 559 560
f 564 563 562
f 565 562 563
f 565 563 564
f 566 567 568
f 566 569 567
f 569 568 567
f 572 571 570
f 570 571 573
f 571 572 573
f 574 577 575
f 576 574 575
f 577 576 575
f 578 579 580
f 581 580 579
f 578 580 581
f 583 582 584
f 582 583 201
f 584 201 583
f 585 586 588
f 586 587 588
f 585 587 586
f 589 590 591
f 590 589 592
f 592 591 590
f 595 594 593
f 596 594 595
f 596 595 593
f 598 599 597
f 600 598 597
f 597 599 600
f 602 601 604
f 601 602 603
f 604 601 603
f 605 608 606
f 607 608 605
f 606 607 605
f 611 610 609
f 609 610 612
f 611 609 612
f 614 615 613
f 616 614 613
f 613 615 616
f 617 619 618
f 620 618 619
f 620 619 617
f 621 622 623
f 621 624 622
f 623 622 624
f 627 625 626
f 625 627 628
f 626 628 627
f 629 630 631
f 632 630 629
f 632 629 631
f 634 633 635
f 636 633 634
f 636 634 635
f 639 638 637
f 637 638 640
f 638 639 640
f 643 641 642
f 642 641 644
f 644 641 643
f 647 646 645
f 645 646 648
f 647 648 646
f 650 649 651
f 650 652 649
f 650 651 652
f 654 653 112
f 112 653 655
f 654 655 653
f 659 656 657
f 658 657 656
f 659 657 658
f 660 661 662
f 663 661 660
f 662 661 663
f 665 664 666
f 665 667 664
f 664 667 666
f 668 670 669
f 669 671 668
f 668 671 670
f 672 673 674
f 675 673 672
f 676 672 674
f 672 676 675
f 678 677 680
f 677 678 679
f 677 679 680
f 681 682 683
f 682 684 683
f 683 684 681
f 688 685 686
f 686 685 687
f 688 686 687
f 689 692 690
f 691 692 689
f 691 689 690
f 693 694 695
f 694 693 696
f 694 696 695
f 697 699 698
f 700 697 698
f 698 699 700
f 702 701 704
f 701 702 703
f 704 701 703
f 709 705 706
f 706 707 710
f 707 706 705
f 710 709 706
f 708 710 707
f 709 710 725
f 708 711 716
f 708 717 711
f 708 712 710
f 713 711 717
f 716 711 713
f 716 713 717
f 712 725 710
f 712 708 716
f 719 712 714
f 714 712 716
f 712 719 725
f 714 716 719
f 717 723 716
f 715 717 708
f 723 717 718
f 718 717 715
f 716 723 719
f 719 720 722
f 722 725 719
f 718 719 723
f 720 719 718
f 722 720 721
f 722 721 724
f 722 724 731
f 731 725 722
f 726 724 721
f 729 731 724
f 727 728 731
f 731 728 730
f 729 724 726
f 727 730 728
f 729 726 731
f 734 732 733
f 735 734 733
f 735 733 732
f 737 736 738
f 736 740 738
f 737 740 736
f 739 741 740
f 741 742 740
f 739 742 741
f 743 746 744
f 743 744 745
f 743 745 746
f 747 748 745
f 749 745 748
f 749 748 747
f 752 751 750
f 753 752 750
f 753 750 751
f 761 754 755
f 755 754 756
f 761 755 756
f 756 757 761
f 756 758 757
f 761 757 758
f 760 759 761
f 763 761 759
f 760 763 759
f 763 762 764
f 765 763 764
f 765 764 762
f 772 766 767
f 769 767 766
f 769 768 767
f 770 767 768
f 770 768 769
f 772 767 770
f 770 769 772
f 769 766 771
f 772 769 771
f 773 774 777
f 777 774 776
f 774 775 776
f 774 773 775
f 777 776 778
f 775 778 776
f 781 779 780
f 782 779 781
f 780 782 781
f 790 784 783
f 785 783 784
f 783 785 788
f 786 783 788
f 790 783 787
f 783 786 791
f 783 791 789
f 788 791 786
f 789 787 783
f 789 791 792
f 788 785 791
f 787 789 790
f 785 792 791
f 794 795 793
f 795 794 796
f 796 794 793
f 798 797 800
f 802 798 799
f 800 797 801
f 801 797 798
f 798 802 806
f 805 801 803
f 803 801 804
f 805 803 804
f 806 802 799
f 808 809 807
f 807 814 808
f 807 809 811
f 807 811 814
f 810 811 809
f 813 811 810
f 814 811 813
f 812 813 810
f 812 814 813
f 816 817 815
f 816 818 817
f 815 818 816
f 821 819 832
f 820 819 821
f 819 822 832
f 832 825 821
f 832 822 823
f 819 820 823
f 822 819 823
f 823 820 824
f 832 823 824
f 826 825 832
f 824 827 832
f 826 828 825
f 827 826 832
f 826 827 828
f 831 830 828
f 828 829 831
f 831 829 830
f 837 834 836
f 833 836 834
f 833 834 839
f 833 835 836
f 837 838 834
f 839 834 838
f 837 836 838
f 838 836 843
f 846 839 838
f 853 838 843
f 846 838 842
f 845 842 838
f 838 853 841
f 844 838 840
f 841 840 838
f 838 844 845
f 836 835 843
f 844 846 842
f 844 842 845
f 844 840 841
f 849 844 841
f 841 853 847
f 844 849 846
f 849 841 847
f 850 848 851
f 848 853 851
f 854 852 850
f 848 850 853
f 856 850 852
f 856 852 854
f 855 856 854
f 856 855 857
f 855 854 857
f 860 859 861
f 858 861 859
f 862 859 860
f 862 860 861
f 862 861 858
f 869 864 863
f 865 864 869
f 869 868 865
f 866 865 868
f 867 865 866
f 868 867 866
f 870 868 869
f 863 870 869
f 874 871 875
f 872 874 875
f 878 874 872
f 873 872 875
f 878 873 875
f 878 872 873
f 874 878 879
f 875 871 876
f 880 877 875
f 875 877 878
f 883 880 875
f 877 879 878
f 881 879 877
f 886 880 883
f 881 882 879
f 882 881 877
f 883 875 876
f 876 884 883
f 888 886 883
f 888 885 886
f 885 888 887
f 887 886 885
f 888 883 884
f 892 891 889
f 889 890 892
f 892 890 891
f 900 893 894
f 893 900 896
f 896 897 893
f 893 895 894
f 893 897 895
f 897 896 900
f 895 897 898
f 898 897 900
f 900 899 898
f 901 899 900
f 901 900 894
f 905 903 902
f 903 904 902
f 905 902 904
f 907 906 912
f 912 906 910
f 906 907 908
f 906 908 910
f 910 908 909
f 913 912 910
f 913 910 911
f 910 909 911
f 913 915 912
f 911 914 913
f 915 913 921
f 913 914 916
f 920 921 913
f 920 913 916
f 918 920 916
f 917 920 918
f 916 919 918
f 917 921 920
f 919 916 914
f 927 922 926
f 926 922 923
f 924 926 923
f 924 923 922
f 925 922 927
f 924 922 925
f 925 926 924
f 930 926 925
f 926 930 931
f 926 929 927
f 928 930 925
f 931 929 926
f 928 931 930
f 932 934 933
f 935 934 932
f 933 935 932
f 937 936 939
f 938 936 937
f 936 938 939
f 941 943 940
f 944 940 943
f 944 941 940
f 942 943 941
f 943 942 944
f 945 947 946
f 947 950 946
f 948 947 945
f 948 949 950
f 948 950 947
f 948 953 952
f 952 950 949
f 948 952 949
f 951 953 948
f 950 952 955
f 945 954 948
f 948 954 951
f 951 952 953
f 954 952 951
f 955 952 954
f 957 958 956
f 959 958 957
f 959 957 956
f 960 963 961
f 962 960 961
f 960 962 963
f 966 964 965
f 966 965 967
f 965 964 967
f 971 968 973
f 969 968 971
f 970 969 971
f 969 970 968
f 972 973 968
f 971 973 974
f 975 974 973
f 972 975 973
f 976 977 978
f 977 976 983
f 983 976 978
f 983 978 982
f 981 978 979
f 982 978 981
f 981 978 977
f 980 982 981
f 978 981 979
f 983 982 980
f 1004 984 993
f 984 985 993
f 986 985 984
f 995 993 985
f 987 984 995
f 984 1004 995
f 987 986 984
f 986 988 985
f 989 995 985
f 986 987 990
f 986 991 988
f 989 985 988
f 995 989 992
f 995 990 987
f 991 986 990
f 994 988 991
f 989 988 994
f 989 994 992
f 992 990 995
f 1004 997 995
f 994 991 990
f 992 994 990
f 995 996 993
f 993 1002 1003
f 998 993 996
f 1004 993 1003
f 996 995 997
f 1002 993 998
f 1004 1001 997
f 999 998 996
f 996 997 999
f 1002 998 1000
f 1004 1003 1001
f 1003 1002 1000
f 1011 1009 1007
f 1009 1011 1005
f 1005 1008 1009
f 1008 1006 1009
f 1011 1008 1005
f 1010 1006 1008
f 1006 1007 1009
f 1008 1011 1010
f 1010 1011 1012
f 1013 1012 1011
f 1010 1012 1018
f 1011 1007 1013
f 1018 1012 1017
f 1017 1012 1015
f 1012 1013 1014
f 1012 1014 1015
f 1015 1014 1017
f 1013 1016 1014
f 1014 1016 1017
f 1018 1017 1016
f 1025 1020 1023
f 1019 1020 1025
f 1021 1019 1025
f 1019 1021 1020
f 1022 1023 1020
f 1025 1023 1024
f 1022 1024 1023
f 1028 1026 1027
f 1029 1028 1027
f 1029 1027 1026
f 1031 1032 1030
f 1031 1030 1040
f 1030 1032 1040
f 1039 1031 1040
f 1039 1033 1031
f 1031 1034 1032
f 1033 1038 1031
f 1034 1031 1038
f 1035 1040 1032
f 1038 1037 1034
f 1040 1035 1036
f 1037 1038 1033
f 1039 1040 1036
f 1041 1046 1047
f 1042 1041 1047
f 1041 1042 1043
f 1045 1043 1042
f 1049 1046 1041
f 1043 1044 1041
f 1044 1049 1041
f 1049 1051 1042
f 1052 1045 1042
f 1042 1047 1049
f 1046 1049 1047
f 1051 1050 1042
f 1052 1042 1050
f 1049 1044 1048
f 1051 1049 1048
f 1050 1053 1052
f 1051 1053 1050
f 1055 1056 1054
f 1057 1056 1055
f 1054 1057 1055
f 1059 1060 1058
f 1059 1067 1060
f 1063 1067 1059
f 1065 1062 1063
f 1062 1067 1063
f 1058 1061 1059
f 1059 1061 1063
f 1067 1062 1066
f 1065 1066 1062
f 1066 1065 1064
f 1061 1065 1063
f 1066 1064 1067
f 1068 1069 1072
f 1071 1069 1068
f 1070 1072 1069
f 1071 1070 1069
f 1071 1072 1070
f 1076 1074 1073
f 1074 1076 1075
f 1076 1073 1075
f 1082 1078 1077
f 1079 1082 1077
f 1078 1079 1077
f 1083 1079 1080
f 1083 1082 1079
f 1078 1080 1079
f 1080 1081 1083
f 1081 1082 1083
f 1086 1085 1084
f 1085 1086 1087
f 1084 1087 1086
f 1088 1090 1089
f 1091 1090 1088
f 1088 1089 1092
f 1092 1091 1088
f 1094 1093 1092
f 1093 1094 1097
f 1094 1092 1097
f 1097 1092 1096
f 1095 1096 1092
f 1096 1095 1097
f 1099 1098 1101
f 1102 1100 1098
f 1098 1100 1101
f 1102 1098 1099
f 1104 1103 1107
f 1105 1103 1104
f 1105 1107 1103
f 1106 1105 1104
f 1107 1105 1106
f 1109 1111 1108
f 1110 1109 1108
f 1109 1110 1111
f 1112 1113 1114
f 1113 1112 1115
f 1113 1115 1114
f 1119 1116 1117
f 1117 1116 1118
f 1119 1117 1118
f 1120 1123 1121
f 1122 1120 1124
f 1122 1123 1120
f 1124 1120 1121
f 1122 1125 1123
f 1125 1122 1126
f 1125 1126 1123
f 1127 1128 1137
f 1129 1137 1128
f 1129 1128 1130
f 1130 1131 1129
f 1127 1130 1128
f 1137 1129 1132
f 1129 1133 1132
f 1135 1133 1129
f 1129 1131 1134
f 1135 1129 1134
f 1135 1132 1133
f 1131 1130 1134
f 1132 1135 1134
f 1132 1134 1136
f 1137 1132 1136
f 1145 1139 1138
f 1138 1143 1145
f 1140 1143 1138
f 1141 1138 1139
f 1141 1146 1138
f 1142 1140 1138
f 1140 1142 1143
f 1142 1147 1143
f 1146 1142 1138
f 1141 1144 1146
f 1147 1145 1143
f 1146 1147 1142
f 1144 1147 1146
f 1148 1151 1149
f 1149 1151 1152
f 1152 1151 1150
f 1148 1150 1151
f 1152 1150 1153
f 1153 1150 1148
f 1153 1154 1152
f 1155 1154 1153
f 1153 1148 1155
f 1156 1157 1155
f 1157 1158 1155
f 1157 1156 1158
f 1159 1161 1162
f 1161 1159 1160
f 1162 1161 1160
f 1164 1163 1167
f 1163 1164 1165
f 1163 1165 1166
f 1166 1169 1163
f 1168 1163 1169
f 1167 1163 1168
f 1168 1169 1166
f 1172 1170 1171
f 1171 1177 1172
f 1171 1170 1173
f 1177 1171 1175
f 1174 1175 1171
f 1171 1173 1174
f 1175 1174 1173
f 1175 1173 1170
f 1177 1175 1178
f 1175 1176 1178
f 1175 1170 1176
f 1179 1177 1178
f 1179 1178 1180
f 1178 1176 1180
f 1181 1185 1182
f 1181 1182 1183
f 1185 1181 1184
f 1184 1181 1183
f 1184 1186 1185
f 1187 1185 1186
f 1187 1186 1184
f 1191 1192 1188
f 1190 1192 1191
f 1188 1189 1191
f 1189 1190 1191
f 1190 1194 1192
f 1189 1194 1190
f 1196 1194 1193
f 1195 1194 1196
f 1196 1193 1195
f 1199 1197 1198
f 1200 1199 1198
f 1200 1198 1197
f 1204 1201 1202
f 1202 1201 1203
f 1203 1204 1202
f 1205 1206 1208
f 1205 1207 1206
f 1208 1206 1207
f 1210 1209 1211
f 1211 1209 1212
f 1210 1212 1209
f 1217 1213 1214
f 1215 1217 1214
f 1214 1216 1215
f 1214 1213 1219
f 1216 1214 1219
f 1217 1215 1216
f 1216 1219 1217
f 1217 1219 1226
f 1213 1218 1219
f 1219 1227 1220
f 1220 1227 1221
f 1222 1221 1227
f 1221 1223 1220
f 1223 1221 1222
f 1220 1223 1224
f 1223 1225 1224
f 1220 1224 1225
f 1226 1219 1225
f 1220 1225 1219
f 1218 1227 1219
f 1229 1230 1228
f 1231 1229 1228
f 1232 1229 1231
f 1232 1230 1229
f 1228 1232 1231
f 1232 1234 1233
f 1232 1233 1235
f 1235 1233 1234
f 1236 1238 1237
f 1239 1238 1236
f 1239 1236 1237
f 1240 1242 1241
f 1242 1240 1243
f 1242 1243 1244
f 1244 1241 1242
f 1244 1243 1245
f 1245 1243 1240
f 1247 1246 1248
f 1247 1248 1249
f 1246 1249 1248
f 1253 1250 1251
f 1250 1254 1251
f 1252 1254 1250
f 1254 1255 1251
f 1253 1251 1255
f 1255 1254 1252
f 1257 1258 1256
f 1257 1259 1258
f 1256 1259 1257
f 1261 1263 1260
f 1260 1262 1261
f 1262 1263 1261
f 1264 1266 1265
f 1265 1267 1264
f 1267 1266 1264
f 1270 1276 1269
f 1269 1276 1268
f 1275 1268 1276
f 1276 1270 1271
f 1271 1269 1268
f 1270 1269 1271
f 1272 1271 1268
f 1273 1271 1274
f 1276 1271 1273
f 1271 1272 1274
f 1276 1280 1275
f 1276 1278 1280
f 1273 1277 1276
f 1278 1276 1277
f 1277 1280 1278
f 1279 1280 1277
f 1281 1279 1277
f 1280 1279 1281
f 1282 1283 1284
f 1285 1284 1283
f 1285 1283 1282
f 1286 1292 1287
f 1286 1287 1288
f 1288 1292 1286
f 1288 1287 1289
f 1290 1288 1289
f 1292 1288 1290
f 1290 1289 1291
f 1290 1291 1292
f 1294 1293 1295
f 1294 1295 1298
f 1297 1298 1295
f 1296 1297 1295
f 1293 1296 1295
f 1297 1296 1298
f 1300 1302 1299
f 1299 1301 1300
f 1300 1301 1302
f 1305 1304 1307
f 1304 1305 1303
f 1306 1305 1307
f 1306 1307 1304
f 1306 1304 1303
f 1309 1308 1310
f 1312 1309 1310
f 1311 1310 1308
f 1311 1312 1310
f 1313 1315 1314
f 1313 1316 1315
f 1316 1313 1314
f 1318 1317 1319
f 1318 1319 1320
f 1317 1320 1319
f 1324 1322 1321
f 1323 1321 1322
f 1321 1323 1324
f 1325 1326 1329
f 1329 1326 1327
f 1327 1326 1325
f 1328 1327 1325
f 1327 1328 1329
f 1331 1332 1333
f 1332 1331 1330
f 1333 1332 1330
f 1335 1337 1334
f 1335 1334 1336
f 1335 1336 1337
f 1341 1342 1340
f 1340 1342 1338
f 1339 1338 1342
f 1340 1338 1339
f 1343 1341 1340
f 1344 1341 1343
f 1342 1341 1348
f 1341 1347 1346
f 1344 1347 1341
f 1340 1345 1343
f 1343 1347 1344
f 1347 1343 1345
f 1341 1346 1348
f 1350 1348 1346
f 1347 1349 1346
f 1345 1349 1347
f 1349 1350 1346
f 1351 1354 1352
f 1353 1355 1351
f 1353 1351 1352
f 1352 1355 1353
f 1354 1351 1356
f 1356 1352 1354
f 1358 1360 1357
f 1359 1358 1357
f 1360 1358 1361
f 1361 1358 1359
f 1361 1362 1360
f 1359 1362 1361
f 1367 1364 1363
f 1364 1365 1363
f 1363 1365 1366
f 1366 1367 1363
f 1368 1367 1366
f 1368 1369 1367
f 1367 1369 1370
f 1368 1370 1369
f 1368 1366 1370
f 1366 1365 1370
f 1373 1371 1372
f 1373 1372 1374
f 1374 1372 1371
f 1374 1371 1376
f 1375 1374 1376
f 1376 1371 1375
f 1378 1382 1377
f 1378 1377 1379
f 1378 1379 1380
f 1380 1382 1378
f 1382 1380 1381
f 1379 1381 1380
f 1386 1384 1383
f 1383 1384 1385
f 1383 1385 1386
f 1387 1389 1390
f 1389 1387 1388
f 1390 1389 1388
f 1392 1391 1393
f 1393 1394 1392
f 1393 1391 1395
f 1396 1394 1393
f 1393 1395 1396
f 1396 1395 1391
f 1397 1398 1402
f 1399 1398 1397
f 1401 1402 1398
f 1400 1402 1401
f 1399 1401 1398
f 1403 1400 1401
f 1403 1402 1400
f 1407 1404 1405
f 1405 1409 1407
f 1409 1405 1406
f 1405 1404 1406
f 1409 1410 1407
f 1408 1409 1406
f 1410 1409 1408
f 1408 1411 1410
f 1235 1411 1408
f 1410 1411 1235
f 1412 1414 1413
f 1415 1413 1414
f 1414 1412 1415
f 1418 1416 1417
f 1416 1420 1417
f 1422 1416 1418
f 1420 1416 1422
f 1422 1423 1420
f 1422 1418 1423
f 1419 1424 1421
f 1419 1425 1424
f 1425 1419 1421
f 1427 1426 1428
f 1430 1427 1428
f 1428 1426 1430
f 1431 1430 1429
f 1431 1432 1430
f 1429 1432 1431
f 1436 1435 1434
f 1435 1433 1434
f 1433 1436 1434
f 1438 1435 1436
f 1433 1437 1436
f 1438 1436 1437
f 1438 1437 1439
f 1438 1439 1440
f 1437 1440 1439
f 1443 1441 1442
f 1444 1443 1442
f 1441 1444 1442
f 1447 1448 1445
f 1447 1445 1446
f 1447 1446 1448
f 1451 1449 1450
f 1450 1449 1458
f 1453 1451 1450
f 1453 1450 1455
f 1455 1450 1454
f 1456 1451 1452
f 1452 1451 1453
f 1458 1454 1450
f 1456 1452 1453
f 1457 1456 1453
f 1455 1454 1458
f 1457 1459 1456
f 1455 1457 1453
f 1459 1457 1455
f 1461 1459 1455
f 1455 1458 1460
f 1460 1458 1449
f 1460 1461 1455
f 1462 1463 1465
f 1462 1464 1463
f 1464 1465 1463
f 1466 1467 1469
f 1468 1467 1466
f 1469 1467 1468
f 1471 1470 1472
f 1473 1472 1470
f 1473 1470 1471
f 1475 1474 1477
f 1474 1475 1478
f 1477 1476 1475
f 1477 1479 1476
f 1476 1478 1475
f 1479 1477 1474
f 1483 1480 1481
f 1482 1481 1480
f 1481 1482 1483
f 1485 1486 1484
f 1487 1486 1485
f 1485 1484 1487
f 1486 1487 1489
f 1487 1484 1488
f 1488 1489 1487
f 1489 1488 1490
f 1490 1488 1484
f 1494 1491 1492
f 1493 1492 1491
f 1494 1492 1493
f 1497 1500 1495
f 1497 1499 1500
f 1500 1496 1498
f 1499 1497 1495
f 1501 1500 1498
f 1501 1498 1496
f 1502 1503 1505
f 1502 1504 1503
f 1503 1504 1505
f 1509 1510 1506
f 1509 1506 1511
f 1507 1511 1506
f 1508 1507 1506
f 1511 1507 1508
f 1511 1510 1509
f 1512 1513 1514
f 1513 1512 1515
f 1514 1513 1515
f 1516 1517 1518
f 1519 1516 1518
f 1518 1517 1519
f 1520 1522 1521
f 1523 1522 1520
f 1520 1521 1523
f 1526 1524 1525
f 1524 1526 1527
f 1527 1526 1525
f 1527 1529 1528
f 1528 1529 1530
f 1529 1527 1530
f 1532 1533 1531
f 1532 1531 1534
f 1532 1534 1533
f 1536 1537 1535
f 1535 1539 1536
f 1540 1536 1539
f 1538 1539 1535
f 1537 1536 1540
f 1538 1540 1539
f 1542 1545 1541
f 1543 1545 1542
f 1544 1543 1542
f 1544 1542 1541
f 1545 1543 1544
f 1550 1546 1548
f 1547 1548 1546
f 1546 1550 1547
f 1548 1547 1549
f 1548 1549 1550
f 1554 1551 1553
f 1552 1553 1551
f 1554 1553 1552
f 1556 1555 1557
f 1557 1555 1558
f 1555 1556 1558
f 1561 1560 1559
f 1561 1559 1562
f 1562 1559 1560
f 1563 1565 1566
f 1564 1565 1563
f 1564 1566 1565
f 1567 1569 1570
f 1568 1569 1567
f 1568 1570 1569
f 1572 1573 1571
f 1574 1571 1573
f 1573 1572 1574
f 1576 1575 388
f 1575 1578 388
f 1575 1576 1578
f 1578 1577 1580
f 1579 1577 1578
f 1580 1577 1579
f 1581 1583 1582
f 1584 1583 1581
f 1584 1581 1582
f 1585 1588 1586
f 1585 1586 1587
f 1588 1585 1587
f 1590 744 1589
f 1593 1590 1592
f 1593 744 1590
f 1592 1590 1591
f 1589 1591 1590
f 1591 1589 1592
f 1593 1594 744
f 1592 1594 1593
f 1594 1595 1596
f 1594 1596 1597
f 1595 1597 1596
f 1598 1600 1603
f 1600 1598 1599
f 1601 1600 1599
f 1602 1603 1600
f 1602 1600 1601
f 1602 1601 1603
f 1604 1606 1607
f 1605 1606 1604
f 1607 1606 1605
f 1609 1608 1611
f 1609 1610 1608
f 1610 1611 1608
f 1613 1612 1615
f 1614 1612 1613
f 1614 1615 1612
f 1617 1618 1616
f 1619 1618 1617
f 1617 1616 1619
f 1620 1623 1622
f 1623 1620 1621
f 1622 1624 1620
f 1625 1621 1620
f 1623 1621 1625
f 1623 1624 1622
f 1627 1628 1631
f 1628 1627 1626
f 1631 1628 1629
f 1627 1630 1626
f 1626 1630 1628
f 1631 1632 1627
f 1632 1631 1629
f 1635 1633 1634
f 1637 1635 1634
f 1638 1637 1634
f 1634 1633 1638
f 1638 1633 1636
f 1637 1638 1641
f 1636 1639 1638
f 1639 1640 1638
f 1638 1640 1641
f 1639 1641 1640
f 1645 1642 1644
f 1643 1644 1642
f 1643 1645 1644
f 1651 1646 1647
f 1651 1647 1648
f 1646 1648 1647
f 1651 1650 1649
f 1652 1651 1649
f 1652 1649 1650
f 1653 1655 1656
f 1655 1653 1654
f 1656 1655 1654
f 1658 1660 1657
f 1659 1658 1657
f 1660 1658 1659
f 1661 1664 1663
f 1662 1664 1661
f 1662 1663 1664
f 1662 1665 1663
f 1666 1663 1665
f 1666 1665 1662
f 1667 1668 1669
f 1669 1668 1670
f 1667 1670 1668
f 1674 1671 1672
f 1673 1672 1671
f 1673 1674 1672
f 1675 1678 1676
f 1675 1677 1678
f 1677 1675 1676
f 1682 1680 1679
f 1679 1680 1681
f 1681 1682 1679
f 1685 1684 1683
f 1684 1685 1688
f 1687 1685 1683
f 1687 1688 1685
f 1686 1687 1683
f 1687 1686 1688
f 1695 1694 1689
f 1697 1690 1689
f 1691 1689 1690
f 1697 1689 1694
f 1692 1689 1691
f 1691 1690 1697
f 1689 1692 1695
f 1693 1697 1694
f 1692 1691 1698
f 1698 1691 1697
f 1694 1695 1696
f 1695 1692 1696
f 1697 1693 1698
f 1699 1700 1702
f 1702 1700 1701
f 1700 1699 1703
f 1703 1699 1702
f 1702 1701 1703
f 1703 1704 1705
f 1704 1703 1705
f 1706 1709 1708
f 1708 1707 1706
f 1706 1707 1709
f 1716 1711 1710
f 1710 1711 1712
f 1713 1714 1712
f 1713 1712 1715
f 1714 1713 1715
f 1716 1710 1712
f 1718 1717 1720
f 1717 1718 1719
f 1719 1720 1717
f 1721 1724 1723
f 1721 1723 1722
f 1724 1721 1722
f 1728 1725 1726
f 1725 1727 1726
f 1728 1726 1727
f 1733 1729 1730
f 1731 1730 1729
f 1730 1732 1733
f 1729 1733 1731
f 1733 1732 1737
f 1732 1730 1737
f 1734 1737 1730
f 1730 1735 1734
f 1735 1737 1734
f 1737 1735 1736
f 1736 1735 1738
f 1737 1736 1738
f 1739 1740 1741
f 1740 1739 1742
f 1741 1740 1742
f 1744 1743 1746
f 1744 1745 1743
f 1745 1746 1743
f 1748 1756 1747
f 1749 1747 1756
f 1750 1748 1747
f 1749 1751 1747
f 1753 1756 1748
f 1756 1757 1749
f 1747 1751 1750
f 1752 1748 1750
f 1753 1751 1749
f 1750 1751 1754
f 1753 1748 1752
f 1754 1752 1750
f 1754 1751 1753
f 1756 1753 1755
f 1753 1752 1754
f 1756 1755 1757
f 1759 1760 1758
f 1759 1762 1760
f 1760 1762 1763
f 1759 1758 1761
f 1762 1759 1761
f 1763 1762 1761
f 1767 1764 1765
f 1764 1766 1765
f 1765 1766 1767
f 1771 1769 1768
f 1771 1770 1769
f 1772 1770 1771
f 1773 1771 1768
f 1772 1771 1773
f 1779 1772 1773
f 1779 1774 1772
f 1772 1774 1775
f 1780 1773 1768
f 1775 1774 1779
f 1779 1773 1780
f 1777 1775 1776
f 1778 1775 1777
f 1776 1778 1777
f 1780 1782 1779
f 1768 1781 1780
f 1782 1780 1781
f 1785 1784 1783
f 1786 1783 1784
f 1786 1785 1783
f 1790 1787 1791
f 1787 1790 1788
f 1787 1788 1789
f 1787 1789 1791
f 1790 1791 1789
f 1793 1794 1792
f 1794 1793 1796
f 1793 1792 1795
f 1793 1795 1796
f 1797 1798 1800
f 1803 1800 1798
f 1801 1800 1799
f 1798 1802 1803
f 1802 1798 1797
f 1801 1799 1804
f 1804 1799 1800
f 1800 1803 1804
f 1802 1804 1803
f 1806 1808 1805
f 1805 1807 1806
f 1808 1806 1807
f 1810 1811 1809
f 1812 1811 1810
f 1812 1810 1809
f 1813 1819 1814
f 1819 1823 1814
f 1816 1819 1813
f 1815 1813 1814
f 1816 1813 1820
f 1813 1818 1820
f 1815 1818 1813
f 1818 1815 1814
f 1814 1823 1817
f 1818 1814 1817
f 1817 1821 1818
f 1818 1821 1820
f 1816 1822 1819
f 1822 1823 1819
f 1826 1824 1825
f 1826 1825 1827
f 1824 1827 1825
f 1829 1828 1830
f 1831 1830 1828
f 1828 1832 1831
f 1828 1829 1832
f 1831 1832 1833
f 1832 1829 1833
f 1835 1836 1834
f 1836 1835 1837
f 1837 1835 1834
f 1839 1841 1838
f 1840 1839 1838
f 1839 1840 1842
f 1841 1839 1842
f 1840 1838 1842
f 1844 1845 1843
f 1844 1846 1845
f 1847 1848 1846
f 1849 1846 1844
f 1846 1848 1850
f 1843 1849 1844
f 1847 1850 1848
f 1851 1852 1855
f 1854 1855 1852
f 1851 1853 1852
f 1853 1854 1852
f 1855 1854 1853
f 1857 1856 1859
f 1856 1857 1858
f 1859 1856 1858
f 1861 1860 1862
f 1861 1862 1863
f 1862 1860 1863
f 1868 1869 1864
f 1868 1864 1867
f 1867 1864 1865
f 1866 1865 1864
f 1867 1865 1866
f 1869 1868 1872
f 1868 1867 1872
f 1872 1867 1870
f 1871 1870 1867
f 1871 1872 1870
f 1875 1874 1873
f 1875 1876 1874
f 1876 1875 1873
f 1877 1878 1880
f 1878 1877 1879
f 1878 1879 1880
f 1881 1883 1882
f 1884 1881 1882
f 1884 1883 1881
f 1886 1885 1888
f 1885 1886 1887
f 1885 1887 1888
f 1895 1889 1892
f 1891 1894 1895
f 1890 1889 1895
f 1890 1892 1889
f 1893 1894 1891
f 1894 1893 1895
f 1897 1896 1899
f 1898 1896 1897
f 1898 1899 1896
f 1905 1900 1901
f 1901 1900 1902
f 1902 1905 1901
f 1905 1903 1904
f 1906 1905 1904
f 1904 1903 1906
f 1907 1909 1908
f 1912 1909 1907
f 1908 1910 1907
f 1911 1912 1907
f 1911 1907 1910
f 1913 1911 1910
f 1913 1912 1911
f 1912 1913 1910
f 1916 1915 1914
f 1916 1917 1915
f 1914 1917 1916
f 1918 1920 1919
f 1921 1919 1920
f 1920 1918 1921
f 1922 1923 1925
f 1923 1922 1924
f 1923 1924 1925
f 1927 1924 1926
f 1928 1926 1924
f 1927 1926 1928
f 1931 1928 1929
f 1930 1929 1928
f 1930 1931 1929
f 1932 1933 1931
f 1932 1934 1933
f 1931 1933 1934
f 1936 1938 1935
f 1936 1937 1938
f 1936 1935 1937
f 1940 1941 1939
f 1941 1942 1939
f 1942 1941 1940
f 1945 1943 1944
f 1944 1943 1946
f 1948 1946 1943
f 1948 1943 1945
f 1945 1947 1948
f 1949 1947 1945
f 1949 1948 1947
f 1950 1953 1951
f 1952 1950 1951
f 1950 1952 1953
f 1954 1955 1958
f 1956 1954 1958
f 1954 1957 1955
f 1957 1954 1956
f 1956 1958 1959
f 1958 1955 1959
f 1963 1960 1961
f 1964 1961 1960
f 1963 1962 1967
f 1962 1963 1965
f 1963 1961 1964
f 1967 1962 1965
f 1967 1965 1966
f 1967 1966 1968
f 1966 1965 1968
f 1970 1971 1969
f 1972 1970 1969
f 1972 1971 1970
f 1973 1971 1972
f 1974 1973 1972
f 1973 1974 1971
f 1975 1978 1976
f 1976 1977 1975
f 1977 1978 1975
f 1982 1980 1979
f 1979 1980 1981
f 1982 1979 1981
f 1983 1985 1984
f 1986 1985 1983
f 1986 1983 1984
f 1993 1987 1990
f 1990 1987 1988
f 1989 1987 1991
f 1987 1992 1991
f 1992 1989 1991
f 1993 1990 1988
f 1995 1994 1996
f 1996 1994 1997
f 1997 1994 1995
f 2000 1998 1999
f 2000 1999 2002
f 2002 2001 2000
f 2006 2002 1999
f 2001 2003 2000
f 1999 1998 2004
f 2003 2001 2002
f 2004 2005 1999
f 2006 1999 2005
f 2004 2006 2005
f 2009 2014 2007
f 2010 2008 2009
f 2007 2010 2009
f 2010 2011 2008
f 2011 2009 2008
f 2007 2013 2010
f 2009 2012 2014
f 2013 2011 2010
f 2011 2012 2009
f 2015 2012 2011
f 2011 2013 2015
f 2017 2016 2024
f 2024 2016 2023
f 2016 2017 2018
f 2018 2017 2021
f 2018 2020 2016
f 2023 2016 2019
f 2019 2016 2020
f 2021 2022 2018
f 2021 2017 2022
f 2025 2024 2023
f 2025 2023 2019
f 2029 2026 2027
f 2027 2026 2028
f 2027 2028 2029
f 2031 2033 2030
f 2031 2030 2032
f 2032 2033 2031
f 2037 2034 2036
f 2036 2034 2035
f 2037 2036 2035
f 2038 2041 2039
f 2038 2039 2040
f 2040 2041 2038
f 2043 2042 2044
f 2042 2047 2044
f 2045 2042 2043
f 2047 2042 2046
f 2048 2043 2044
f 2042 2045 2046
f 2043 2046 2045
f 2047 2046 2043
f 2048 2047 2043
f 2051 2050 2049
f 2049 2052 2051
f 2052 2049 2050
f 2054 2053 2055
f 2056 2054 2055
f 2056 2055 2053
f 2059 2058 2057
f 2060 2059 2057
f 2058 2060 2057
f 2061 2064 2063
f 2062 2064 2061
f 2062 2063 2064
f 2065 2067 2066
f 2066 2068 2065
f 2066 2067 2068
f 2072 2069 2071
f 2070 2071 2069
f 2070 2072 2071
f 2078 2075 2074
f 2073 2074 2075
f 2076 2073 2075
f 2075 2078 2076
f 2077 2074 2073
f 2074 2077 2078
f 2080 2079 2082
f 2079 2080 2081
f 2081 2082 2079
f 2081 2084 2083
f 2083 2084 2085
f 2085 2084 2081
f 2089 2086 2087
f 2088 2087 2086
f 2089 2087 2088
f 2090 2094 2091
f 2090 2091 2092
f 2093 2094 2090
f 2094 2098 2091
f 2093 2090 2092
f 2095 2098 2094
f 2096 2095 2094
f 2097 2095 2096
f 2097 2098 2095
f 2097 2094 2093
f 2097 2096 2094
f 2100 2097 2093
f 2098 2097 2099
f 2100 2099 2097
f 2099 2100 2102
f 2102 2100 2101
f 2100 2093 2101
f 2103 2102 2104
f 2102 2103 2105
f 2103 2104 2105
f 2106 2107 2108
f 2109 2107 2106
f 2109 2106 2108
f 2111 2110 2112
f 2110 2111 2113
f 2112 2110 2113
f 2116 2115 2114
f 2117 2115 2116
f 2117 2116 2114
f 2118 2122 2120
f 2122 2119 2121
f 2119 2122 2118
f 2122 2121 2120
f 2119 2118 2123
f 2121 2124 2120
f 2123 2013 2119
f 2120 2124 2125
f 2123 2118 2013
f 2121 2125 2124
f 2125 2121 2126
f 2125 2126 2127
f 2127 2126 2121
f 2129 2128 2131
f 2128 2129 2130
f 2131 2128 2130
f 2133 2134 2132
f 2133 2132 2135
f 2135 2132 2134
f 2138 2137 2136
f 2139 2136 2137
f 2138 2136 2139
f 2142 2141 2140
f 2142 2140 2143
f 2143 2140 2141
f 2145 2146 2144
f 2145 2144 2147
f 2148 2146 2145
f 2145 2147 2148
f 2150 2149 2152
f 2150 2151 2149
f 2149 2151 2152
f 2155 2153 2154
f 2154 2156 2155
f 2156 2154 2153
f 1260 2157 2159
f 2157 1260 2158
f 2157 2158 2159
f 2160 2161 2162
f 2166 2161 2160
f 2166 2160 2162
f 2162 2164 2166
f 2164 2162 2163
f 2165 2164 2163
f 2166 2164 2165
f 2167 2168 2170
f 2168 2167 2169
f 2170 2168 2169
f 2173 2176 2171
f 2173 2171 2172
f 2171 2174 2177
f 2175 2174 2171
f 2172 2176 2173
f 2175 2177 2174
f 2179 2178 2180
f 2179 2181 2178
f 2180 2178 2181
f 2185 2183 2182
f 2183 2184 2182
f 2185 2182 2184
f 2188 2186 2187
f 2189 2188 2187
f 2187 2186 2189
f 2190 2191 2195
f 2191 2194 2195
f 2192 2194 2191
f 2190 2192 2191
f 2193 2194 2192
f 2194 2193 2195
f 2197 2196 2199
f 2198 2196 2197
f 2199 2196 2198
f 2201 2200 2203
f 2201 2202 2200
f 2204 2203 2200
f 2202 2204 2200
f 2202 2205 2204
f 2205 2202 2206
f 2204 2205 2206
f 2210 2207 2212
f 2209 2210 2212
f 2210 2208 2207
f 2212 2207 2211
f 2208 2210 2209
f 2211 2207 2208
f 2213 2214 2215
f 2216 2214 2213
f 2216 2213 2215
f 2220 2217 2218
f 2219 2218 2217
f 2219 2220 2218
f 2222 2223 2221
f 2223 2222 1890
f 1890 2222 2221
f 2225 2226 2224
f 2224 2227 2225
f 2224 2226 2227
f 2230 2229 2228
f 2230 2231 2229
f 2231 2230 2228
f 2233 2232 2235
f 2235 2232 2234
f 2234 2232 2233
f 2235 2236 2237
f 2238 2237 2236
f 2238 2236 2235
f 2241 2239 2242
f 2240 2239 2241
f 2240 2242 2239
f 2241 2242 2243
f 2240 2243 2242
f 2246 2245 2244
f 2245 2246 2247
f 2247 2246 2244
f 2250 2248 2249
f 2250 2251 2248
f 2250 2249 2251
f 2252 2258 2254
f 2252 2254 2253
f 2255 2252 2253
f 2253 2259 2255
f 2254 2257 2253
f 2259 2253 2257
f 2252 2255 2256
f 2254 2259 2257
f 2252 2256 2258
f 2263 2260 2261
f 2261 2260 2262
f 2262 2263 2261
f 2266 2265 2264
f 2267 2266 2264
f 2264 2265 2267
f 2270 2268 2269
f 2269 2268 2271
f 2269 2271 2270
f 2274 2273 2272
f 2275 2273 2274
f 2275 2274 2272
f 2278 2279 2276
f 2277 2278 2276
f 2279 2277 2276
f 2284 2285 2281
f 2285 2280 2281
f 2285 2282 2280
f 2280 2282 2281
f 2281 2283 2284
f 2284 2283 2285
f 2288 2286 2287
f 2289 2288 2287
f 2287 2286 2289
f 2292 2290 2293
f 2293 2290 2291
f 2292 2293 2291
f 2294 2295 2296
f 2296 2295 2299
f 2297 2299 2295
f 2294 2297 2295
f 2299 2297 2298
f 181 2299 2298
f 2294 181 2297
f 181 2298 2297
f 2302 2300 2301
f 2300 2303 2301
f 2303 2302 2301
f 2305 2304 2306
f 2306 2304 2307
f 2305 2307 2304
f 2310 2308 2311
f 2308 2310 2309
f 2309 2311 2308
f 2314 2312 2313
f 2314 2315 2312
f 2315 2314 2313
f 2319 2316 2318
f 2318 2316 2317
f 2319 2318 2317
f 2320 2322 2321
f 2323 2322 2320
f 2323 2320 2321
f 2324 2326 2327
f 2324 2327 2325
f 2325 2326 2324
f 2327 2328 74
f 2328 2327 2329
f 2329 74 2328
f 2332 2330 2331
f 2333 2331 2330
f 2332 2331 2333
f 2334 2335 2337
f 2335 2334 2336
f 2337 2335 2336
f 2338 2339 2340
f 2341 2339 2338
f 2342 2339 2341
f 2339 2342 2340
f 2341 2343 2342
f 2341 2338 2343
f 2346 2344 2347
f 2344 2345 2347
f 2346 2347 2345
f 2348 2349 2350
f 2351 2348 2350
f 2350 2349 2351
f 2353 2355 2352
f 2353 2352 2354
f 2352 2355 2354
f 2355 2356 2357
f 2358 2355 2357
f 2358 2357 2356
f 2360 2359 2365
f 2361 2359 2362
f 2362 2359 2360
f 2366 2365 2359
f 2363 2362 2360
f 2366 2359 2361
f 2362 2366 2361
f 2366 2362 2363
f 2364 2366 2363
f 2364 2365 2366
f 2364 2367 2368
f 2369 2367 2364
f 2368 2367 2369
f 2375 2370 2371
f 2373 2375 2371
f 2370 2372 2371
f 2372 2370 2375
f 2374 2373 2371
f 2373 2374 2375
f 2377 2382 2376
f 2377 2376 2381
f 2382 2377 2381
f 2381 2376 2378
f 2381 2383 2382
f 2378 2379 2381
f 2380 2383 2381
f 2379 2378 2380
f 2381 2379 2380
f 2382 2383 2385
f 2385 2383 2380
f 2384 2385 2386
f 2385 2384 2391
f 2387 2389 2388
f 2389 2387 2390
f 2390 2387 2388
f 2391 2384 2386
f 2393 2394 2392
f 2395 2392 2394
f 2395 2394 2393
f 2397 2396 2400
f 2398 2400 2396
f 2397 2398 2396
f 2398 2399 2400
f 2399 2401 2400
f 2401 2399 2398
f 2403 2402 2404
f 2402 2403 2405
f 2405 2404 2402
f 2407 2406 2408
f 2408 2406 2410
f 2407 2410 2406
f 2410 2407 2409
f 2410 2409 2412
f 2414 2410 2411
f 2411 2410 2413
f 2409 2407 2412
f 2414 2411 2413
f 2416 2415 2418
f 2416 2417 2415
f 2415 2417 2418
f 2421 2419 2420
f 2422 2421 2420
f 2420 2419 2422
f 2425 2424 2423
f 2423 2426 2425
f 2426 2423 2424
f 2427 2429 2428
f 2430 2427 2428
f 2427 2430 2429
f 2434 2432 2431
f 2433 2431 2432
f 2434 2431 2433
f 2435 2436 2438
f 2436 2435 2437
f 2438 2437 2435
f 2440 2439 2441
f 2441 2442 2440
f 2439 2442 2441
f 2443 2444 2445
f 2444 2443 1981
f 2444 1981 2445
f 2448 2445 2446
f 2446 2445 2447
f 2448 2446 2447
f 2452 2449 2450
f 2449 2451 2450
f 2451 2452 2450
f 2453 2455 2454
f 2456 2453 2454
f 2456 2454 2455
f 2459 2458 2457
f 2460 2457 2458
f 2460 2458 2459
f 2462 2464 2461
f 2462 2461 2463
f 2463 2464 2462
f 2465 2466 2468
f 2465 2467 2466
f 2466 2467 2468
f 2469 2467 2465
f 2470 2467 2469
f 2465 2470 2469
f 2472 2471 2470
f 2473 2470 2471
f 2473 2471 2472
f 2475 2474 2472
f 2474 2476 2472
f 2475 2476 2474
f 2480 2478 2477
f 2477 2479 2480
f 2477 2478 2479
f 2483 2481 2482
f 2483 2484 2481
f 2482 2485 2483
f 2484 2482 2481
f 2483 2485 2486
f 2486 2485 2482
f 2492 2487 2488
f 2489 2488 2487
f 2490 2489 2487
f 2490 2491 2489
f 2491 2490 2487
f 2492 2488 2489
f 2496 2493 2494
f 2493 2495 2494
f 2496 2494 2495
f 2497 2496 2495
f 2496 2497 2500
f 2497 2495 2498
f 2500 2497 2498
f 2500 2498 2499
f 2502 2500 2499
f 2502 2499 2498
f 2501 2503 2502
f 2503 2504 2502
f 2504 2503 2501
f 2504 2506 2505
f 2507 2505 2506
f 2507 2506 2504
f 2508 2511 2509
f 2509 2510 2508
f 2508 2510 2511
f 1906 2512 2513
f 2514 2513 2512
f 1906 2513 2515
f 2513 2514 2515
f 2516 2518 2517
f 2519 2516 2517
f 2519 2517 2518
f 2521 2522 2520
f 2523 2522 2521
f 2523 2521 2520
f 2525 2528 2524
f 2528 2525 2527
f 2526 2527 2525
f 2524 2526 2525
f 2527 2526 2528
f 2529 2532 2530
f 2531 2529 2530
f 2531 2532 2529
f 2536 2534 2533
f 2533 2535 2536
f 2534 2535 2533
f 2538 2536 2535
f 2537 2538 2535
f 2536 2538 2537
f 2541 2539 2540
f 2542 2541 2540
f 2540 2539 2543
f 2540 2543 2365
f 2542 2540 2365
f 2365 2543 2539
f 2545 2544 2547
f 2546 2544 2545
f 2544 2546 2547
f 2548 2550 2549
f 2551 2549 2550
f 2551 2550 2548
f 2553 2554 2552
f 2555 2553 2552
f 2554 2555 2552
f 2556 2557 2558
f 2557 2559 2558
f 2557 2556 2559
f 2561 2560 2562
f 2560 2563 2562
f 2563 2560 2561
f 2565 2564 2566
f 2566 2564 2567
f 2567 2564 2565
f 2570 2568 2569
f 2569 2568 2571
f 2569 2571 2570
f 2575 2572 2573
f 2573 2572 2574
f 2575 2573 2574
f 2576 2578 2577
f 2576 2577 2579
f 2579 2578 2576
f 2583 2581 2580
f 2581 2582 2580
f 2580 2582 2583
f 2588 2584 2586
f 2584 2585 2586
f 2588 2586 2585
f 2587 2588 2585
f 2587 2585 2589
f 2588 2587 2589
f 2590 2591 2589
f 2589 2592 2590
f 2591 2590 2592
f 2594 2595 2593
f 2594 220 2595
f 2593 220 2594
f 348 2596 2597
f 348 2597 2598
f 2596 2598 2597
f 2601 2600 2599
f 2600 2602 2599
f 2600 2601 2602
f 2604 2606 2603
f 2605 2604 2603
f 2605 2606 2604
f 2608 2607 2609
f 2610 2607 2608
f 2607 2610 2609
f 2608 2611 2610
f 2610 2611 2612
f 2608 2612 2611
f 2614 2613 2616
f 2614 2615 2613
f 2613 2615 2616
f 2619 2617 2618
f 2618 2617 2620
f 2619 2620 2617
f 2624 2621 2622
f 2622 2621 2625
f 2625 2624 2622
f 2625 2621 2623
f 2626 2624 2625
f 2625 2623 2626
f 2628 2630 2627
f 2627 2630 2628
f 2629 2630 2627
f 2629 2631 2630
f 2629 2627 2631
f 2633 2632 2634
f 2635 2632 2633
f 2632 2635 2634
f 2636 2638 2637
f 2640 2636 2637
f 2642 2637 2639
f 2638 2636 2640
f 2637 2641 2639
f 2639 2641 2642
f 2644 2645 2643
f 2646 2643 2645
f 2647 2644 2643
f 2645 2644 2647
f 2643 2646 2648
f 2645 2648 2646
f 2650 2652 2649
f 2650 2649 2651
f 2652 2650 2651
f 2655 2653 2654
f 2653 2656 2654
f 2655 2654 2657
f 2656 2658 2654
f 2657 2654 2658
f 2657 2658 2656
f 2660 2662 2659
f 2660 2659 2661
f 2662 2660 2661
f 2664 2663 2665
f 2664 2003 2663
f 2665 2003 2664
f 2665 2666 2667
f 2665 2667 2668
f 2667 2666 2668
f 2670 2672 2669
f 2671 2672 2670
f 2671 2670 2669
f 2674 2673 2676
f 2674 2675 2673
f 2676 2673 2675
f 2677 2678 2679
f 2678 2677 2680
f 2680 2677 2679
f 2681 2680 2679
f 2682 2680 2681
f 2682 2681 2679
f 2683 2685 2684
f 2685 2683 2686
f 2683 2684 2686
f 2687 2689 2688
f 2690 2688 2689
f 2689 2687 2690
f 2690 2691 2693
f 2690 2692 2691
f 2692 2693 2691
f 2694 2695 2697
f 2695 2694 2696
f 2697 2695 2696
f 2698 2700 2699
f 2512 2700 2698
f 2512 2698 2699
f 2702 2701 2706
f 2702 2703 2701
f 2701 2703 2706
f 2706 2703 2704
f 2705 2704 2703
f 2704 2705 2706
f 2708 2710 2707
f 2708 2707 2709
f 2709 2710 2708
f 2711 2712 2713
f 2713 2712 2714
f 2711 2714 2712
f 2716 2717 2715
f 2716 2715 2718
f 2717 2716 2718
f 2719 2721 2720
f 2722 2721 2719
f 2719 2720 2722
f 2725 2723 2724
f 2725 2724 2726
f 2726 2724 2723
f 2727 2728 2729
f 2729 2730 2727
f 2728 2730 2729
f 2734 2732 2731
f 2731 2733 2734
f 2734 2733 2732
f 2738 2736 2735
f 2736 2737 2735
f 2738 2735 2737
f 2739 2741 2740
f 2742 2741 2739
f 2742 2739 2740
f 2745 2744 2743
f 2746 2745 2743
f 2746 2743 2744
f 2750 2747 2748
f 2748 2747 2749
f 2750 2748 2749
f 2752 2753 2751
f 2752 2754 2753
f 2754 2752 2751
f 2757 2755 2756
f 2757 69 2755
f 69 2757 2756
f 2758 2759 2760
f 2760 2761 2758
f 2761 2760 2759
f 2765 2762 2763
f 2763 2762 2764
f 2765 2764 2762
f 2765 2766 2767
f 2766 2765 2768
f 2767 2766 2768
f 2769 2770 2771
f 2772 2770 2769
f 2769 2771 2772
f 2775 2776 2773
f 2774 2775 2773
f 2776 2774 2773
f 2777 2778 2780
f 2779 2778 2777
f 2778 2779 2780
f 2782 2783 2781
f 2786 2781 2783
f 2786 2783 2782
f 2785 2786 2784
f 2787 2785 2784
f 2787 2786 2785
f 2789 2788 2790
f 2788 2789 2791
f 2791 2790 2788
f 2793 2792 2794
f 2795 2794 2792
f 2792 2793 2795
f 2799 2796 2797
f 2798 2797 2796
f 2797 2798 2799
f 2800 2801 2802
f 2803 2801 2800
f 2803 2802 2801
f 2806 2805 2804
f 2805 2807 2804
f 2806 2807 2805
f 2810 2809 2808
f 2808 2809 2811
f 2810 2808 2811
f 2814 2812 2813
f 2815 2814 2813
f 2815 2813 2812
f 2819 2816 2817
f 2818 2817 2816
f 2817 2818 2819
f 2820 2822 2821
f 2820 2821 2825
f 2822 2820 2825
f 2823 2825 2821
f 2824 2823 2821
f 2824 2825 2823
f 2828 2829 2826
f 2826 2827 2828
f 2827 2829 2828
f 2831 2832 2830
f 2833 2832 2831
f 2833 2831 2830
f 2834 2837 2835
f 2836 2834 2835
f 2834 2836 2837
f 2840 2839 2838
f 2839 2840 2841
f 2841 2840 2838
f 2842 2843 2845
f 2843 2842 2844
f 2845 2843 2844
f 2847 594 2846
f 2846 2848 2847
f 2846 594 2848
f 2850 2852 2849
f 2851 2850 2849
f 2851 2852 2850
f 2854 2853 2806
f 2855 2853 2854
f 2806 2853 2855
f 2859 2856 2858
f 2857 2856 2860
f 2858 2856 2857
f 2860 2856 2859
f 2857 2860 2859
f 2861 2862 2863
f 2862 2864 2863
f 2864 2862 2861
f 2869 2866 2865
f 2866 2869 2870
f 2870 2867 2866
f 2867 2868 2866
f 2868 2867 2870
f 2869 2865 2870
f 2871 2874 2873
f 2872 2874 2871
f 2872 2873 2874
f 2876 2875 2877
f 2876 2878 2875
f 2878 2876 2877
f 2879 2881 2880
f 2882 2881 2879
f 2879 2880 2882
f 2884 2886 2883
f 2885 2884 2883
f 2886 2884 2885
f 2888 2887 2890
f 2887 2889 2890
f 2890 2889 2888
f 2893 2888 2891
f 2888 2893 2892
f 2892 2893 2891
f 2894 2895 2897
f 2895 2894 2896
f 2897 2895 2896
f 2898 2901 2899
f 2900 2898 2899
f 2898 2900 2901
f 2902 2905 2903
f 2904 2905 2902
f 2903 2904 2902
f 2908 2907 2906
f 2909 2906 2907
f 2908 2906 2909
f 2911 2912 2910
f 2912 2911 2913
f 2913 2911 2910
f 2916 2915 2914
f 2914 2917 2916
f 2914 2915 2917
f 2920 2919 2918
f 2921 2918 2919
f 2920 2918 2921
f 2922 2923 2924
f 2922 2925 2923
f 2924 2923 2925
f 2926 2928 2927
f 2926 2929 2928
f 2927 2929 2926
f 2930 2931 2932
f 2933 2932 2931
f 2933 2931 2930
f 2935 2936 2934
f 2934 2936 2937
f 2937 2936 2935
f 2938 2941 2939
f 2940 2938 2939
f 2938 2940 2941
f 2942 2944 2941
f 2943 2942 2941
f 2944 2942 2943
f 2946 2945 2947
f 2948 2947 2945
f 2946 2947 2948
f 2949 2950 2951
f 2952 2951 2950
f 2952 2950 2949
f 2954 2953 2955
f 2955 2953 2956
f 2954 2956 2953
f 2958 2959 2957
f 2959 2960 2957
f 2959 2958 2960
f 2963 2962 2961
f 2963 2964 2962
f 2964 2963 2961
f 2968 2965 2967
f 2965 2966 2967
f 2968 2967 2966
f 2969 2971 2970
f 2971 2969 2973
f 2969 2970 2973
f 2972 2973 2970
f 2973 2972 2974
f 2970 2974 2972
f 2977 2976 2975
f 2977 2975 2978
f 2975 2976 2978
f 2981 2980 2979
f 2981 2979 2982
f 2982 2979 2980
f 2984 2986 2983
f 2985 2984 2983
f 2986 2984 2985
f 2987 2988 2986
f 2989 2986 2988
f 2989 2988 2987
f 2995 2990 2993
f 2990 2995 2991
f 2995 2993 2992
f 2993 2994 2992
f 2991 2993 2990
f 2994 2995 2992
f 2998 2997 2996
f 2997 2999 2996
f 2996 2999 2998
f 3001 3000 3003
f 3002 3000 3001
f 3002 3003 3000
f 3004 338 3005
f 3004 3005 2787
f 3005 338 2787
f 3007 3006 3009
f 3008 3006 3007
f 3009 3006 3008
f 3011 3010 3012
f 3013 3010 3011
f 3012 3013 3011
f 3015 3014 3016
f 3015 3016 3017
f 3017 3016 3014
f 3019 3021 3018
f 3020 3019 3018
f 3021 3019 3020
f 3024 3023 3022
f 3025 3023 3024
f 3022 3025 3024
f 3026 3028 3029
f 3027 3028 3026
f 3029 3028 3027
f 3033 3030 3031
f 3031 3030 3032
f 3031 3032 3033
f 3035 3036 3034
f 3035 3034 3038
f 3038 3036 3035
f 3037 3038 3039
f 3038 3037 3040
f 3037 3039 3040
f 3042 3041 3044
f 3041 3042 3043
f 3041 3043 3044
f 3045 3046 3048
f 3047 3046 3045
f 3047 3049 3046
f 3046 3049 3048
f 3050 3051 3053
f 3050 3052 3051
f 3051 3052 3053
f 3056 3054 3055
f 3054 3056 3057
f 3057 3056 3055
f 674 3059 3060
f 3058 3059 674
f 3060 3059 3058
f 3063 3061 3064
f 3061 3062 3064
f 3063 3062 3061
f 3066 3065 3067
f 3068 3065 3066
f 3068 3066 3067
f 3069 3071 3070
f 3072 3071 3069
f 3070 3072 3069
f 3076 3073 3074
f 3074 3073 3075
f 3075 3076 3074
f 3080 3078 3077
f 3077 3078 3079
f 3077 3079 3080
f 3081 3084 3083
f 3081 3082 3084
f 3083 3084 3082
f 3086 3085 3087
f 3087 3085 3088
f 3086 3088 3085
f 3089 3090 3091
f 3090 3092 3091
f 3092 3093 3091
f 3092 3090 3089
f 3091 3093 3094
f 3094 3093 3092
f 3097 3095 125
f 3095 3096 125
f 3095 3097 3096
f 3099 3098 3100
f 3100 3101 3099
f 3100 3098 3101
f 3102 3105 3103
f 3104 3102 3103
f 3102 3104 3105
f 3106 3107 3108
f 3110 3107 3106
f 3109 3111 3107
f 3108 3110 3106
f 3112 3109 3107
f 3112 3111 3109
f 3113 3115 3114
f 3116 3113 3114
f 3116 3114 3115
f 3118 3119 3117
f 3118 3117 3120
f 3117 3119 3120
f 3068 3122 3123
f 3121 3122 3068
f 3122 3121 3123
f 3124 3125 3126
f 3125 3124 3127
f 3127 3124 3126
f 3131 3128 3129
f 3129 3128 3130
f 3130 3131 3129
f 3131 3130 3132
f 3133 3132 3130
f 3134 3131 3132
f 3134 3132 3133
f 3138 3135 3136
f 3136 3135 3137
f 3138 3136 3137
f 3139 3141 3140
f 3139 3142 3141
f 3140 3142 3139
f 3143 3144 3145
f 3143 3146 3144
f 3145 3146 3143
f 3150 3148 3147
f 3148 3149 3147
f 3147 3149 3150
f 3153 3152 3151
f 3152 3154 3151
f 3154 3153 3151
f 3157 3156 3155
f 3156 3158 3155
f 3158 3156 3157
f 3158 3157 3159
f 3159 3160 3158
f 3159 3157 194
f 3160 3159 194
f 3161 3162 3171
f 3163 3162 3161
f 3163 3171 3162
f 3171 3163 3164
f 3174 3164 3163
f 3165 3164 3174
f 3164 3165 3167
f 3167 3165 3174
f 3166 3164 3168
f 3166 3168 3172
f 3168 3164 3172
f 3164 3166 3179
f 3167 3174 3173
f 3174 3206 3169
f 3167 3173 3170
f 3164 3179 3171
f 3164 3167 3175
f 3166 3172 3179
f 3169 3173 3174
f 3175 3167 3170
f 3175 3170 3173
f 3164 3175 3172
f 3206 3174 3176
f 3169 3180 3173
f 3178 3173 3180
f 3177 3175 3173
f 3177 3173 3178
f 3183 3172 3175
f 3176 3174 3163
f 3180 3169 3178
f 3172 3199 3179
f 3175 3177 3183
f 3181 3176 3163
f 3186 3176 3181
f 3172 3183 3182
f 3176 3186 3184
f 3190 3176 3184
f 3185 3182 3183
f 3183 3193 3185
f 3199 3172 3182
f 3181 3187 3184
f 3181 3184 3186
f 3182 3185 3193
f 3190 3184 3187
f 3190 3187 3181
f 3206 3176 3189
f 3176 3190 3189
f 3188 3183 3177
f 3193 3183 3188
f 3182 3193 3192
f 3199 3182 3192
f 3181 3163 3191
f 3194 3192 3193
f 3189 3190 3195
f 3194 3193 3196
f 3197 3195 3190
f 3188 3196 3193
f 3189 3195 3197
f 3194 3196 3192
f 3196 3188 3192
f 3190 3181 3191
f 3197 3206 3189
f 3197 3190 3200
f 3188 3198 3192
f 3198 3199 3192
f 3191 3201 3190
f 3190 3201 3202
f 3200 3206 3197
f 3190 3203 3200
f 3200 3203 3204
f 3204 3203 3190
f 3200 3204 3206
f 3209 3204 3190
f 3209 3190 3202
f 3205 3209 3202
f 3207 3204 3209
f 3204 3210 3206
f 3207 3208 3204
f 3210 3204 3208
f 3208 3207 3209
f 3208 3209 3205
f 3205 3210 3208
f 3213 3211 3214
f 3214 3211 3212
f 3213 3214 3212
f 3216 3220 3215
f 3219 3216 3215
f 3219 3215 3217
f 3218 3217 3215
f 3218 3219 3217
f 3220 3216 3219
f 3221 3218 3222
f 3223 3222 3218
f 3223 3221 3222
f 3225 3224 3220
f 3224 3226 3220
f 3224 3225 3226
f 3227 3228 3230
f 3229 3228 3227
f 3228 3229 3230
f 3234 3231 3232
f 3234 3232 3233
f 3232 3231 3233
f 3235 3237 3236
f 3238 3237 3235
f 3235 3236 3238
f 3242 3239 3241
f 3241 3239 3240
f 3240 3242 3241
f 3248 3245 3243
f 3244 3248 3243
f 3244 3243 3246
f 3245 3248 3247
f 3246 3249 3244
f 3247 3248 3250
f 3249 3246 3243
f 3250 3248 3244
f 3253 3251 3252
f 3256 3252 3251
f 3256 3251 3254
f 3256 3253 3252
f 3255 3254 3251
f 3254 3255 3256
f 3260 3257 3259
f 3259 3257 3258
f 3260 3259 3258
f 3264 3261 3262
f 3261 3263 3262
f 3262 3263 3264
f 3267 3265 3266
f 3268 3265 3267
f 3267 3266 3268
f 3271 3269 3270
f 3272 3270 3269
f 3272 3271 3270
f 3274 3273 3281
f 3273 3274 3276
f 3275 3273 3276
f 3278 3275 3276
f 3273 3275 3278
f 3274 3277 3276
f 3277 3278 3276
f 3278 3277 3280
f 3273 3278 3283
f 3280 3279 3278
f 3279 3280 3282
f 3278 3279 3282
f 3297 3273 3283
f 3281 3273 3297
f 3288 3280 3277
f 3283 3286 3297
f 3284 3286 3283
f 3277 3285 3288
f 3287 3284 3283
f 3294 3282 3280
f 3287 3283 3278
f 3287 3286 3284
f 3286 3287 3297
f 3287 3278 3291
f 3278 3282 3291
f 3289 3287 3291
f 3290 3287 3289
f 3291 3282 3294
f 3287 3290 3293
f 3292 3289 3291
f 3293 3290 3289
f 3293 3289 3292
f 3287 3293 3297
f 3280 3288 3295
f 3288 3285 3300
f 3288 3300 3298
f 3299 3294 3280
f 3299 3280 3295
f 3288 3298 3295
f 3292 3296 3293
f 3297 3293 3296
f 3295 3298 3300
f 3299 3295 3301
f 3300 3285 3301
f 3295 3300 3301
f 3302 3304 3314
f 3304 3302 3303
f 3314 3304 3313
f 3303 3305 3304
f 3304 3305 3313
f 3303 3306 3307
f 640 3306 3303
f 3307 3306 640
f 3307 3313 3303
f 3313 3305 3303
f 3313 3307 3309
f 3309 3308 3313
f 3308 3311 3313
f 3307 640 3309
f 3311 3308 3309
f 3310 3309 640
f 3313 3311 3312
f 3309 3310 3311
f 3312 3311 3310
f 3314 3313 3312
f 3315 3318 3316
f 3317 3316 3318
f 3317 3318 3315
f 3320 3319 3321
f 340 3321 3319
f 3320 340 3319
f 3323 3326 3322
f 3322 3324 3323
f 3328 3330 3322
f 3328 3322 3325
f 3329 3326 3323
f 3325 3327 3328
f 3324 3329 3323
f 3330 3328 3327
f 3331 3337 3332
f 3334 3331 3333
f 3337 3331 3334
f 3331 3332 3336
f 3336 3333 3331
f 3336 3332 3335
f 3334 3333 3336
f 3338 3336 3335
f 3341 3337 3334
f 3344 3334 3336
f 3336 3338 3344
f 3338 3335 3339
f 3338 3348 3344
f 3338 3339 3346
f 3340 3338 3346
f 3344 3343 3334
f 3348 3338 3340
f 3343 3342 3334
f 3334 3345 3341
f 3342 3343 3344
f 3359 3342 3344
f 3348 3340 3346
f 3345 3334 3342
f 3342 3359 3345
f 3348 3346 3347
f 3346 3339 3347
f 3348 3347 3351
f 3353 3348 3351
f 3347 3349 3351
f 3353 3361 3348
f 3348 3350 3344
f 3361 3350 3348
f 3351 3349 3353
f 3344 3350 3361
f 3352 3353 3349
f 3361 3353 3354
f 3359 3344 3361
f 3353 3355 3354
f 3355 3353 3352
f 3361 3354 3355
f 3361 3355 3356
f 3356 3355 3358
f 3358 3355 3352
f 3358 3361 3356
f 3358 3352 3357
f 3357 3361 3358
f 3361 3360 3359
f 3361 3357 3360
f 3362 3363 3373
f 3364 3363 3362
f 3363 3371 3373
f 3363 3367 3371
f 3365 3367 3363
f 3368 3363 3364
f 3378 3365 3363
f 3378 3363 3368
f 3369 3367 3365
f 3366 3368 3364
f 3367 3369 3379
f 3369 3365 3379
f 3368 3381 3378
f 3379 3370 3372
f 3377 3366 3364
f 3377 3364 3362
f 3377 3368 3366
f 3379 3374 3370
f 3370 3374 3372
f 3368 3375 3381
f 3391 3373 3371
f 3383 3375 3368
f 3383 3381 3375
f 3383 3368 3376
f 3377 3376 3368
f 3374 3379 3380
f 3377 3383 3376
f 3381 3379 3378
f 3367 3374 3380
f 3367 3380 3371
f 3383 3377 3362
f 3381 3380 3379
f 3381 3384 3380
f 3382 3371 3380
f 3381 3383 3393
f 3393 3384 3381
f 3382 3380 3386
f 3386 3380 3384
f 3388 3383 3385
f 3385 3383 3362
f 3371 3382 3386
f 3388 3387 3383
f 3386 3391 3371
f 3393 3386 3384
f 3385 3362 3388
f 3383 3387 3396
f 3396 3393 3383
f 3389 3388 3362
f 3406 3386 3393
f 3388 3396 3387
f 3392 3396 3388
f 3394 3392 3388
f 3394 3388 3389
f 3390 3391 3386
f 3386 3406 3390
f 3395 3391 3390
f 3393 3401 3406
f 3401 3393 3396
f 3392 3394 3396
f 3394 3389 3399
f 3396 3394 3399
f 3397 3396 3399
f 3390 3406 3395
f 3396 3397 3398
f 3398 3397 3399
f 3398 3399 3389
f 3400 3401 3396
f 3400 3396 3398
f 3401 3400 3398
f 3398 3389 3402
f 3405 3398 3402
f 3401 3398 3403
f 3411 3403 3398
f 3398 3404 3411
f 3411 3401 3403
f 3407 3398 3405
f 3412 3406 3401
f 3412 3401 3411
f 3408 3404 3398
f 3407 3408 3398
f 3408 3407 3405
f 3411 3404 3408
f 3409 3408 3405
f 3410 3405 3402
f 3405 3410 3409
f 3409 3411 3408
f 3411 3409 3412
f 3418 3419 3416
f 3413 3416 3419
f 3414 3413 3419
f 3416 3413 3414
f 3416 3414 3415
f 3416 3415 3417
f 3425 3418 3416
f 3414 3417 3415
f 3414 3419 3428
f 3417 3414 3420
f 3416 3417 3423
f 3420 3414 3428
f 3420 3421 3417
f 3421 3423 3417
f 3425 3416 3423
f 3418 3422 3419
f 3421 3420 3423
f 3423 3420 3428
f 3426 3419 3422
f 3419 3426 3428
f 3427 3425 3423
f 3424 3423 3428
f 3427 3423 3424
f 3428 3426 3429
f 3427 3424 3425
f 3428 3429 3432
f 3429 3430 3431
f 3426 3430 3429
f 3432 3429 3431
f 3430 3426 3431
f 3434 3432 3431
f 3433 3426 3422
f 3431 3426 3434
f 3433 3434 3426
f 3435 3436 3437
f 3436 3438 3437
f 3435 3438 3436
f 3439 3440 3441
f 3451 3443 3447
f 3442 3451 3447
f 3448 3447 3443
f 3448 3443 3445
f 3443 3451 3444
f 3445 3443 3449
f 3446 3443 3444
f 3444 3451 3446
f 3443 3446 3449
f 3450 3447 3448
f 3446 3451 3442
f 3442 3449 3446
f 3450 3448 3468
f 3448 3445 3454
f 3448 3454 3468
f 3452 3453 3456
f 3453 3452 3455
f 3453 3455 3456
f 3445 3457 3454
f 3454 3457 3460
f 3458 3460 3457
f 3459 3458 3457
f 3460 3468 3454
f 3459 3460 3458
f 3461 3460 3459
f 3459 3462 3461
f 3463 3461 3462
f 3460 3461 3463
f 3466 3464 3460
f 3468 3460 3467
f 3467 3460 3464
f 3463 3466 3460
f 3466 3467 3464
f 3465 3466 3463
f 3465 3467 3466
f 3469 3468 3467
f 3465 3469 3467
f 3470 3473 3471
f 3470 3471 3474
f 3474 3471 3472
f 3475 3472 3471
f 3472 3475 3474
f 3473 3470 3474
f 3478 3476 3477
f 3479 3476 3478
f 3477 3479 3478
f 3480 3482 3481
f 3480 3481 665
f 3482 3480 665
f 3487 3497 3488
f 3487 3488 3483
f 3483 3488 3484
f 3487 3483 3484
f 3487 3484 3494
f 3486 3487 3490
f 3490 3487 3494
f 3485 3484 3488
f 3494 3484 3485
f 3485 3488 3494
f 3497 3489 3488
f 3494 3488 3489
f 3495 3490 3494
f 3486 3490 3498
f 3500 3487 3486
f 3486 3498 3490
f 3501 3500 3486
f 3486 3490 3501
f 3495 3494 3499
f 3493 3492 3495
f 3493 3491 3492
f 3494 3496 3499
f 3491 3495 3492
f 3496 3494 3489
f 3497 3487 3500
f 3509 3500 3501
f 3499 3496 3489
f 3509 3505 3500
f 3501 3502 3507
f 3504 3501 3507
f 3502 3501 3490
f 3510 3509 3501
f 3503 3510 3501
f 3504 3503 3501
f 3503 3504 3507
f 3507 3510 3503
f 3505 3509 3514
f 3509 3506 3514
f 3508 3506 3509
f 3511 3508 3509
f 3506 3508 3511
f 3510 3507 3502
f 3510 3511 3509
f 3514 3506 3511
f 3502 2258 3512
f 3512 2258 3513
f 3513 3502 3512
f 3515 3514 3511
f 3511 3510 3515
f 3516 3517 3519
f 3518 3517 3516
f 3519 3517 3518
f 3521 3520 3522
f 3522 3520 3523
f 3522 3523 3521
f 3524 3525 3530
f 3525 3527 3530
f 3526 3525 3524
f 3527 3525 3528
f 3528 3525 3531
f 3527 3528 3531
f 3527 3531 3529
f 3529 3535 3527
f 3530 3527 3537
f 3531 3535 3529
f 3525 3526 3531
f 3527 3535 3537
f 3531 3526 3532
f 3537 3535 3536
f 3535 3531 3532
f 3532 3533 3535
f 3534 3535 3533
f 3535 3534 3536
f 3537 3536 3534
f 3540 3538 3542
f 3543 3538 3540
f 3539 3542 3538
f 3542 3541 3540
f 3540 3541 3545
f 3539 3546 3542
f 3545 3541 3542
f 3546 3549 3542
f 3544 3542 3549
f 3547 3543 3540
f 3544 3545 3542
f 3547 3540 3545
f 3550 3549 3546
f 3544 3547 3545
f 3539 3548 3546
f 3546 3548 3550
f 3550 3551 3549
f 3548 3551 3550
f 3556 3552 3553
f 3555 3556 3553
f 3554 3553 3552
f 3555 3553 3554
f 3554 3557 3555
f 3557 3554 3559
f 3558 3559 3554
f 3560 3554 3552
f 3555 3572 3556
f 3557 3559 3555
f 3572 3555 3559
f 3561 3558 3554
f 3559 3558 3561
f 3560 3561 3554
f 3561 3560 3568
f 3559 3561 3565
f 3576 3560 3552
f 3559 3565 3563
f 3565 3561 3562
f 3559 3563 3564
f 3562 3561 3564
f 3572 3559 3573
f 3576 3568 3560
f 3564 3563 3565
f 3562 3564 3565
f 3561 3567 3564
f 3552 3566 3576
f 3573 3559 3564
f 3561 3568 3576
f 3561 3574 3571
f 3579 3567 3561
f 3564 3567 3569
f 3569 3567 3578
f 3578 3567 3575
f 3567 3570 3575
f 3571 3579 3561
f 3570 3567 3579
f 3579 3575 3570
f 3573 3581 3572
f 3564 3569 3578
f 3575 3579 3578
f 3561 3576 3574
f 3584 3571 3574
f 3579 3584 3577
f 3578 3579 3577
f 3564 3578 3581
f 3573 3564 3581
f 3584 3579 3571
f 3584 3578 3577
f 3584 3583 3578
f 3576 3566 3574
f 3580 3578 3583
f 3581 3578 3580
f 3583 3584 3582
f 3582 3584 3591
f 3591 3585 3582
f 3584 3574 3591
f 3585 3583 3582
f 3583 3585 3591
f 3586 3587 3588
f 3587 3586 3589
f 3574 3566 3592
f 3586 3588 3589
f 3574 3592 3590
f 3592 3594 3590
f 3574 3596 3591
f 3594 3574 3590
f 3592 3566 3593
f 3594 3592 3593
f 3596 3574 3594
f 3594 3593 3595
f 3594 3595 3596
f 3600 3597 3598
f 3599 3598 3597
f 3598 3599 3600
f 3602 3601 3604
f 3601 3602 3603
f 3604 3601 3603
f 3606 3609 3605
f 3607 3606 3605
f 3610 3609 3606
f 3606 3608 3610
f 3608 3606 3607
f 3610 3608 3607
f 3612 3609 3610
f 3613 3610 3617
f 3612 3610 3613
f 3613 3611 3612
f 3611 3616 3612
f 3617 3614 3613
f 3613 3615 3611
f 3615 3616 3611
f 3615 3613 3614
f 3617 3610 3607
f 3619 3617 3618
f 3617 3619 3620
f 3619 3618 3620
f 3622 3623 3621
f 3622 3624 3623
f 3623 3624 3629
f 3625 3622 3626
f 3624 3625 3626
f 3624 3622 3625
f 3622 3621 3626
f 3626 3621 3628
f 3627 3626 3628
f 3627 3624 3626
f 3627 3629 3624
f 3633 3629 3627
f 3627 3628 3630
f 3635 3633 3627
f 3635 3627 3631
f 3627 3630 3634
f 3631 3627 3634
f 3635 3631 3634
f 3638 3635 3634
f 3630 3640 3634
f 3632 3634 3640
f 3638 3636 3635
f 3642 3633 3635
f 3639 3635 3636
f 3632 3640 3638
f 3632 3638 3634
f 3644 3636 3638
f 3640 3630 3637
f 3639 3642 3635
f 3641 3644 3638
f 3641 3638 3643
f 3642 3639 3636
f 3645 3640 3637
f 3640 3645 3638
f 3645 3641 3643
f 3643 3638 3645
f 3644 3641 3637
f 3645 3637 3641
f 3649 3646 3647
f 3648 3647 3646
f 3649 3647 3650
f 3647 3648 3650
f 3659 3651 3652
f 3652 3651 3653
f 3652 3655 3659
f 3654 3652 3653
f 3654 3655 3652
f 3655 3654 3656
f 3656 3657 3655
f 3657 3663 3655
f 3663 3659 3655
f 3663 3657 3658
f 3659 3663 3662
f 3660 3663 3658
f 3657 3665 3658
f 3665 3661 3658
f 3661 3660 3658
f 3662 3663 3664
f 3660 3661 3665
f 3657 3656 3665
f 3665 3664 3660
f 3663 3660 3664
f 3668 3664 3665
f 3668 3665 3667
f 3667 3665 3666
f 3666 3665 3670
f 3666 3670 3667
f 3670 3665 3656
f 3667 3671 3668
f 3670 3671 3667
f 3670 3656 3669
f 3670 3674 3671
f 3674 3675 3671
f 3670 3669 3674
f 3674 3672 3675
f 3673 3672 3674
f 3674 3681 3673
f 3672 3673 3675
f 3681 3674 3677
f 3674 3669 3677
f 3669 3676 3677
f 3677 3676 3678
f 3678 3681 3677
f 3678 3680 3681
f 3678 3676 3679
f 3678 3682 3680
f 3681 3680 3682
f 3682 3678 3679
f 3686 3684 3683
f 3684 3685 3683
f 3683 3685 3686
f 3688 3673 3687
f 3673 3688 3689
f 3688 3687 3689
f 3691 3695 3690
f 3695 3691 3693
f 3694 3693 3691
f 3692 3691 3690
f 3693 3694 3696
f 3694 3691 3696
f 3695 3693 3697
f 3697 3693 3696
f 3691 3692 3696
f 3701 3697 3696
f 3698 3696 3702
f 3696 3700 3701
f 3702 3696 3692
f 3698 3702 3700
f 3700 3696 3698
f 3692 3699 3702
f 3703 3700 3702
f 3700 3703 3701
f 3702 3699 3703
f 3708 3705 3704
f 3713 3706 3704
f 3708 3704 3706
f 3707 3709 3706
f 3707 3706 3713
f 3713 3709 3707
f 3713 3704 3710
f 3705 3710 3704
f 3712 3713 3711
f 3712 3714 3713
f 3714 3712 3711
f 3722 3715 3717
f 3722 3717 3721
f 3717 3716 3721
f 3716 3717 3723
f 3721 3716 3723
f 3717 3715 3719
f 3720 3723 3717
f 3717 3719 3720
f 3723 3720 3718
f 3720 3719 3715
f 3722 3721 3725
f 3723 3725 3721
f 3725 3723 3724
f 3718 3724 3723
f 3729 3725 3724
f 3718 3726 3724
f 3729 3724 3726
f 3728 3726 3718
f 3728 3727 3726
f 3732 3726 3727
f 3726 3731 3729
f 3728 3732 3727
f 3732 3728 3730
f 3718 3730 3728
f 3732 3731 3726
f 3731 3732 3730
f 3738 3739 3733
f 3733 3734 3738
f 3739 3735 3736
f 3735 3737 3736
f 3735 3739 3737
f 3738 3734 3739
f 3740 3741 3745
f 3741 3740 3742
f 3743 3741 3742
f 3746 3743 3742
f 3743 3746 3741
f 3742 3740 3744
f 3745 3741 3752
f 3741 3746 3752
f 3746 3742 3747
f 3747 3742 3744
f 3749 3747 3744
f 3747 3752 3746
f 3749 3748 3747
f 3751 3748 3749
f 3749 3744 3750
f 3751 3749 3750
f 3748 3752 3747
f 3759 3754 3753
f 3759 3764 3754
f 3755 3759 3753
f 3758 3753 3756
f 3757 3756 3753
f 3757 3758 3756
f 3755 3768 3759
f 3759 3768 3760
f 3764 3759 3766
f 3759 3760 3766
f 3766 3761 3764
f 3766 3760 3768
f 3766 3768 3762
f 3763 3762 3768
f 3762 3763 3766
f 3766 3763 3765
f 3764 3761 3783
f 3771 3761 3766
f 3768 3767 3770
f 3767 3768 3755
f 3763 3768 3770
f 3765 3771 3766
f 3763 3771 3765
f 3763 3769 3771
f 3769 3763 3770
f 3771 3769 3770
f 3771 3770 3772
f 3772 3770 3775
f 3775 3770 3779
f 3771 3772 3775
f 3771 3775 3774
f 3770 3767 3773
f 3774 3761 3771
f 3776 3779 3770
f 3777 3770 3773
f 3761 3774 3775
f 3770 3777 3776
f 3775 3779 3761
f 3779 3776 3777
f 3779 3777 3778
f 3779 3778 3780
f 3777 3773 3780
f 3778 3777 3780
f 3781 3780 3773
f 3779 3780 3781
f 3779 3783 3761
f 3779 3781 3782
f 3783 3779 3782
f 3785 3784 3786
f 3784 3785 3787
f 3785 3786 3787
f 3788 3790 3791
f 3788 3789 3790
f 3789 3791 3790
f 3792 3794 3793
f 3793 3795 3792
f 3795 3794 3792
f 1874 3796 3798
f 3796 1874 3797
f 3798 3796 3797
f 3799 3800 3802
f 3800 3809 3802
f 3801 3800 3799
f 3805 3800 3801
f 3803 3800 3805
f 3804 3800 3803
f 3809 3800 3804
f 3812 3805 3801
f 3812 3801 3807
f 3805 3804 3803
f 3806 3805 3812
f 3810 3804 3805
f 3810 3805 3806
f 3810 3806 3812
f 3810 3812 3808
f 3820 3809 3804
f 3820 3804 3814
f 3804 3810 3814
f 3807 3801 3811
f 3813 3810 3808
f 3812 3816 3808
f 3813 3808 3817
f 3816 3812 3807
f 3813 3817 3810
f 3808 3816 3807
f 3808 3819 3817
f 3818 3810 3815
f 3821 3810 3817
f 3810 3818 3814
f 3808 3821 3819
f 3814 3818 3815
f 3821 3817 3819
f 3821 3815 3810
f 3821 3808 3807
f 3833 3814 3815
f 3824 3821 3807
f 3821 3823 3815
f 3824 3807 3822
f 3820 3814 3833
f 3823 3821 3824
f 3822 3807 3825
f 3815 3823 3824
f 3824 3822 3825
f 3824 3833 3815
f 3824 3825 3826
f 3807 3811 3825
f 3826 3833 3824
f 3831 3825 3832
f 3825 3827 3826
f 3832 3825 3811
f 3826 3827 3831
f 3827 3825 3831
f 3828 3832 3811
f 3826 3830 3829
f 3830 3826 3831
f 3829 3833 3826
f 3830 3831 3832
f 3829 3830 3832
f 3833 3829 3832
f 3828 3833 3832
f 3834 3837 3835
f 3835 3836 3834
f 3834 3836 3837
f 3839 3840 3838
f 3648 3838 3840
f 3839 3648 3840
f 3841 3843 3842
f 3846 3843 3841
f 3842 3843 3852
f 3843 3846 3850
f 3846 3844 3850
f 3844 3846 3841
f 3850 3852 3843
f 3850 3844 3845
f 3847 3850 3845
f 3847 3845 3848
f 3847 3849 3850
f 3851 3847 3848
f 3849 3847 3851
f 3852 3850 3849
f 3856 3849 3851
f 3851 3848 3854
f 3854 3853 3851
f 3853 3856 3851
f 3849 3857 3852
f 3857 3849 3855
f 3855 3849 3856
f 3855 3856 3859
f 3856 3853 3858
f 3860 3857 3855
f 3859 3856 3858
f 3855 3859 3860
f 3858 3860 3859
f 3863 3862 3861
f 3868 3862 3863
f 3861 3868 3863
f 3864 3865 3868
f 3866 3865 3864
f 3865 3866 3867
f 3868 3865 3867
f 3868 3867 3869
f 3870 3869 3867
f 3870 3872 3869
f 3871 3870 3867
f 3867 3874 3871
f 3867 3866 3874
f 3872 3870 3871
f 3872 3871 3874
f 3866 3873 3874
f 3872 3874 3873
f 3875 3877 3876
f 3875 3878 3877
f 3875 3876 3878
f 3881 3668 3879
f 3879 3880 3881
f 3879 3668 3882
f 3880 3879 3882
f 3884 3668 3881
f 3884 3881 3882
f 3880 3882 3881
f 3668 3903 3882
f 3882 3903 3883
f 3882 3889 3884
f 3889 3882 3886
f 3882 3890 3885
f 3886 3882 3885
f 3890 3882 3883
f 3886 3885 3890
f 3883 3887 3890
f 3888 3890 3887
f 3892 3888 3887
f 3889 3886 3891
f 3891 3886 3890
f 3896 3894 3887
f 3892 3887 3894
f 3891 3890 3888
f 3896 3887 3904
f 3883 3904 3887
f 3892 3894 3909
f 3894 3898 3909
f 3888 3895 3893
f 3893 3900 3888
f 3894 3896 3904
f 3888 3900 3899
f 3893 3897 3900
f 3902 3899 3900
f 3893 3901 3897
f 3895 3901 3893
f 3897 3901 3900
f 3900 3901 3902
f 3898 3906 3909
f 3901 3895 3902
f 3898 3894 3904
f 3883 3903 3904
f 3904 3903 3907
f 3898 3904 3907
f 3898 3905 3906
f 3905 3898 3907
f 3906 3905 3907
f 3906 3907 3908
f 3903 3908 3907
f 3906 3908 3909
f 3914 3910 3911
f 3914 3911 3913
f 3913 3911 3912
f 3918 3912 3911
f 3918 3913 3912
f 3924 3913 3915
f 3913 3918 3915
f 3911 3910 3920
f 3920 3918 3911
f 3920 3919 3918
f 3924 3914 3913
f 3920 3910 3916
f 3915 3918 3917
f 3921 3917 3918
f 3921 3915 3917
f 3920 3923 3919
f 3923 3918 3919
f 3918 3923 3921
f 3920 3916 3923
f 3923 3916 3922
f 3924 3915 3921
f 3926 3921 3923
f 3927 3924 3921
f 3926 3927 3921
f 3922 3925 3923
f 3926 3923 3925
f 3925 3927 3926
f 3930 3931 3929
f 3931 3928 3929
f 3929 3928 3930
f 3930 3934 3931
f 3930 3928 3932
f 3930 3932 3933
f 3933 3934 3930
f 3934 3933 3932
f 3935 3937 3936
f 3937 3938 3936
f 3935 3938 3937
f 3946 3939 3940
f 3941 3940 3939
f 3941 3944 3940
f 3942 3941 3939
f 3944 3941 3945
f 3942 3943 3941
f 3945 3941 3943
f 3945 3940 3944
f 3940 3945 3946
f 3943 3946 3945
f 3948 3950 3947
f 3947 3949 3948
f 3949 3953 3948
f 3951 3950 3948
f 3953 3952 3948
f 3951 3948 3952
f 3952 3953 3956
f 3949 3955 3953
f 3954 3955 3949
f 3953 3955 3954
f 3957 3956 3953
f 3953 3954 3957
f 3958 3949 3947
f 3949 3958 3954
f 3963 3957 3954
f 3954 3958 3959
f 3959 3963 3954
f 3959 3958 3961
f 3962 3959 3961
f 3958 3960 3961
f 3959 3964 3963
f 3964 3959 3962
f 3961 3960 3964
f 3962 3961 3964
f 3966 3963 3964
f 3966 3964 3960
f 3965 3968 3966
f 3965 3966 3967
f 3968 3965 3967
f 3970 3969 3971
f 3970 3971 3972
f 3972 3971 3969
f 3975 3973 3974
f 3974 3973 3976
f 3975 3976 3973
f 3979 3978 3977
f 3981 3977 3978
f 3979 3977 3980
f 3981 3982 3977
f 3977 3982 3980
f 3982 3981 3978
f 3984 3985 3986
f 3987 3983 3984
f 3983 3985 3984
f 3987 3984 3986
f 3988 3986 3985
f 3988 3987 3986
f 3990 3991 3989
f 3993 3990 3989
f 3990 3994 3991
f 3990 3993 3994
f 3992 3993 3989
f 3994 3993 3992
f 3995 3996 3997
f 3996 3995 3999
f 3997 3996 3998
f 3998 3996 3999
f 3998 3999 4000
f 3999 3995 4000
f 4006 4001 4003
f 4003 4001 4002
f 4004 4006 4003
f 4003 4002 4007
f 4005 4004 4003
f 4008 4004 4005
f 4009 4008 4003
f 4011 4006 4004
f 4009 4003 4007
f 4003 4008 4005
f 4011 4004 4008
f 4007 4008 4009
f 4010 4007 4002
f 4012 4008 4010
f 4008 4012 4011
f 4007 4010 4008
f 4013 4014 4015
f 725 4014 4013
f 4015 4014 4017
f 4014 725 4017
f 4015 4017 4016
f 4016 4017 725
f 4035 4018 4020
f 4035 4020 4026
f 4020 4022 4023
f 4020 4019 4022
f 4024 4019 4020
f 4021 4026 4020
f 4021 4020 4032
f 4026 4021 4032
f 4018 4024 4020
f 4027 4022 4019
f 4025 4022 4027
f 4028 4025 4027
f 4027 4019 4029
f 4028 4027 4024
f 4029 4019 4024
f 4027 4029 4024
f 4030 4020 4023
f 4026 4032 4031
f 4022 4030 4023
f 4032 4020 4030
f 4025 4030 4022
f 4025 4032 4030
f 4032 4034 4031
f 4031 4033 4034
f 4031 3152 4033
f 4034 4033 3152
f 4034 4032 4025
f 4026 4031 4035
f 4041 4038 4036
f 4037 4041 4036
f 4041 4045 4038
f 4037 4039 4041
f 4039 4037 4040
f 4040 4037 4044
f 4039 4040 4044
f 4042 4041 4039
f 4043 4041 4042
f 4045 4041 4043
f 4045 4043 4042
f 4047 4048 4046
f 4051 4048 4047
f 4051 4047 4046
f 4049 4050 4051
f 4052 4051 4050
f 4052 4053 4051
f 4052 4050 4049
f 4049 4053 4052
f 4057 4054 4058
f 4058 4056 4057
f 4054 4057 4055
f 4059 4057 4056
f 4054 4055 4058
f 4059 4056 4058
f 4061 4063 4060
f 4060 4062 4061
f 4062 4063 4061
f 4066 4064 4065
f 4067 4065 4064
f 4067 4066 4065
f 4070 4068 4069
f 4071 4069 4068
f 4070 4069 4071
f 4071 4073 4070
f 4072 4071 4068
f 4072 4073 4071
f 4076 4075 4074
f 4077 4075 4076
f 4076 4074 4077
f 4078 4080 4079
f 4080 4081 4079
f 4078 4081 4080
f 1177 4083 4082
f 4083 4084 4082
f 1177 4084 4083
f 4086 4087 4085
f 4088 4085 4087
f 4087 4086 4088
f 4089 4091 4092
f 4090 4091 4089
f 4090 4092 4091
f 4095 4094 4093
f 4096 4095 4093
f 4096 4093 4094
f 4097 4099 4098
f 4099 4102 4098
f 4099 4097 4102
f 4102 4097 4100
f 4100 4101 4102
f 4101 4100 4097
f 4103 4102 4101
f 4104 4102 4103
f 4104 4103 4101
f 4105 4107 4106
f 4109 4106 4107
f 4108 4106 4109
f 4105 4109 4107
f 4109 4110 4108
f 4110 4106 4108
f 4111 4113 4112
f 4112 4115 4111
f 4113 4111 4115
f 4114 4118 4115
f 4114 4115 4116
f 4116 4117 4114
f 4119 4115 4118
f 4116 4115 4117
f 4118 4114 4119
f 4121 4120 4123
f 4121 4122 4120
f 4123 4120 4122
f 4130 4124 4125
f 4125 4129 4130
f 4126 4125 4124
f 4129 4125 4127
f 4126 4127 4125
f 4128 4129 4127
f 4130 4131 4132
f 4129 4128 4130
f 4130 4132 4133
f 4131 4133 4132
f 4134 4136 4135
f 4137 4135 4136
f 4137 4136 4134
f 4138 4141 4139
f 4139 4140 4138
f 4138 4140 4141
f 4143 4145 4142
f 4143 4142 4144
f 4143 4144 4145
f 4146 4147 4149
f 4147 4146 4148
f 4149 4147 4148
f 4150 4153 4151
f 4153 4150 4152
f 4151 4152 4150
f 4155 4154 4158
f 4155 4156 4154
f 4158 4157 4155
f 4154 4156 4158
f 4159 4155 4157
f 4158 4159 4157
f 4160 4161 4162
f 4162 4161 4163
f 4161 4160 4163
f 4167 4164 4165
f 4167 4165 4166
f 4166 4165 4164
f 4169 4168 4170
f 4170 4168 4171
f 4171 4168 4169
f 4172 4174 4173
f 4175 4174 4172
f 4173 4174 4175
f 4175 4177 4176
f 4178 4175 4176
f 4176 4177 4178
f 4179 4181 4182
f 4179 4180 4181
f 4182 4181 4180
f 4186 4184 4185
f 4186 4183 4184
f 4184 4183 4185
f 4187 4188 4189
f 4187 4190 4188
f 4189 4190 4187
f 4191 4193 4192
f 4191 4194 4193
f 4194 4191 4192
f 4196 4197 4195
f 4196 4195 4198
f 4198 4197 4196
f 4200 4199 4198
f 4201 4198 4199
f 4199 4200 4201
f 4203 4202 4206
f 4202 4204 4206
f 4202 4203 4205
f 4202 4205 4204
f 4206 4204 4205
f 4205 4208 4206
f 4206 4208 4209
f 4208 4205 4207
f 4209 4208 4207
f 4213 4210 4211
f 4211 4212 4213
f 4211 4210 4212
f 4215 4217 4214
f 4216 4215 4214
f 4216 4217 4215
f 4219 4218 4221
f 4220 4221 4218
f 4218 4219 4220
f 4223 4222 4224
f 4225 4224 4222
f 4222 4223 4225
f 4226 4227 4228
f 4226 4229 4227
f 4226 4228 4229
f 4232 4234 4236
f 4234 4232 4230
f 4234 4230 4231
f 4236 4233 4232
f 4233 4235 4232
f 4236 4235 4233
f 4236 4234 4231
f 4237 4238 4240
f 4238 4237 4239
f 4240 4238 4239
f 4241 4242 4244
f 4243 4242 4241
f 4243 4244 4242
f 4247 4246 4245
f 4248 4246 4247
f 4248 4247 4245
f 4249 4250 4251
f 4249 4251 1461
f 4251 4250 1461
f 4253 4252 4254
f 4254 4252 536
f 4253 536 4252
f 4257 4258 4255
f 4256 4257 4255
f 4258 4257 4256
f 4260 610 4259
f 4260 4259 4261
f 610 4261 4259
f 4263 4264 4262
f 4263 4262 4266
f 4264 4263 4266
f 4266 4262 4265
f 4267 4265 4262
f 4267 4266 4265
f 2472 4269 4268
f 4269 4270 4268
f 4269 2472 4270
f 4273 4272 4271
f 4271 4272 4274
f 4275 4271 4274
f 4274 4272 4273

