# https://github.com/mikedh/trimesh
mtllib material.mtl

o lion_low_lion_low_0
usemtl lion_low
v -0.07206725 0.00075604 0.09337189
v -0.07353072 0.00000000 0.09391990
v -0.06851034 0.00000000 0.09376162
v -0.07650797 0.00000000 0.09360413
v -0.05772690 0.01056935 0.08849806
v -0.06332647 0.01076419 0.09377498
v -0.05958277 0.00000000 0.09023213
v 0.06154437 0.02471860 0.07660994
v 0.06591317 0.01295697 0.07426707
v 0.06184285 0.03211418 0.06912577
v 0.05055162 0.21140689 0.06965762
v 0.05318520 0.21379161 0.06161629
v 0.06466128 0.22954402 0.06702513
v -0.09477887 0.02752644 0.05102476
v -0.10370479 0.02566995 0.05771820
v -0.09838380 0.02971371 0.05979340
v 0.01841829 0.04964569 0.03985110
v 0.02047588 0.03431443 0.03943196
v 0.01560718 0.04351956 0.04746517
v 0.07677785 0.01320920 0.03379956
v 0.08237048 0.01353583 0.04461155
v 0.08152058 0.00326095 0.04424814
v -0.04267343 0.04126733 0.02983960
v -0.03657101 0.04716927 0.03578671
v -0.03974398 0.03128958 0.03490664
v -0.04305891 0.02768608 0.03239263
v -0.03747510 0.03235187 0.03810061
v -0.03985629 0.02383311 0.03837812
v -0.03974398 0.03128958 0.03490664
v 0.06424261 0.14017596 0.04319921
v 0.04469437 0.13000197 0.03353118
v 0.05218838 0.11914515 0.04127769
v -0.05096316 0.02032848 0.02875770
v -0.04917664 0.00995072 0.03680314
v -0.05857740 0.00322314 0.02730245
v -0.06170874 -0.00000000 0.01565946
v -0.06911775 -0.00000000 0.03005635
v -0.10414587 -0.00000000 -0.01678013
v 0.02544525 -0.00000000 0.04733733
v 0.03835220 -0.00000000 0.01063045
v 0.07293157 -0.00000000 0.06998656
v 0.03415799 0.00295547 0.02125570
v 0.03835220 -0.00000000 0.01063045
v 0.02544525 -0.00000000 0.04733733
v -0.05913723 0.07703091 0.01323848
v -0.04771321 0.07898665 0.01461466
v -0.05477767 0.06182994 0.01728540
v 0.06527778 0.09125519 0.00727094
v 0.06356985 0.08112449 0.01227503
v 0.05223206 0.08151744 0.00802080
v 0.05243485 0.03493611 0.01153461
v 0.05668066 0.03247422 0.00201633
v 0.05176317 0.02581855 0.00151655
v 0.05430794 0.09108742 -0.00417850
v 0.03245647 0.09568620 0.00368776
v 0.04774918 0.08580729 -0.00939174
v 0.02792354 0.08986213 -0.00284393
v 0.03309952 0.07978580 -0.01253998
v 0.07198026 0.03771182 0.00372337
v 0.07833199 0.03455252 -0.00000566
v 0.07012500 0.03462670 -0.01049948
v -0.07011493 0.09069167 -0.00674937
v -0.07161166 0.07271977 -0.01269292
v -0.05981961 0.07568016 -0.01091103
v -0.06717741 0.03327261 -0.00782791
v -0.07625182 0.03247876 -0.01211693
v -0.07858624 0.03254861 -0.00121003
v -0.02959906 0.05469811 -0.01178095
v -0.02309754 0.06414631 -0.00641606
v -0.03673988 0.06465881 -0.01418989
v -0.06907300 0.06145626 -0.01716492
v -0.06135973 0.04897756 -0.02345547
v 0.06689772 0.14692375 -0.02417992
v 0.08132847 0.14961807 -0.02016069
v 0.06812158 0.12957944 -0.01757427
v 0.08027595 0.03442372 -0.01191028
v 0.07980488 0.02809672 -0.02686402
v 0.07110131 0.03368871 -0.02131741
v 0.01799126 0.01477064 -0.02477205
v 0.03171898 0.01725100 -0.03375046
v 0.01677476 0.02112742 -0.02397449
v -0.10414587 -0.00000000 -0.01678013
v -0.08944238 0.01497388 -0.02687460
v -0.08656944 0.00510599 -0.02850377
v 0.07318127 0.04112090 -0.03464574
v 0.09043842 0.05334794 -0.03085438
v 0.07658451 0.05218682 -0.02794789
v 0.04065592 -0.00017479 -0.02117610
v 0.08720863 -0.00000000 -0.03345150
v 0.08227819 -0.00000000 -0.00527175
v 0.08296486 0.31426206 -0.05373696
v 0.07451669 0.32301757 -0.06282035
v 0.08301224 0.31751390 -0.04982355
v -0.05050366 0.18586502 -0.07667433
v -0.04639670 0.20324876 -0.08516130
v -0.04636963 0.18017431 -0.09407281
v 0.00816078 0.18511766 -0.12118625
v 0.02626757 0.17055687 -0.11920730
v 0.00791706 0.13643516 -0.13635826
v 0.03046992 -0.00000000 -0.03075782
v -0.03163130 -0.00000000 -0.16481531
v 0.01074271 -0.00000000 -0.13692704
v -0.00216972 0.48078986 -0.04481626
v 0.01144412 0.48346747 -0.02413402
v 0.01638609 0.48291858 -0.02450960
v -0.09214386 0.28395496 -0.00386909
v -0.09224445 0.29850936 -0.00450114
v -0.09712211 0.29229860 -0.00894752
v 0.01699102 0.28557052 0.10393329
v 0.01870738 0.27044488 0.10997532
v 0.02284119 0.26900083 0.10675961
v -0.07915914 0.21574937 0.05118481
v -0.08504690 0.23127307 0.05045055
v -0.08899705 0.21547752 0.04329117
v 0.07922585 0.38331725 0.05721929
v 0.07596956 0.37706252 0.06052513
v 0.07940651 0.37877753 0.05664602
v 0.10639197 0.31580903 -0.00154261
v 0.10333401 0.31197601 0.00335095
v 0.10419307 0.30403158 -0.00307046
v -0.08160004 0.27811189 -0.04513242
v -0.07101788 0.28717262 -0.05250780
v -0.06726181 0.28229946 -0.05054985
v 0.00829371 0.45723609 -0.06916685
v 0.00647552 0.44755500 -0.07623047
v 0.00048345 0.44770110 -0.07834773
v -0.05670775 0.00000000 0.08388980
v -0.05040454 -0.00000000 0.06119769
v -0.04871821 0.01151232 0.06982831
v -0.05670775 0.00000000 0.08388980
v -0.09825680 -0.00000000 0.04369186
v -0.05040454 -0.00000000 0.06119769
v -0.01437933 -0.00000000 -0.02353938
v -0.00896730 0.00921195 -0.01927090
v -0.02171332 -0.00000000 -0.02738327
v -0.06592030 -0.00000000 -0.13033064
v -0.01437933 -0.00000000 -0.02353938
v -0.02171332 -0.00000000 -0.02738327
v -0.09540751 0.00803624 0.04022036
v -0.09027235 0.02803493 0.04128240
v -0.08215363 0.03008497 0.03107451
v -0.08692374 0.03457261 -0.00403874
v -0.08060332 0.01772643 -0.07521024
v -0.07813577 0.01723970 -0.09220989
v -0.07600299 0.00962327 -0.08910135
v -0.09842652 0.08955989 -0.04780038
v -0.08837312 0.07265768 -0.06797909
v -0.09726689 0.07243716 -0.05012752
v -0.08544311 0.11745864 0.03580525
v -0.08118777 0.09776901 0.03968356
v -0.08079931 0.11944103 0.04420356
v -0.07957143 0.07339097 0.03489147
v -0.07729627 0.07760295 0.01989663
v -0.07925740 0.06182704 0.02881379
v -0.04222543 0.08990868 0.03546751
v -0.03958791 0.07511409 0.04336782
v -0.03976211 0.07741303 0.03474909
v -0.05426495 0.05554854 0.05583698
v -0.05886495 0.07430648 0.05418526
v -0.06002796 0.04914777 0.05637427
v -0.04384521 0.21887821 0.07122768
v -0.05162389 0.23068582 0.07555008
v -0.05402401 0.22543367 0.06919178
v -0.00776474 0.14485397 0.03529565
v -0.01150893 0.13309107 0.02691405
v -0.00250109 0.13585627 0.03513229
v 0.07559886 0.21897380 0.05810040
v 0.07103860 0.22926731 0.06347159
v 0.06508810 0.21667884 0.05828021
v 0.09432975 0.22922506 0.01925978
v 0.08992480 0.24042457 0.04267472
v 0.10010258 0.21312299 0.00661889
v -0.02976491 0.47863459 -0.02556478
v -0.04027214 0.47435687 -0.02550622
v -0.02950631 0.47987285 -0.01889452
v -0.06526076 0.38730075 -0.07104849
v -0.05257174 0.40298602 -0.07880328
v -0.06066783 0.37170089 -0.07443758
v -0.02367154 0.41072158 -0.09216973
v -0.02235187 0.39974536 -0.09218842
v -0.03407995 0.38797019 -0.08704170
v -0.01503436 0.15311176 -0.12538899
v -0.02050979 0.18048416 -0.11436897
v -0.00122268 0.18420526 -0.11988900
v 0.04487860 0.06481438 -0.13693360
v 0.03337050 0.06817973 -0.14323637
v 0.04984947 0.09864304 -0.13382730
v 0.07819767 0.07634705 -0.10467848
v 0.07418728 0.09115254 -0.10859984
v 0.08390229 0.09139515 -0.09575300
v 0.07763077 0.19761743 -0.02960496
v 0.08124906 0.18852127 -0.03127473
v 0.07220227 0.18121902 -0.02640230
v 0.01671377 0.18955009 -0.11693389
v 0.04406126 0.19316566 -0.10202285
v 0.01657262 0.08305530 -0.00281030
v 0.00787560 0.12510421 0.02670812
v 0.02080081 0.13580183 0.02472504
v 0.00952244 0.13571192 0.03261144
v -0.04635003 0.07778083 0.05244571
v -0.05111942 0.09677683 0.04612740
v -0.06001603 0.09104096 0.05170768
v -0.04810661 0.20008564 0.05055863
v -0.04764056 0.18725570 0.03423339
v -0.03661996 0.19407861 0.04542735
v -0.07860970 0.09838857 -0.09313883
v -0.07372647 0.10668569 -0.09256030
v -0.06766851 0.10198310 -0.10143589
v -0.07390617 0.10735874 -0.00613194
v -0.07909422 0.10810817 -0.00913147
v -0.07616393 0.09866993 -0.00635670
v -0.07561138 0.11352101 -0.00772884
v -0.07834599 0.11485970 -0.01473267
v -0.08063096 0.10240613 0.02006624
v -0.08307719 0.10171120 0.03164852
v -0.08684394 0.11420581 0.02407520
v -0.03926637 0.11225109 0.03029973
v -0.03912064 0.09579124 0.02766003
v -0.03500249 0.11308890 0.02376655
v -0.05535877 0.09566505 0.00130634
v -0.04561417 0.08637224 -0.00290698
v -0.04693926 0.09503831 0.00813016
v -0.08650205 -0.00000000 0.09355466
v -0.08080418 0.02396109 0.02879248
v -0.08798032 0.00585055 0.03425010
v -0.05420689 0.03069710 0.06517159
v -0.06086530 0.02861839 0.06503506
v -0.05804423 0.02595950 0.07283835
v -0.06437099 0.02618740 0.07042447
v -0.06831039 0.02859183 0.07849677
v -0.09523898 0.18152126 0.00200351
v -0.09380938 0.17262474 -0.00630205
v -0.09086467 0.15721936 -0.00198969
v -0.05421141 0.19054515 -0.07037832
v -0.05633660 0.21153339 -0.06922776
v -0.04860162 0.20947084 -0.07639222
v -0.06254284 0.02869076 0.00824372
v -0.06483795 0.03175227 -0.00100820
v -0.07529551 0.03519233 0.00746252
v -0.04874470 0.02363792 -0.01286158
v -0.05997470 0.03225171 -0.01578457
v -0.05637431 0.02564292 -0.00140164
v -0.03493745 0.29406383 0.09084782
v -0.02757802 0.30179792 0.08522456
v -0.02984554 0.31175361 0.08424069
v -0.09620345 0.38214435 0.01121979
v -0.09793091 0.39400298 0.01613962
v -0.09389115 0.39467353 0.01388634
v 0.00424131 0.15837674 -0.12964188
v -0.06686840 0.03291474 -0.08281700
v -0.08432791 0.05643909 -0.06824716
v -0.07739101 0.05275871 -0.07812421
v -0.03875020 0.22481149 0.08656613
v -0.04347940 0.21921533 0.08130316
v -0.03520962 0.20986711 0.07664060
v 0.01534054 0.16597662 0.05341198
v 0.00522330 0.15568270 0.05123602
v 0.01786065 0.15945082 0.04293928
v 0.07624568 0.12035234 -0.01661045
v 0.08297876 0.13030567 -0.02178382
v 0.07554305 0.12907982 -0.02531789
v 0.07394166 0.07721565 -0.01079198
v 0.08415016 0.07331087 -0.01171181
v 0.08860294 0.08546924 -0.00741590
v -0.04144099 0.34079589 0.07421621
v -0.03304973 0.35639453 0.06449651
v -0.04361228 0.33984889 0.07113514
v 0.07630092 0.41893668 0.04470743
v 0.05487152 0.42384173 0.04632197
v 0.05960083 0.41838004 0.04616955
v -0.06267839 0.03823018 0.05959319
v -0.08031256 0.05991887 0.03628090
v -0.08256822 0.04036040 0.03318318
v -0.08380151 0.04189126 0.03873235
v -0.04818893 0.47172084 0.01066251
v -0.04969190 0.46654441 0.00500441
v -0.04420972 0.46709025 0.02423662
v -0.04238958 0.41268325 0.06936180
v -0.04302042 0.40636657 0.07827604
v -0.03655833 0.41228194 0.07749374
v 0.03988100 0.37278110 0.07352799
v 0.05074465 0.35598945 0.07576764
v 0.04824771 0.37561248 0.06673181
v -0.02547004 0.36541392 0.08842957
v -0.02103124 0.36343669 0.09087184
v -0.02503671 0.37529086 0.10837112
v 0.03859651 0.39158877 0.08524551
v 0.03988100 0.37278110 0.07352799
v 0.04453490 0.38065715 0.06946050
v 0.04955910 0.41378524 0.06653374
v 0.05539015 0.40341582 0.05372291
v 0.05488459 0.41897597 0.04843776
v -0.01313223 0.41723205 0.12441453
v -0.00394550 0.42766444 0.10837163
v -0.01210501 0.42654284 0.10794035
v -0.00743840 0.41063785 0.12295872
v -0.00494561 0.41880168 0.12348220
v 0.02145304 0.30586231 -0.08309823
v 0.03383783 0.30577840 -0.08954627
v 0.03272059 0.29845540 -0.07743071
v -0.01268040 0.32064479 -0.08710984
v -0.00043513 0.33655811 -0.08922469
v -0.00207785 0.32804603 -0.08665726
v 0.01790315 0.14995636 0.03486535
v 0.02370727 0.14278340 0.02817128
v 0.03024334 0.16250713 0.03491749
v 0.04062121 0.10734404 0.03503550
v 0.04059049 0.12531621 0.03081759
v 0.03403580 0.10292504 0.02471468
v -0.05084619 0.42154967 -0.07827198
v -0.04167367 0.42742530 -0.08195367
v -0.03969095 0.42514285 -0.08394050
v -0.01418046 0.44178122 -0.08063098
v -0.06612032 0.04670102 0.02094646
v -0.05501650 0.04406661 0.02146012
v -0.06213372 0.03749326 0.02215558
v -0.06817323 0.05879760 0.01986792
v -0.06807075 0.08722388 0.01004626
v 0.07552362 0.12998479 0.04594937
v 0.07169107 0.14287699 0.04605637
v 0.06126150 0.10237728 0.04635839
v 0.08558041 0.21804878 0.04654554
v 0.09046780 0.21876579 0.04385946
v 0.08811449 0.23189741 0.04822697
v -0.08267339 0.26550376 0.01542258
v -0.08675068 0.26130174 0.01057207
v -0.08346299 0.25113153 0.00881406
v -0.08986054 0.32196689 0.04253216
v -0.08423847 0.32495242 0.04361512
v -0.08802711 0.33512435 0.03880999
v 0.05511447 0.47670375 -0.01444611
v 0.04214951 0.48087344 -0.01311062
v 0.04957311 0.47758868 -0.01130738
v 0.10847714 0.35222560 0.00379404
v 0.10858911 0.37892020 0.02251165
v 0.10810822 0.34831802 0.01553273
v -0.00311300 0.45949271 -0.06939900
v 0.00044257 0.46489856 -0.06205010
v 0.01159102 0.47250491 -0.04923969
v 0.08253382 0.44680659 -0.00850121
v 0.08850967 0.43079711 -0.02087441
v 0.08611084 0.44231158 -0.01827440
v -0.09330403 0.19385759 -0.00294435
v -0.09148329 0.18377988 -0.02091644
v -0.09488069 0.18667476 -0.00135570
v -0.08604382 0.24178291 0.04160828
v -0.08875269 0.22306238 0.02127203
v -0.09381244 0.21540761 0.02741031
v 0.09866627 0.31890767 0.03956110
v 0.09823428 0.32593871 0.04604473
v 0.10073008 0.30231040 0.03716357
v 0.07032887 0.33291526 0.07844611
v 0.07425723 0.33229644 0.07778237
v 0.06595339 0.35003738 0.07261794
v -0.07788566 0.43176337 -0.04123136
v -0.07247808 0.43694247 -0.04149054
v -0.07541374 0.42784739 -0.04411625
v -0.10199461 0.37309169 0.00757706
v -0.09684639 0.37755370 0.00332309
v -0.10377363 0.36241676 0.00410812
v 0.08945775 0.30315328 -0.03228559
v 0.08972124 0.28418086 -0.02135586
v 0.09096879 0.29836524 -0.03600799
v 0.06859269 0.20575822 -0.06110625
v 0.07605965 0.22111763 -0.05377778
v 0.07815762 0.21440679 -0.04902355
v -0.01962587 0.19061128 0.07074142
v -0.00641611 0.17349166 0.07084905
v -0.00985132 0.18509304 0.07274778
v -0.02172850 0.18619091 0.06878879
v -0.01901940 0.17936872 0.05931993
v -0.00826122 0.17095058 0.06409927
v 0.06196604 0.26321342 0.09377196
v 0.05638188 0.26525728 0.09247355
v 0.05779871 0.24837310 0.09123696
v 0.07662847 0.32932559 0.07433040
v 0.07547190 0.32036994 0.07960038
v 0.07570619 0.31296348 0.07543905
v 0.08536978 0.01959724 0.02721614
v 0.07583869 0.02716535 0.02149309
v 0.08100468 0.01151136 0.03038829
v -0.05770521 0.37382907 0.04639830
v -0.06723831 0.36753173 0.04875446
v -0.06512606 0.36187495 0.05011342
v -0.04708900 0.40959579 0.06305509
v -0.04965440 0.40136321 0.05975883
v -0.04653452 0.39827441 0.07514186
v -0.03894419 0.09538623 0.01770800
v -0.04070751 0.08473730 0.02913090
v -0.04156310 0.07919589 0.01846704
v -0.03721257 0.05933968 0.04001194
v 0.09456767 0.36937747 0.05074519
v 0.08631971 0.38999385 0.04937380
v 0.08400032 0.38640250 0.05173165
v 0.10661309 0.30556098 0.02726979
v 0.10507003 0.31869107 0.03377892
v 0.10101834 0.29851768 0.02646642
v 0.02519791 0.23397396 0.10919824
v 0.03092115 0.24689496 0.11004729
v 0.02530153 0.24859811 0.10570298
v 0.00664335 0.16600961 0.07503069
v 0.01960885 0.18045944 0.07532617
v 0.01722186 0.18129856 0.08119565
v 0.03774647 0.35136439 0.08310709
v 0.04126400 0.34322459 0.08654516
v 0.04548632 0.35451034 0.07868238
v 0.01692625 0.35807201 0.08904748
v 0.00894119 0.35403270 0.09347053
v 0.00826040 0.34021342 0.09789285
v -0.02074866 0.14147628 0.02267492
v -0.02156156 0.12990740 0.01737752
v -0.01025676 0.12359385 0.02311333
v -0.04724249 0.07223011 -0.01162078
v -0.02987971 0.07738949 -0.00421337
v -0.07650797 0.00000000 0.09360413
v 0.07229076 0.12539250 -0.01357011
v 0.08465206 0.13702021 -0.00894876
v 0.08365308 0.12894118 -0.00137166
v 0.09056393 0.19130434 0.02583124
v 0.09133392 0.18421382 0.03033060
v 0.09363953 0.17021021 0.02554716
v 0.03070313 0.46522960 0.04018847
v 0.03267291 0.46248340 0.03317047
v 0.04465126 0.48042128 0.03062698
v 0.01326428 0.45257598 0.05918268
v 0.02556719 0.44874419 0.06279429
v 0.01662820 0.45699950 0.04586249
v 0.07923128 0.13182643 -0.05334724
v 0.07954266 0.13328837 -0.03759764
v 0.09047989 0.13426541 -0.04045498
v 0.07515445 0.19676712 -0.03040230
v 0.07092488 0.18279747 -0.02788894
v 0.07404429 0.19529693 -0.04129248
v -0.07383739 0.10363850 0.00478277
v -0.07221319 0.10799545 -0.00170352
v -0.04693926 0.09503831 0.00813016
v -0.07579934 0.12592977 -0.01027941
v -0.08259701 0.13990566 -0.00939210
v -0.07254283 0.13933543 -0.01766648
v 0.03191500 0.21411438 0.10842296
v 0.03006343 0.19876194 0.09858141
v 0.03715879 0.20878414 0.10785104
v -0.04074685 0.23925498 0.09447206
v -0.03675410 0.22659717 0.08945420
v -0.03351540 0.23554162 0.09395476
v -0.01810655 0.40365199 0.11665540
v -0.02573343 0.40439883 0.11436807
v -0.02193914 0.39572875 0.11826218
v -0.03550901 0.40177772 0.08587889
v -0.03054985 0.41069430 0.09440385
v -0.03133305 0.40979339 0.08520312
v 0.07818932 0.42228850 0.04423193
v 0.09471443 0.41614673 -0.02155217
v 0.09312670 0.42965266 -0.01579252
v 0.05830427 0.08557570 0.04791844
v 0.04989947 0.06109376 0.05007357
v 0.06405321 0.07445206 0.04360398
v 0.03358160 0.08593322 0.04325920
v 0.03871784 0.09716976 0.03851245
v 0.03194277 0.08927423 0.02809849
v 0.11739371 0.09495504 -0.04202252
v 0.11988365 0.09322841 -0.02869607
v 0.10993581 0.08034366 -0.05010633
v 0.08733663 0.12527058 -0.01588812
v 0.08624718 0.10254482 -0.00743537
v 0.09484847 0.10866677 -0.00818520
v -0.08395786 0.31611572 0.04536415
v -0.09028015 0.31054769 0.04399488
v -0.03850505 0.33288028 0.07324014
v -0.04348686 0.33211669 0.06805374
v -0.04049256 0.30320125 0.08585056
v -0.09938497 -0.00000000 0.08574584
v -0.09937215 0.00587269 0.08670583
v -0.10271852 -0.00000000 0.08037861
v -0.10950902 -0.00000000 0.05686035
v 0.08130204 0.11835435 -0.08136287
v 0.07485473 0.10823828 -0.09681434
v 0.07239247 0.12151224 -0.08603697
v 0.06461674 0.18540531 -0.07749452
v 0.06556742 0.17714853 -0.06947588
v 0.06395189 0.15582301 -0.09334308
v 0.01691658 0.34487998 0.09676908
v 0.01809282 0.33040012 0.10377278
v 0.02063580 0.33510390 0.09713218
v -0.00174220 0.28578859 0.09772054
v -0.00533713 0.28945024 0.09935019
v -0.01360921 0.26512239 0.10714605
v -0.08459411 0.38169345 -0.03956878
v -0.08275234 0.39158786 -0.04756315
v -0.08694079 0.37003482 -0.03507412
v -0.09110025 0.34737704 -0.05147148
v -0.08651980 0.34846114 -0.05429491
v -0.09698904 0.32927631 -0.04549893
v -0.03718312 0.08625322 -0.00322586
v -0.04768822 0.07962437 -0.00792204
v -0.03138214 0.09502141 0.00380274
v -0.00934887 0.32794547 0.09469755
v -0.00757172 0.33050269 0.09530747
v -0.00951579 0.33964244 0.08559857
v 0.00067459 0.31576455 0.09445847
v -0.00181548 0.31881051 0.09978970
v -0.00591833 0.31782157 0.09667483
v 0.06425158 0.27914651 0.08959863
v 0.06600530 0.29464813 0.08444734
v 0.05773129 0.27793121 0.09092275
v 0.08415823 0.23292076 0.05564647
v -0.07071365 0.16704691 -0.02820927
v -0.06230495 0.17517355 -0.02621809
v -0.06146803 0.16074045 -0.02357668
v -0.08421849 0.15445984 -0.01773580
v -0.03808083 0.46261249 0.03229584
v -0.03258762 0.46300357 0.03041527
v -0.03877025 0.47154036 0.01815643
v 0.02457282 0.46827281 0.03970228
v 0.01199850 0.45956302 0.04499998
v 0.02202360 0.46209197 0.04084753
v 0.04743151 0.02212663 0.00884764
v 0.03738263 0.07346474 0.01011815
v 0.05223206 0.08151744 0.00802080
v 0.04208766 0.06386540 0.01206150
v -0.05024600 0.07614856 0.05413560
v -0.04452678 0.02040553 0.05762727
v -0.04439279 0.01187866 0.04713425
v -0.04136791 0.02215304 0.05121683
v -0.07445319 0.44320952 -0.00638070
v -0.07267861 0.44949828 -0.00765308
v -0.08336127 0.43379848 -0.01163058
v -0.07776681 0.42524219 -0.04168005
v -0.08001920 0.43379477 -0.03162537
v -0.07677082 0.43745051 -0.03051909
v 0.02208178 0.48694175 0.00307679
v 0.02860061 0.48458423 -0.00691219
v 0.02505817 0.48533027 -0.00904257
v -0.00624564 0.47569293 0.04155681
v -0.00936346 0.46519069 0.04597558
v -0.00382911 0.47103431 0.03991404
v -0.07425404 0.43585860 0.01316087
v -0.09294514 0.41953998 0.01309709
v -0.08342070 0.42314528 0.01541489
v -0.05592697 0.39939189 0.03543595
v -0.06827623 0.39022834 0.03840899
v -0.05965378 0.39175933 0.03631294
v 0.09785951 0.22534877 0.00607366
v 0.10223160 0.20373201 -0.01324755
v 0.09324210 0.18233249 0.01509145
v 0.09822908 0.18395622 0.01305464
v 0.02142614 0.19814235 0.10016400
v 0.01521494 0.18697223 0.09506197
v 0.02037315 0.18773265 0.08906578
v 0.00211801 0.17787321 0.08364738
v 0.00104256 0.16754707 0.07970025
v 0.01138655 0.17774025 0.08272402
v -0.00567875 0.31641963 0.09209079
v 0.00215060 0.30553285 0.09666269
v 0.02878604 0.31516406 0.09464236
v 0.01782900 0.30500165 0.09602788
v 0.02238498 0.30573257 0.09765008
v 0.00657912 0.24332639 0.11330509
v 0.00863932 0.25573175 0.11476500
v 0.00597136 0.25824525 0.10992843
v 0.01848493 0.26035262 0.11158452
v 0.00997907 0.24536247 0.11813277
v 0.01186174 0.23319108 0.11122648
v -0.08690068 0.02757552 0.05362546
v -0.09539151 0.02971573 0.06469034
v -0.08379407 0.03279672 0.04896790
v -0.07648533 0.04353833 0.05081405
v -0.08364986 0.04116527 0.04296596
v 0.07356620 0.09802025 0.01590633
v 0.06920220 0.08159346 0.01869142
v 0.06730253 0.09850677 0.04277794
v -0.01548079 0.45607661 -0.06970439
v -0.05526632 0.45783675 -0.04496922
v -0.04229269 0.47253009 -0.04139144
v -0.04954973 0.46675605 -0.04706198
v 0.04325745 0.44247043 0.04608795
v 0.03379660 0.45177741 0.04279117
v 0.03708764 0.44687709 0.05119112
v 0.04202498 0.44742957 0.04209962
v 0.04757861 0.44977527 0.03957772
v 0.03379660 0.45177741 0.04279117
v -0.07521408 0.42676410 -0.05008352
v -0.08411754 0.40312129 -0.05353196
v -0.08264598 0.40340999 -0.04643402
v -0.08662050 0.36928966 -0.04004019
v -0.08275234 0.39158786 -0.04756315
v -0.08724952 0.37402011 -0.04457235
v 0.00523304 0.18719623 0.09786197
v 0.00931578 0.20092605 0.10441574
v -0.00046079 0.19669122 0.10479605
v 0.00927107 0.23396499 0.11161433
v -0.05698775 0.16004577 0.03714036
v -0.05529938 0.14370558 0.03920796
v -0.04653339 0.15657519 0.03318977
v -0.04509675 0.37075111 0.05009627
v -0.04932584 0.36151862 0.05407524
v -0.04157198 0.36483504 0.05457349
v -0.04411261 0.38116477 0.06438389
v -0.04599071 0.38077415 0.04844699
v -0.03978198 0.37019897 0.05562724
v -0.06474663 0.19921491 -0.01962894
v -0.07895928 0.19390565 -0.02567362
v -0.07491883 0.20680793 -0.01627620
v -0.08157825 0.26174331 -0.03148611
v -0.08668550 0.27254833 -0.03621615
v -0.07516187 0.26771634 -0.03936299
v -0.07587786 0.02624568 -0.08177869
v -0.08009682 0.02841524 -0.07018024
v -0.07558371 0.03394396 -0.06840629
v -0.00689323 -0.00000000 -0.16210483
v -0.00147670 0.00000000 -0.15550179
v 0.03861813 0.31423602 0.09438886
v 0.03449009 0.30302600 0.09472673
v 0.04274338 0.29288913 0.09927356
v 0.03690440 0.25919748 0.10508734
v 0.04146023 0.26818479 0.09808232
v 0.03364647 0.26143361 0.10397659
v 0.05435356 0.40917743 -0.08379784
v 0.04571933 0.42336211 -0.08243505
v 0.05669510 0.40657603 -0.08082432
v 0.05198381 0.46140387 -0.05309447
v 0.05223236 0.46573302 -0.04999832
v 0.05840666 0.45176478 -0.05453316
v -0.03555196 0.43538566 0.05561318
v -0.04418226 0.43104575 0.04707041
v -0.04229494 0.43257979 0.06031691
v -0.05000920 0.40933517 0.05068273
v -0.04967102 0.39958419 0.05029658
v -0.03332782 0.10220470 0.01108651
v -0.03827594 0.09946957 0.01454700
v -0.03252289 0.13896830 0.01782477
v -0.03222324 0.11681573 0.01702531
v -0.02774200 0.13035135 0.01229955
v 0.07766434 0.03553501 -0.04284594
v 0.09804820 0.05118079 -0.04666671
v 0.09296266 0.04920406 -0.03837064
v 0.05307520 0.04781640 -0.12813237
v 0.04319801 0.03259350 -0.13020124
v 0.02189491 0.03479507 -0.14747375
v -0.05769710 0.17355781 -0.04547009
v -0.05300316 0.16427318 -0.03241929
v -0.06160756 0.18899915 -0.02881780
v -0.07227120 0.13468833 -0.03983049
v -0.07075788 0.13463394 -0.05372885
v -0.08306163 0.13684437 -0.04613761
v -0.08401477 0.26948343 0.03801959
v -0.08323348 0.26211112 0.04500588
v -0.08714548 0.27078920 0.04488278
v -0.08433508 0.26290136 0.03821920
v -0.08614747 0.25553903 0.02713156
v 0.04194465 0.32019252 0.08945429
v 0.05042014 0.34211181 0.07847301
v 0.04200552 0.33715259 0.08314462
v 0.06011357 0.28848079 0.08824313
v 0.06834172 0.30355098 0.08663153
v 0.10068918 0.18025812 -0.01328037
v 0.10004868 0.17041511 -0.00398447
v 0.09584974 0.16053222 -0.01077844
v 0.03900077 0.03404318 0.06628771
v 0.03193312 0.03142711 0.06646113
v 0.04142826 0.03392548 0.07529078
v 0.02141931 0.02210695 0.04279488
v 0.02212488 0.01610024 0.05148152
v 0.02092618 0.02887277 0.04846947
v -0.01588012 0.32346244 -0.08758892
v -0.02354587 0.32337444 -0.08474019
v -0.01346214 0.33017833 -0.08700718
v -0.06342843 0.26988883 -0.04817747
v -0.05749370 0.27998493 -0.05913868
v -0.05580454 0.27373424 -0.06114407
v -0.01488367 0.19087104 0.07664953
v -0.01952749 0.19756620 0.08380673
v -0.02598187 0.19820982 0.07238481
v -0.00493880 0.18428451 0.09518539
v -0.00286256 0.18374698 0.10206143
v -0.00732568 0.19259479 0.10526258
v -0.00635694 0.26299379 0.10466245
v -0.00067762 0.24727992 0.10895910
v -0.00185750 0.25781118 0.11023605
v -0.00932692 0.20671636 0.10434106
v -0.01219263 0.21124246 0.10585720
v -0.01116762 0.19005735 0.09475318
v 0.09632287 0.01005468 -0.02202589
v 0.08974209 0.01621332 -0.02697573
v 0.09691330 0.02243855 -0.01763907
v 0.07827579 0.04636269 -0.09451782
v 0.06599332 0.02350593 -0.08405151
v 0.06486158 0.03055149 -0.09752229
v -0.06421953 0.29385562 -0.05650457
v -0.06397654 0.29988794 -0.06456601
v -0.06248515 0.29185487 -0.06337605
v -0.02622884 0.34510234 -0.08731720
v -0.04140863 0.33229530 -0.08657321
v -0.05092170 0.33192390 -0.07798831
v 0.07967981 0.03026177 0.05069746
v 0.07625157 0.02623078 0.03669627
v 0.07337265 0.03345855 0.04228732
v 0.07006635 0.03426582 0.04702817
v 0.06429845 0.03425384 0.04674904
v 0.07152054 0.03407092 0.05482334
v 0.05626682 0.39990878 -0.08608207
v 0.06036021 0.40029185 -0.07860097
v 0.06128293 0.38844150 -0.08108345
v 0.09349403 0.39073119 -0.04576185
v 0.09843874 0.38248645 -0.04142777
v 0.09770632 0.37732532 -0.04212956
v -0.09006631 0.37385799 -0.03336943
v -0.09422887 0.38727565 -0.02241037
v -0.09664059 0.39420508 -0.02493867
v -0.08738464 0.42959056 -0.00675154
v -0.08685697 0.43830695 -0.00178216
v -0.07970469 0.43987864 -0.00181905
v -0.02305198 0.45039348 0.04286175
v -0.02838578 0.44879760 0.04213967
v -0.01670481 0.45180194 0.04945020
v -0.07522914 0.44356719 0.02040827
v -0.06833819 0.42231112 0.01897610
v -0.06494404 0.42667605 0.01410313
v -0.08593747 0.18946775 -0.02631049
v -0.08756187 0.20777507 -0.00778014
v -0.08160122 0.20925466 -0.01214264
v -0.08497941 0.25557640 0.01908591
v -0.08405443 0.24194541 0.01198991
v 0.00540616 0.17835659 0.09244166
v -0.00053762 0.17705179 0.08711277
v 0.00871629 0.17972045 0.08607220
v 0.00074701 0.17744932 0.09510767
v -0.00743097 0.18133442 0.09351670
v -0.00053762 0.17705179 0.08711277
v 0.06813414 0.39998054 -0.07286975
v 0.06405369 0.41103396 -0.07409922
v 0.07217624 0.40223025 -0.07329259
v 0.07744857 0.38816451 -0.06650235
v 0.07825185 0.39379787 -0.06952439
v 0.09168024 0.37546924 -0.04796857
v -0.04035465 0.08580489 -0.13820483
v -0.02926534 0.06971097 -0.14447301
v -0.04534733 0.07107915 -0.13555686
v -0.02828670 0.02136098 -0.16225124
v -0.02252002 0.01503157 -0.16544490
v -0.03163130 -0.00000000 -0.16481531
v -0.03937906 0.43600528 0.04607660
v -0.02643463 0.44307479 0.06136274
v -0.02464977 0.44776442 0.04653355
v -0.00130156 0.45596335 0.05050389
v -0.09105750 0.12572779 -0.02819299
v -0.09282267 0.13377033 -0.03975192
v -0.09851678 0.11378443 -0.02096238
v -0.09577712 0.09163696 -0.06044613
v 0.08694418 0.37933448 -0.05508558
v 0.08603807 0.37919791 -0.06185987
v 0.08363081 0.32586650 -0.06096469
v -0.05351531 0.07722522 -0.12868218
v -0.04573278 0.08336216 -0.13464849
v -0.07008708 0.11859883 -0.08615337
v -0.07048861 0.11569912 -0.09964771
v -0.06766851 0.10198310 -0.10143589
v -0.09744980 0.36387931 -0.02724504
v -0.09755113 0.37317306 -0.02672931
v -0.08936166 0.35752132 -0.03325001
v -0.09499296 0.32779262 -0.04216216
v -0.08856628 0.35326823 -0.03746051
v -0.09235023 0.35073924 -0.04179448
v -0.00113261 0.48731753 0.01263734
v 0.00543879 0.48733302 0.00066962
v 0.00217304 0.49029300 -0.00055263
v -0.02212298 0.47571032 0.03218673
v -0.02443464 0.47258277 0.02943433
v -0.01664104 0.46324469 0.04205633
v 0.09993693 0.31719083 -0.02908482
v 0.09763806 0.32653323 -0.03342295
v 0.10223776 0.32910342 -0.02825496
v 0.09082759 0.29345937 -0.02212087
v 0.09672270 0.30894767 -0.02571759
v 0.09986373 0.30491037 -0.02307702
v -0.09127312 0.02442618 0.01296115
v -0.09607530 0.00793289 0.02387402
v -0.08805933 0.02729242 0.01771174
v -0.08896311 -0.00000000 0.03255544
v -0.02303435 0.29494523 0.09322935
v -0.02318955 0.31426381 0.08295234
v -0.02887197 0.28812997 0.08927932
v -0.03085525 0.23754466 0.09976387
v 0.06441830 0.34710372 0.07776258
v 0.06114612 0.34778472 0.07417774
v 0.06246103 0.33454005 0.07941974
v 0.06494120 0.35733607 0.07021409
v -0.09308284 0.35685210 0.02698676
v -0.09016150 0.34819823 0.03029137
v -0.08543793 0.36375137 0.02785832
v -0.09262861 0.29205236 0.00102446
v -0.09409137 0.30046163 0.00118396
v -0.09249141 0.30730081 -0.00528776
v -0.01954911 0.48478244 -0.00797323
v -0.02412728 0.48545100 0.01920043
v -0.02625621 0.47813865 0.02152555
v -0.01483273 0.12677685 -0.13550060
v -0.02787958 0.11588924 -0.13764138
v -0.03014731 0.12563552 -0.13176305
v -0.06022716 0.12214915 -0.11653914
v -0.06653219 0.11329287 -0.11988986
v -0.06612352 0.11969297 -0.11151739
v 0.05372009 0.06323224 0.01373215
v 0.06067343 0.05635498 0.01723501
v 0.08097682 0.28424856 -0.03070677
v 0.09005576 0.28580032 -0.02724369
v 0.08522930 0.27041955 -0.01947475
v 0.07447374 0.30538190 -0.06282724
v 0.08184001 0.30953033 -0.06320073
v 0.09013421 0.30270023 -0.04989988
v -0.09479082 0.32004764 0.03881691
v -0.09533373 0.30956744 0.03484387
v -0.09987489 0.30969028 0.03939969
v -0.09213436 0.33212505 0.03754642
v -0.08957959 0.34095649 0.03484184
v -0.09064484 0.34112357 0.03073267
v 0.02144855 0.36734466 0.10508600
v 0.01650667 0.35739776 0.09892165
v 0.02477273 0.36794250 0.09525486
v 0.00852433 0.35580978 0.09783510
v 0.00373039 0.35151431 0.11038688
v -0.00503378 0.35169215 0.10763339
v -0.06735774 0.21509634 -0.02159682
v -0.06474663 0.19921491 -0.01962894
v -0.06995823 0.20966403 -0.01524988
v -0.06869894 0.20607904 -0.04276887
v -0.06427753 0.19516555 -0.04821289
v -0.06414288 0.19592092 -0.03506804
v 0.03539298 0.20807065 0.08893603
v 0.02622231 0.19164009 0.08702679
v 0.03679338 0.20100500 0.07776444
v 0.04208722 0.24113874 0.10125810
v 0.04848192 0.23327537 0.10212739
v 0.04668910 0.24527131 0.10382786
v -0.07579565 0.42069778 0.01745498
v -0.07892016 0.43421775 0.02181169
v -0.05451928 0.45623694 0.01284238
v -0.05640377 0.46255397 0.01147997
v -0.06229696 0.45744349 -0.00005753
v -0.08166737 0.08848897 -0.01612706
v -0.08146234 0.07333275 -0.02466818
v -0.08123412 0.07476864 -0.01544304
v -0.08140672 0.04515980 -0.04849393
v -0.07581448 0.03694439 -0.06394304
v -0.07978324 0.03805488 -0.05729195
v 0.10352564 0.40072516 0.04073794
v 0.10754658 0.38843619 0.03469450
v 0.10456031 0.39727504 0.03555828
v 0.08008315 0.42762370 0.03477540
v 0.07361376 0.43683001 0.03908152
v 0.07750185 0.42939170 0.03805605
v -0.07381134 0.22281429 -0.01809669
v -0.07234576 0.21763679 -0.01223449
v -0.08781090 0.25518522 0.00528360
v -0.08866676 0.24897252 -0.00283756
v -0.08159511 0.24015405 -0.00074010
v 0.04096359 0.42380019 -0.08759990
v 0.06302286 0.28066463 -0.06322179
v 0.05920929 0.29483650 -0.07059059
v 0.06197749 0.29301982 -0.06782448
v -0.03312933 0.21169023 0.09038132
v -0.03262423 0.21466085 0.08574633
v -0.02906077 0.20976484 0.08721789
v -0.03136726 0.21119739 0.08080186
v -0.02892546 0.20307466 0.07784994
v -0.01614762 0.34433883 -0.09145625
v 0.02352397 0.34202529 -0.08911279
v 0.01341710 0.35437179 -0.09076811
v 0.03041261 0.34159480 -0.08583468
v -0.02767948 0.35161292 -0.09301884
v -0.04129671 0.34163551 -0.08304245
v -0.01268964 0.40713359 -0.09429692
v -0.00873369 0.40834250 -0.09180295
v -0.07934168 0.11540148 -0.01806512
v -0.08842448 0.11275381 -0.01699443
v -0.08079555 0.10780316 -0.01558256
v -0.09131156 0.08534656 -0.02426081
v -0.08356328 0.07111233 -0.02952498
v -0.08208403 0.08259835 -0.02232186
v 0.00764975 0.10558399 -0.14694871
v 0.02375275 0.10560455 -0.14291080
v 0.01331564 0.07424767 -0.15003159
v -0.03035335 0.10033198 -0.14126988
v -0.00972586 0.10478355 -0.14565679
v -0.02388799 0.08301459 -0.14495515
v -0.08185956 0.01741310 0.09156139
v -0.08158727 0.03208004 0.08200248
v -0.08743301 0.01557140 0.08889078
v -0.07464974 0.01119495 0.09138183
v -0.07076755 0.02710838 0.08213323
v -0.07850354 0.01392073 0.09288593
v 0.01661196 0.35520000 -0.09287995
v 0.02471781 0.35764434 -0.10169309
v 0.03273519 0.34734882 -0.09247921
v 0.00027460 0.38370586 -0.09209421
v 0.01114996 0.36798412 -0.10015069
v 0.01227807 0.36250152 -0.09542211
v 0.09994197 0.27844262 0.00413704
v 0.09155403 0.26612743 0.00004170
v 0.09373470 0.26334232 -0.00533411
v 0.09660480 0.21569030 -0.01287141
v 0.09578120 0.22903085 0.00111175
v -0.01735491 0.30203435 0.09314164
v -0.02060473 0.30695854 0.09272919
v -0.02284160 0.29534356 0.09746074
v -0.00906171 0.31820235 0.10211421
v -0.01073884 0.32019592 0.09333276
v 0.08816205 0.44521892 0.00436295
v 0.08926234 0.44440207 0.00938477
v 0.09700038 0.42832633 0.00917663
v 0.06151398 0.47106734 0.01570679
v 0.05258209 0.47453284 0.01848842
v 0.06061571 0.46966967 0.02109366
v -0.07871069 0.19990493 0.04385907
v -0.09246638 0.19695354 0.03059297
v -0.08334122 0.19071718 0.02973893
v -0.09558771 0.19908227 0.01172561
v 0.04814675 0.42088313 0.06361269
v 0.01365213 0.42686400 0.08373917
v 0.02683753 0.42300868 0.08850392
v 0.02539887 0.42516646 0.08487600
v 0.00057430 0.39786273 -0.09157381
v 0.00368151 0.38135188 -0.09652778
v 0.00946412 0.38377849 -0.09093674
v 0.01099717 0.37498775 -0.09341100
v 0.01331930 0.42250117 0.09428305
v 0.01331243 0.42160110 0.10718138
v 0.02004320 0.41940795 0.09570595
v 0.02748532 0.39664191 0.11101136
v 0.02260453 0.39357307 0.11766111
v 0.02901281 0.38813594 0.10305216
v 0.09034385 0.43059440 -0.00681736
v 0.09653759 0.42213817 -0.00852507
v 0.09243833 0.42141597 -0.01340813
v 0.09902342 0.39570602 -0.01871584
v 0.09609047 0.40658263 -0.01917719
v 0.10012587 0.41091804 -0.01375259
v 0.09154934 0.13455990 0.02532384
v 0.09265862 0.15192439 0.02751474
v 0.08891585 0.13287216 0.03009481
v 0.07760324 0.12191161 0.04409025
v -0.02784910 0.25934064 -0.08931777
v -0.02846677 0.30157943 -0.07593499
v -0.01131125 0.26232471 -0.09382281
v -0.05975078 0.22343097 -0.06623264
v -0.04909525 0.22740985 -0.07318058
v 0.02469564 0.00690865 -0.03154189
v 0.01145095 -0.00000000 -0.03891225
v 0.02025959 -0.00000000 -0.02709075
v -0.06426972 0.25982717 -0.04797058
v -0.05959111 0.26236526 -0.05378485
v -0.06265342 0.24496614 -0.05761268
v -0.06803117 0.21099233 -0.02744409
v -0.06499920 0.19737543 -0.02895146
v 0.05839650 0.38138255 -0.08200839
v 0.03066095 0.41218284 -0.08918581
v 0.04346057 0.39762950 -0.09189860
v 0.02809453 0.40816680 -0.09274630
v -0.06916205 0.14000248 -0.05950287
v -0.06953057 0.13064624 -0.06808189
v -0.06992337 0.13940697 -0.04181671
v 0.09857985 0.29558822 0.01839037
v 0.10116427 0.30782844 0.01806930
v 0.10514147 0.31060514 0.02412268
v 0.10518147 0.33775321 0.00035925
v 0.10747333 0.33695274 0.00347217
v -0.02508416 0.27921010 0.09611925
v -0.02806844 0.27803417 0.09219238
v -0.02358806 0.26866962 0.09721269
v -0.01831234 0.26519544 0.10139216
v -0.01601126 0.28771392 0.09643187
v -0.02356620 0.28163883 0.09972653
v 0.04797192 0.01244054 -0.00314671
v 0.04231509 0.01840557 -0.01959035
v 0.03984354 0.00988087 -0.02196126
v 0.07070514 -0.00000000 0.00677734
v 0.04835009 -0.00000000 0.00240641
v 0.04554041 -0.00000000 -0.00824015
v 0.00795329 0.16573864 0.06321962
v -0.00233873 0.15968672 0.05927708
v -0.01396490 0.17025116 0.05796096
v -0.01107621 0.16225143 0.04535818
v -0.07411672 0.37112735 -0.06837445
v -0.07659329 0.37787616 -0.06890602
v -0.07304946 0.37653434 -0.06546334
v -0.08073942 0.39605407 -0.05652471
v -0.07140189 0.40588599 -0.06153527
v -0.06649179 0.40632690 -0.06502378
v 0.07713056 0.40809081 -0.06711528
v 0.08044180 0.40713923 -0.06355241
v 0.08994211 0.39643474 -0.05821427
v 0.08682094 0.40186908 -0.05485786
v 0.09005517 0.41521449 -0.05951701
v 0.09747875 0.39564353 -0.04470045
v -0.08456671 0.26448066 0.03093303
v -0.08433508 0.26290136 0.03821920
v -0.08972555 0.27181842 0.03276535
v -0.09171478 0.32271034 0.03178850
v -0.09381906 0.30369478 0.02433084
v -0.00827484 0.19600683 0.10126518
v 0.00230048 0.23781766 0.10866378
v -0.00061186 0.21572898 0.11621211
v 0.00348790 0.22010652 0.11117793
v -0.08536398 0.38849181 0.02660659
v -0.07947008 0.40033095 0.02442127
v -0.08544123 0.39064643 0.02179176
v -0.07042159 0.41090507 0.02897721
v -0.07265791 0.40789615 0.03239134
v -0.05504137 0.41546294 0.03157404
v 0.04804680 0.34508708 -0.09498370
v 0.07556818 0.31639783 -0.06354177
v -0.08634775 0.24490335 -0.02248020
v -0.07398466 0.24843208 -0.02989808
v -0.07179118 0.23966407 -0.02370448
v -0.07044359 0.23434732 -0.02994486
v -0.06960855 0.24649448 -0.03178365
v -0.07006321 0.22903184 -0.04321012
v -0.05884395 0.19068224 0.04262638
v -0.05978082 0.21889699 0.06424764
v -0.07032828 0.22026323 0.06027809
v -0.06812775 0.20792425 0.05790788
v 0.08969594 0.30569722 0.06383920
v 0.08530412 0.30491996 0.06736448
v 0.08967404 0.28968082 0.06618167
v 0.09205669 0.25322179 0.03083204
v 0.08865371 0.25987035 0.04160385
v 0.08819868 0.24160455 0.05052359
v 0.10431092 0.33889629 -0.00346523
v 0.10404015 0.32709384 -0.00369287
v 0.10752207 0.33427028 -0.00659136
v 0.10089804 0.32110896 -0.02347872
v 0.10593630 0.31856845 -0.01811358
v -0.05564089 0.45182643 -0.05916764
v -0.04200358 0.46330035 -0.05950821
v -0.05128655 0.44875785 -0.05985633
v -0.07786812 0.41078433 -0.05543076
v -0.07292946 0.42610805 -0.05536118
v -0.06428968 0.42830062 -0.05848168
v 0.08372874 0.28185991 0.06636634
v 0.09139694 0.27355010 0.06077667
v 0.08439730 0.26697984 0.06939104
v 0.08325308 0.27861907 0.07295919
v 0.08708220 0.26825302 0.07331475
v 0.02800249 0.39230281 -0.09068816
v 0.02600917 0.40059917 -0.09550203
v 0.03618065 0.39898662 -0.09842130
v 0.01930616 0.42035174 -0.08717445
v 0.03066095 0.41218284 -0.08918581
v 0.01505653 0.41827109 -0.09094002
v -0.00811510 0.48145541 -0.01695514
v -0.01958754 0.48169211 -0.02229154
v -0.01034770 0.48592639 -0.00940676
v 0.01208433 0.48488578 -0.00903322
v 0.01076321 0.48525374 -0.01416393
v 0.08147026 0.00780843 0.05970501
v 0.07752850 0.00475327 0.06149296
v 0.08390197 0.00361543 0.05123647
v 0.08209205 -0.00000000 0.05093019
v 0.00863675 0.42581691 -0.09067121
v 0.00266489 0.43085982 -0.08615188
v 0.00478963 0.43948161 -0.08166939
v -0.00677787 0.43642394 -0.08620462
v 0.00344197 0.44643870 -0.07721137
v 0.00029706 0.43706931 -0.08257561
v -0.01337976 0.03253818 -0.16004110
v -0.01576412 0.02200978 -0.16518116
v 0.01254285 0.01996548 -0.15172127
v 0.01613127 0.02972575 -0.15085436
v 0.02135050 0.02438413 -0.13970304
v -0.02699442 0.48035376 -0.04486009
v -0.02807509 0.47389716 -0.04712212
v -0.04375333 0.46599223 -0.04935049
v 0.00269089 0.48275561 -0.01953999
v -0.00632306 0.48706210 -0.03530178
v -0.00960269 0.48346938 -0.03271167
v 0.02974393 0.14173617 0.01956083
v 0.02455487 0.13274400 0.01907612
v 0.03134703 0.13162365 0.01544257
v 0.10623456 0.35089832 -0.01854433
v 0.10339453 0.34988345 -0.02431662
v 0.10390959 0.36259002 -0.01812453
v 0.10588699 0.33063377 -0.02309536
v 0.07483552 0.10421429 -0.00994591
v 0.07488440 0.08884564 -0.00903784
v 0.09705147 0.09350754 -0.00501570
v 0.06457550 0.09648591 -0.00510700
v 0.06601518 0.09434294 -0.01142340
v -0.07045694 0.15706382 -0.02373587
v -0.06739965 0.13716681 -0.02253415
v -0.05556864 0.13766368 -0.02761781
v -0.06221311 0.14149259 -0.03368782
v -0.08097773 0.38354205 0.03181600
v -0.08321358 0.38599872 0.02950260
v -0.08920110 0.37427650 0.02691478
v -0.07261064 0.37243720 0.04682183
v -0.07609812 0.36717803 0.04252204
v -0.07612690 0.36263274 0.04687391
v -0.09119854 0.33757484 -0.02926814
v -0.09200333 0.34017055 -0.03397504
v -0.09786506 0.32270629 -0.03595207
v -0.09069584 0.27111770 -0.02363501
v -0.09326145 0.28179372 -0.02391464
v -0.08802612 0.27354514 -0.02819617
v 0.07205524 0.27998693 0.08830809
v 0.07107846 0.25506261 0.08250550
v 0.07168602 0.28652726 0.08077877
v 0.05577582 0.23231143 0.08533933
v 0.05806343 0.22899629 0.08193989
v 0.06588414 0.24497085 0.08913576
v 0.10254676 0.36495395 -0.01172138
v 0.10772313 0.34684062 -0.01470879
v 0.11125238 0.34915717 -0.01691884
v 0.10523000 0.36294978 -0.00879753
v 0.10598186 0.37367911 -0.01041935
v 0.10956439 0.37705600 -0.00795639
v -0.06854489 0.00000000 -0.11855822
v -0.07576644 -0.00000000 -0.03628500
v 0.06119351 0.29808725 -0.05984255
v 0.06576025 0.25091846 -0.06119757
v 0.06816099 0.27779416 -0.05204463
v 0.07032527 0.25873247 -0.05474163
v 0.07001718 0.36346938 -0.07712345
v 0.06375316 0.37954982 -0.08050143
v 0.07601549 0.36311587 -0.08003428
v 0.09659304 0.35305381 -0.04664631
v 0.09606478 0.35380126 -0.04167688
v 0.09556928 0.34245334 -0.04116382
v 0.10347828 0.34310897 0.03299788
v 0.10458936 0.32147971 0.01830391
v 0.10906831 0.33431876 0.02475348
v 0.10485396 0.36423499 0.02486870
v -0.07066668 -0.00000000 -0.09921219
v -0.07362305 0.01109846 -0.10798429
v -0.06953133 0.00668382 -0.11696420
v -0.05616494 0.00557658 -0.14284951
v -0.06373189 0.01176515 -0.13354385
v -0.05008995 0.01333745 -0.14997467
v 0.06998088 0.03773411 0.06070510
v 0.06412961 0.03831388 0.05366712
v 0.07702185 0.01449160 0.06155839
v 0.07369634 0.02891690 0.05884970
v 0.07281363 0.03434196 0.06476299
v -0.04889030 0.23327426 0.09164532
v -0.07275787 0.31352880 0.05920948
v -0.07316480 0.30145877 0.06576905
v -0.06801291 0.29871221 0.06852307
v 0.04624746 0.18688598 0.03204595
v 0.04551008 0.17355060 0.02652144
v 0.06132214 0.18321500 0.03437937
v 0.03840561 0.18055370 0.04443674
v 0.03410348 0.17257682 0.03921956
v 0.04460030 0.18665718 0.03944237
v -0.03370271 0.47266124 -0.05246382
v -0.00136109 0.48167563 -0.03771466
v 0.06709923 0.15237976 -0.06355613
v 0.06789469 0.16498047 -0.04888692
v 0.06496382 0.15742819 -0.02639647
v 0.06698666 0.15354861 -0.04763302
v 0.01202280 0.39051646 -0.09433845
v 0.02344654 0.38204936 -0.10165363
v 0.02192644 0.37920375 -0.09483114
v 0.05792592 0.35404014 -0.08555703
v 0.06021013 0.35232166 -0.08233264
v 0.06101902 0.34252883 -0.07881143
v 0.10262949 0.31972331 0.01928250
v 0.10406638 0.33179073 0.02658481
v 0.10739900 0.32256625 0.02749747
v 0.10475325 0.35075282 0.03871765
v 0.10412699 0.34274760 0.04125892
v 0.10804573 0.33950893 0.04086692
v 0.05623131 -0.00000000 -0.07982668
v 0.06461118 -0.00000000 -0.05729905
v 0.05623131 -0.00000000 -0.07982668
v 0.05843776 0.00834339 -0.08217627
v 0.06289877 0.00657005 -0.06398928
v -0.04686541 0.45283233 0.02714651
v -0.05870956 0.45888511 0.02403121
v -0.03891095 0.44301898 0.03498219
v -0.05335526 0.45821486 0.01673444
v -0.06056070 0.45894267 0.01664193
v -0.05079077 0.45694713 0.02214615
v -0.05949561 0.24552213 0.08554929
v -0.05758901 0.24002048 0.07860562
v -0.05215007 0.23748226 0.08047601
v -0.05653588 0.26486999 0.09357435
v -0.05940655 0.25384073 0.09096972
v -0.05475261 0.25177022 0.08710348
v 0.06920003 0.06045799 0.02881535
v 0.06871977 0.06160377 0.03599209
v 0.07018869 0.04417907 0.03110076
v 0.07261747 0.08269435 0.02965245
v -0.09189828 0.22071672 0.03745387
v -0.08202280 0.28706163 0.06065957
v -0.07628244 0.30423927 0.05756109
v -0.08157605 0.28906011 0.05656590
v 0.04872351 0.08520927 0.05032183
v 0.06288648 0.12988093 0.04489571
v -0.07078975 0.27653556 0.07081973
v -0.07572369 0.27707126 0.07022367
v -0.07713946 0.26016195 0.06626709
v -0.08092842 0.26908876 0.06164739
v -0.08149776 0.26969314 0.05486233
v -0.07531809 0.25561935 0.06423509
v 0.05949110 0.32289417 -0.08020604
v 0.05542143 0.33523360 -0.08860785
v 0.05545613 0.33832454 -0.08421357
v 0.05854433 0.34117580 -0.08091430
v 0.04692082 0.35056380 -0.09013261
v 0.04773672 0.35764575 -0.08593920
v 0.10348593 0.38650569 0.02472798
v 0.09039193 0.42771529 0.03427184
v 0.08965330 0.42321235 0.03179157
v 0.09986410 0.42200191 0.02939145
v -0.04232851 0.02184062 -0.13009296
v -0.05574239 0.02166084 -0.12422891
v -0.05132704 0.02058045 -0.11345750
v -0.05825123 0.04511683 -0.11463736
v -0.04997838 0.02326687 -0.11223207
v -0.06273165 0.04023245 -0.10344148
v 0.03846330 0.27150096 0.10311897
v 0.05683422 0.33364219 0.07813731
v 0.05425356 0.34663280 0.07599419
v 0.05299697 0.32646281 0.08487792
v -0.05396130 0.46578704 0.00581446
v -0.06047710 0.46709487 0.00325517
v -0.05514930 0.46646247 0.01228930
v -0.07228839 0.44420970 -0.03547567
v -0.06286469 0.45565936 -0.02855610
v 0.08832844 0.12880465 -0.05857801
v 0.09024887 0.12326095 -0.06701166
v 0.07518714 0.12667416 -0.07381982
v 0.11601336 0.12141662 -0.02568351
v 0.11644309 0.10467941 -0.01639525
v 0.12056903 0.10810345 -0.02824498
v 0.02141416 0.10314673 0.00719548
v 0.01222668 0.09366328 0.00673900
v -0.02238157 0.09147512 0.00364871
v -0.01626122 0.07524506 0.00026245
v -0.01562221 0.09059272 0.00704101
v -0.03438271 0.28040052 0.08903096
v -0.04764451 0.28996543 0.08211863
v -0.04238688 0.28182077 0.08888881
v -0.04193557 0.25448450 0.09342379
v -0.04046047 0.27098977 0.08896685
v -0.04434894 0.25612157 0.08775360
v 0.06656435 0.03177063 0.01116952
v 0.06106914 0.03099084 0.00478485
v 0.05942132 0.03531343 0.01024117
v 0.06512637 0.03795094 0.02001136
v 0.06732533 0.05028778 0.02330579
v 0.06989698 0.03930046 0.02615009
v 0.10257711 0.41080642 0.01995915
v 0.10214001 0.39366717 0.02504559
v 0.10331068 0.39432075 0.02007966
v 0.08954091 0.43116340 0.02338214
v 0.09236342 0.42669738 0.01672976
v 0.07835208 0.43974307 0.02311736
v -0.05099265 -0.00000000 -0.00304460
v -0.05336850 -0.00000000 0.00334549
v -0.05409860 0.00859771 0.00686950
v -0.05336850 -0.00000000 0.00334549
v -0.05045456 0.00957527 -0.00087443
v 0.01684799 0.45130664 -0.07446884
v 0.01696736 0.45686320 -0.07325244
v 0.02214620 0.45057338 -0.08284158
v 0.01968984 0.45933066 -0.06514999
v 0.01846068 0.46837191 -0.05996907
v 0.02782282 0.46077514 -0.06926178
v -0.09066672 0.30768523 -0.04694085
v -0.08256118 0.31491695 -0.05685538
v -0.07768072 0.30473495 -0.04982543
v -0.09220165 0.31657075 -0.03093356
v 0.09906660 0.27192016 0.01374274
v 0.09408588 0.27505645 0.00853416
v 0.09711048 0.28722804 0.01354430
v 0.02500499 0.29104371 -0.08205029
v 0.03819662 0.28455274 -0.07924189
v 0.02140394 0.26392290 -0.09326807
v -0.00019185 0.25110971 -0.10039392
v -0.00771799 0.27693220 -0.08959226
v 0.00296063 0.26797307 -0.09656158
v 0.03466545 0.36202178 -0.09323375
v 0.03501710 0.36418620 -0.09010598
v 0.09654671 0.04968311 -0.05809475
v 0.08462943 0.04196729 -0.06723038
v 0.09172377 0.05574388 -0.07471306
v 0.09851266 0.06425616 -0.06328248
v 0.10042725 0.07700862 -0.06957946
v -0.03527344 0.40686255 0.10044140
v -0.03684953 0.40223403 0.10205707
v -0.03492995 0.38907756 0.09682347
v -0.03416768 0.38851451 0.08785805
v -0.03359765 0.38250651 0.08619827
v 0.09110530 0.43604011 0.00232113
v 0.09680424 0.42417483 0.00622152
v 0.09493459 0.42580207 0.00183488
v 0.10194047 0.40493823 0.01539674
v 0.04505696 0.25843292 0.10195745
v 0.04003141 0.25798320 0.10061427
v 0.05717365 0.24243238 0.09248827
v 0.05602254 0.25372419 0.09689691
v -0.01698399 0.00923881 -0.02306210
v -0.02501093 0.02168544 -0.02388284
v -0.02605152 0.00937080 -0.02988720
v -0.05064290 0.01740847 -0.00430960
v -0.05479354 0.01179241 0.00481152
v -0.10864712 0.01710557 0.06257410
v -0.10088509 0.02782852 0.06454210
v -0.10950902 -0.00000000 0.05686035
v -0.10403032 0.01290246 0.04916329
v -0.09825680 -0.00000000 0.04369186
v -0.06503905 0.34472274 -0.07128834
v -0.05941262 0.35754005 -0.07768009
v -0.05943774 0.34818431 -0.07332310
v -0.06811604 0.36155334 -0.06867797
v 0.09230416 0.26563226 -0.01125245
v 0.09298795 0.27496379 -0.01285313
v 0.09789895 0.27747506 -0.00686476
v 0.08282512 0.22230895 -0.03253897
v 0.07825811 0.21360292 -0.02281067
v 0.07976910 0.21577880 -0.03566470
v -0.06309211 0.28039327 0.08047783
v -0.06306432 0.29409044 0.07551876
v -0.06725363 0.28425651 0.08200664
v -0.05711684 0.29467441 0.08061229
v -0.05824034 0.30211637 0.07472134
v -0.06400742 0.30473872 0.06946039
v -0.09441250 0.33300369 0.02908570
v -0.09726060 0.31840499 0.02688965
v -0.09330666 0.35587623 0.02224768
v -0.09310606 0.34632667 0.02678108
v 0.06182682 0.03330594 -0.10584430
v 0.06292365 0.04695891 -0.11617638
v 0.08064303 0.05350167 -0.09783840
v 0.09429825 0.06400864 -0.07989204
v 0.09073028 0.07825716 -0.08177419
v 0.00350361 0.36158935 0.11912874
v -0.00592932 0.35261916 0.11117826
v -0.02058153 0.37045100 0.11289290
v -0.01745320 0.37119716 0.11652269
v 0.10160082 0.39054397 -0.01127672
v 0.10777427 0.39119529 -0.00633925
v 0.10509326 0.38222034 -0.01078739
v 0.10053362 0.40096648 -0.00758711
v 0.09795943 0.41698432 0.00300265
v 0.04961832 0.26876369 0.09819844
v 0.04720411 0.27604621 0.09589404
v 0.05219182 0.29032443 0.09382486
v 0.04815145 0.29154630 0.09772014
v 0.05812545 0.41088855 -0.08052027
v 0.04030738 0.44049857 -0.08218983
v 0.02675499 0.45015254 -0.08388869
v 0.02457299 0.45035865 -0.07817089
v 0.09032912 0.20637172 0.03875255
v 0.08397773 0.20672845 0.04119664
v 0.08360299 0.19976490 0.03455683
v 0.06700233 0.20359083 0.04917293
v 0.05312815 0.19636449 0.03964104
v 0.07068463 0.19731300 0.04176009
v -0.06982406 0.03006335 0.02327599
v -0.07716371 0.02854345 0.02726096
v -0.07142546 0.03874142 0.02336127
v -0.04146193 0.29349843 -0.07089568
v -0.04318283 0.26839761 -0.07708963
v -0.04972356 0.28340463 -0.06603721
v -0.03930604 0.29860088 -0.07250465
v -0.04972356 0.28340463 -0.06603721
v -0.05374809 0.29131746 -0.07028307
v 0.08438374 0.25833366 -0.02952465
v 0.08205423 0.26644596 -0.02841021
v 0.08468786 0.26169132 -0.01567347
v 0.08485085 0.24523849 -0.01942990
v 0.08276992 0.24432750 -0.00988572
v -0.06583026 0.24569284 0.07022291
v -0.05663823 0.23485979 0.07261857
v -0.06183058 0.24762878 0.07590493
v -0.07190159 0.26468822 0.06914933
v -0.07232790 0.26824134 0.07431033
v 0.07312647 0.13421966 -0.03480646
v 0.07051213 0.13470192 -0.05857506
v 0.06900938 0.13732267 -0.03915629
v 0.06786460 0.13715671 -0.02856888
v 0.06768671 0.12319474 -0.01638565
v 0.07107497 0.12901129 -0.02523252
v -0.05030865 0.09191518 -0.13073729
v -0.05930324 0.10265303 -0.12767601
v -0.04508432 0.10585823 -0.13596552
v -0.06224866 0.11598729 -0.12275243
v -0.05298788 0.12033425 -0.12524008
v -0.04582373 0.11543220 -0.13205430
v -0.01443850 0.34329795 0.08208544
v -0.01105873 0.35172378 0.08090342
v -0.02225577 0.35248889 0.07299158
v -0.01510652 0.35775710 0.09332800
v -0.02240818 0.36358504 0.08267914
v -0.01211946 0.35602134 0.08321073
v 0.09497661 0.39877246 0.04085779
v 0.09322490 0.38914043 0.04065614
v 0.09950701 0.37753154 0.03663439
v 0.08309571 0.41186278 0.04318497
v 0.10404647 0.41778190 -0.00459895
v 0.10574118 0.40609653 -0.01114346
v 0.10053362 0.40096648 -0.00758711
v 0.10149599 0.38519908 -0.01605563
v 0.05747719 0.44159907 -0.06934396
v 0.04534747 0.45554503 -0.06830769
v 0.05143767 0.45021922 -0.06553396
v 0.02623241 0.45321792 -0.07038174
v 0.04005475 0.44597777 -0.07493679
v 0.03991048 0.20692010 0.07988600
v 0.04036143 0.20949781 0.08609684
v 0.04858427 0.21810966 0.08001649
v 0.05252998 0.21919113 0.07545522
v -0.07915895 0.02521573 0.02249095
v -0.07442481 0.02650199 0.01674379
v -0.08908290 0.01714970 0.02438964
v -0.08843801 0.00414538 0.03092036
v -0.03798068 0.32971507 -0.09231736
v -0.02986985 0.32811801 -0.08796202
v -0.05210187 0.31585714 -0.07868215
v -0.06149003 0.31930032 -0.06899081
v -0.05492885 0.32130771 -0.07735857
v -0.06186850 0.30611099 -0.07043699
v -0.09461229 0.30788242 -0.02410696
v -0.09274161 0.33231040 -0.02286904
v -0.09721217 0.31829154 -0.02539301
v -0.10204351 0.35650581 -0.01065399
v -0.10311505 0.35154723 -0.01754580
v -0.09676405 0.34363120 -0.02161110
v -0.06554193 0.09426941 0.05118986
v -0.07455359 0.10357990 0.04703775
v -0.07016713 0.08262324 0.04882798
v -0.06014018 0.13498504 0.04399002
v -0.06700918 0.14880957 0.04517322
v -0.06257511 0.11375211 0.04958245
v 0.10106692 0.20097475 -0.02191606
v 0.09828121 0.20584522 -0.02265922
v 0.09556070 0.16845810 -0.01610499
v 0.08876585 0.14936545 -0.01412492
v -0.02825649 0.02576018 -0.15792027
v -0.02652004 0.02846684 -0.15263549
v -0.04463375 0.02291673 -0.14461340
v -0.09089139 0.29497379 0.04494672
v -0.08721675 0.30828271 0.04466732
v -0.08955196 0.29622323 0.04093164
v -0.08271148 0.30110656 0.05739306
v 0.09402009 0.32260215 -0.04487743
v 0.09085198 0.33074580 -0.04494192
v 0.09452454 0.31637229 -0.03252210
v 0.08193395 0.33880187 -0.06431961
v 0.06979465 0.34829951 -0.07530224
v 0.07690759 0.34452399 -0.06493208
v 0.04794445 0.34449737 0.08132489
v 0.01995168 0.32150794 0.09712013
v 0.02240579 0.31969911 0.09416970
v -0.11240158 -0.00000000 -0.00426271
v -0.10991837 -0.00000000 0.00923850
v -0.10674801 0.01010982 -0.01322309
v -0.09817577 0.01098934 -0.02096926
v 0.03110668 0.03954582 0.05705584
v 0.02452444 0.03533448 0.05213427
v 0.03732003 0.06443632 0.05017718
v 0.04094150 0.08723910 0.04806679
v 0.02964385 0.06870313 0.04630797
v -0.06596506 0.35480029 -0.06771180
v -0.06525601 0.35592925 -0.07335686
v -0.06573674 0.34737617 -0.07428215
v -0.08530785 0.32600806 -0.04952191
v -0.07845703 0.33108318 -0.05516165
v -0.08471992 0.32146697 -0.05339096
v 0.04364955 0.23979724 -0.09129215
v 0.03372924 0.24795366 -0.09397916
v 0.06592107 0.27220931 -0.06108492
v 0.06332949 0.25134923 -0.06439048
v 0.09615065 0.16984544 0.00414284
v 0.09292002 0.16638355 0.00707290
v 0.09066965 0.14531756 -0.00052004
v 0.09321204 0.17449745 0.00852515
v 0.09787471 0.28603467 -0.00680154
v 0.10143459 0.30251285 0.00191902
v 0.10085961 0.28925937 0.00060062
v 0.10240986 0.30174194 0.00899663
v 0.10438261 0.28877366 0.00386720
v 0.10392833 0.30538713 0.00637102
v -0.01482113 0.19277898 0.08562932
v -0.00417982 0.18128471 0.08567753
v -0.01277869 0.18731901 0.09517116
v -0.02049670 0.20789974 0.09733615
v -0.02363646 0.21874336 0.09833240
v -0.02236068 0.20411106 0.08868870
v -0.07755290 0.12102715 -0.01511934
v -0.07540146 0.12227997 -0.01255589
v -0.07355802 0.13137841 -0.01951979
v -0.06967985 0.11889391 0.05031924
v -0.08102417 0.16716861 0.03747816
v -0.08564957 0.13647274 0.03872661
v -0.07885860 0.13666737 0.04581653
v 0.09689923 0.16258783 -0.00246105
v 0.09762364 0.22216915 0.02628664
v 0.06169462 0.47355693 0.00854262
v 0.04457498 0.48208381 -0.00849093
v -0.08042051 0.32288261 0.04995513
v -0.08414678 0.30655074 0.05469660
v -0.07786641 0.31266443 0.05537455
v -0.06871230 0.31315639 0.06270210
v -0.07711849 0.32310790 0.05700086
v -0.10439271 0.37567939 -0.00117408
v -0.10286227 0.36286086 -0.00658574
v -0.10005067 0.37447803 -0.00101517
v -0.09853556 0.37828281 -0.00574427
v -0.09499539 0.38653430 -0.00525001
v -0.09801750 0.37243442 -0.01438034
v 0.11153281 0.10218437 -0.01095194
v 0.11035828 0.12302093 -0.01884691
v 0.10521697 0.08539875 -0.00759841
v 0.08707948 0.06845118 -0.01517709
v 0.08842436 0.05867261 -0.02285035
v 0.02883314 0.41961436 0.09237231
v 0.03618187 0.41412932 0.09220434
v 0.03861413 0.42244662 0.08184211
v 0.02595336 0.40600997 0.11226506
v 0.03022248 0.40358058 0.09762522
v 0.02478218 0.40955684 0.10604961
v -0.06710043 0.01623440 0.09274026
v -0.06402766 0.02853150 0.08384352
v -0.06085597 0.01934283 0.08806274
v -0.05795815 0.07455968 -0.12182213
v -0.05269411 0.05510720 -0.12068330
v -0.06338465 0.06030532 -0.11076446
v -0.06432986 0.07849628 -0.11314867
v -0.06779596 0.09467370 -0.10435901
v -0.07594149 0.18902906 0.03674596
v -0.06195040 0.20437463 0.05669090
v -0.02414215 0.24598440 0.10375114
v -0.02727518 0.25146972 0.10524938
v -0.03023155 0.23486610 0.10589826
v -0.01180323 0.25471004 0.10482439
v -0.01612419 0.25092853 0.10697982
v -0.06445083 0.18169921 0.04018218
v -0.07182895 0.18521627 0.03927983
v -0.07311998 0.15842945 0.04414251
v -0.06968106 0.19803676 0.04922837
v -0.05678988 0.34342532 -0.08175290
v -0.06223062 0.33496547 -0.07838651
v -0.06339177 0.33351955 -0.07060955
v 0.02540752 0.42106841 -0.09219003
v 0.03185807 0.43319919 -0.08248948
v 0.02772474 0.43225837 -0.08686886
v 0.02100734 0.43940070 -0.07886627
v 0.04821562 0.16439676 -0.10979853
v 0.05380001 0.20191673 -0.09237334
v 0.05091884 0.24249092 -0.08466463
v 0.06304671 0.27221341 -0.06470930
v 0.05448346 0.23951541 -0.08043641
v 0.08163389 0.34735316 -0.06568347
v 0.08555576 0.33873306 -0.05561095
v 0.08995116 0.35605872 -0.05019073
v 0.08931400 0.35328529 -0.06012443
v -0.03379095 0.47656913 0.03048361
v -0.03673208 0.48063022 0.01153484
v -0.03338270 0.47072028 0.02921856
v -0.03716745 0.47644610 -0.01861708
v -0.04806591 0.46923755 -0.02568934
v -0.04280243 0.47745578 -0.01554442
v -0.04158905 0.06997346 0.02107349
v -0.03757292 0.05743745 0.03241636
v -0.04063692 0.05149140 0.02848852
v -0.04278901 0.05995164 0.02072847
v 0.09326811 0.13075886 -0.05176391
v 0.10213148 0.12822804 -0.01813684
v 0.09877263 0.11630622 -0.01131239
v 0.03561656 0.40853782 0.09422031
v 0.02618344 0.41367114 0.09736651
v 0.04142898 0.40040324 0.08798068
v 0.05389376 0.07643936 -0.13107306
v 0.06326366 0.09163849 -0.12583827
v 0.05662941 0.12826708 -0.11692367
v 0.05918349 0.14998989 -0.10488847
v 0.06234332 0.13150738 -0.10716833
v 0.09211445 0.04506210 -0.05538094
v 0.08415041 0.03952084 -0.05637711
v 0.06793720 0.01840249 -0.06272145
v 0.00879531 0.43449904 -0.08206440
v 0.00647552 0.44755500 -0.07623047
v 0.01596574 0.43298518 -0.08663941
v 0.00910164 0.42838592 -0.08526899
v 0.09590239 0.43221622 -0.01272770
v 0.08594071 0.44571597 -0.00215364
v 0.08822994 0.44174804 -0.00727497
v 0.07975159 0.45304320 -0.00253454
v 0.05960803 0.06774873 -0.01724553
v 0.05701372 0.05727155 -0.02408706
v 0.07171828 0.06268887 -0.01758177
v 0.03746538 0.01814082 -0.02619131
v 0.05267870 0.28698667 -0.07038405
v 0.05727640 0.27971738 -0.06863792
v 0.06224765 0.27947316 -0.06730563
v -0.05795928 0.14107837 -0.06166732
v -0.06298264 0.14383777 -0.04760488
v -0.05655776 0.14161375 -0.04346562
v -0.06891613 0.13616749 -0.07071397
v -0.06856871 0.12302005 -0.09500169
v -0.05506609 0.45283580 -0.05162808
v -0.04419345 0.46804377 -0.04750146
v -0.05841843 0.43449332 -0.06179250
v -0.05644156 0.44574973 -0.05583355
v -0.02753060 0.43019481 0.07456906
v -0.03203584 0.43399562 0.06651052
v -0.03929346 0.43136355 0.06767651
v -0.09547713 0.39572585 -0.00039378
v -0.10235894 0.38321960 0.00011067
v -0.09539178 0.38810012 0.00225104
v -0.08984534 0.40348514 0.01127685
v -0.08355133 0.41775256 0.01451495
v -0.09732558 0.40110488 0.00775577
v -0.09250108 0.29615207 0.00501590
v -0.09951059 0.31201167 0.01330420
v -0.09740749 0.31607009 0.01095126
v -0.09884049 0.29967746 0.01426158
v -0.09226740 0.28921182 0.01126429
v -0.09505693 0.28824933 0.01459061
v -0.08871074 0.15407714 0.00367325
v -0.08662993 0.16471859 0.01110544
v -0.09327981 0.17959983 0.00705293
v -0.08588029 0.17225324 0.01427615
v -0.08384097 0.18132404 0.02300056
v -0.08960894 0.18569881 0.01853760
v 0.00176738 0.08441724 -0.14936800
v 0.00617376 0.06630160 -0.15220795
v -0.00222561 0.05978239 -0.15327108
v 0.00782367 0.03520475 -0.15618840
v -0.00060213 0.03309113 -0.15993180
v -0.00023465 0.04797262 -0.15474411
v 0.07411119 0.11232258 -0.00202249
v 0.07843340 0.11091293 0.01016620
v 0.07011064 0.10415848 -0.00282715
v 0.07883074 0.11229045 0.03802052
v 0.08647427 0.11591367 0.02582755
v -0.09527216 0.07594678 -0.03445678
v -0.09677259 0.07213593 -0.04381313
v -0.08871065 0.06761703 -0.03853913
v -0.08434643 0.05276088 -0.06223581
v -0.07554556 0.03993514 -0.07031909
v -0.08325783 0.05038588 -0.05205218
v 0.06505087 -0.00000000 0.07400318
v 0.04379256 -0.00000000 0.08291466
v 0.02573526 0.01111380 0.07186061
v 0.02321061 0.01107488 0.06083450
v -0.08853806 0.27523631 0.01050725
v -0.09480459 0.26094192 -0.00881502
v -0.09068803 0.27334411 -0.00665209
v -0.08894735 0.26296625 -0.01323671
v 0.07564749 0.38694156 0.05740635
v 0.05826333 0.40201510 0.05161088
v 0.07143542 0.38801265 0.05664249
v 0.06157309 0.36441703 0.07054379
v 0.05813515 0.35898750 0.07150875
v -0.06926924 0.32045635 -0.06066282
v -0.07057031 0.33282645 -0.06296304
v 0.01816414 0.35936736 0.09171414
v 0.03242086 0.14982362 0.02297784
v 0.04624746 0.18688598 0.03204595
v 0.03817141 0.17337568 0.03641388
v 0.03880186 0.16645763 0.02379905
v -0.09873707 0.38343444 -0.00955137
v -0.09065525 0.37481704 -0.03034077
v -0.02908662 -0.00000000 -0.03003684
v -0.06265929 -0.00000000 -0.05180546
v -0.06366133 -0.00000000 -0.07046848
v -0.06910521 0.01218818 -0.04676483
v -0.06686290 0.00908769 -0.05684354
v -0.06285235 0.00270610 -0.05437207
v -0.04837284 0.21606952 0.06407360
v -0.04715918 0.20723341 0.05789604
v -0.03910103 0.20447658 0.05881544
v -0.05631440 0.21164543 0.06238272
v -0.06513550 0.04062729 -0.02994754
v -0.07801382 0.05976509 -0.01914692
v -0.07114348 0.03408676 -0.03676338
v -0.07126605 0.00796528 -0.07586066
v -0.07218286 0.01456742 -0.06023856
v -0.07832038 0.01415306 -0.07191295
v -0.07660624 0.36323970 0.04122388
v -0.07393348 0.35591857 0.04475306
v -0.07217801 0.32307330 0.05763500
v 0.09150111 0.02730958 -0.01854804
v 0.09180037 -0.00000000 0.03231642
v -0.08219121 0.13239334 -0.05477921
v -0.07566624 0.12386067 -0.07585397
v -0.08219096 0.12271226 -0.06757181
v -0.10004014 0.12649982 -0.04786800
v -0.10270085 0.11608941 -0.04906469
v -0.10578608 0.10544612 -0.03428466
v -0.06440078 0.15027451 -0.02194553
v -0.05587895 0.15516965 -0.02159901
v -0.05973620 0.13953067 -0.02351054
v -0.05443585 0.14239932 -0.04277676
v -0.05265967 0.14847179 -0.03897553
v -0.05631882 0.14576174 -0.06400704
v 0.06625506 0.03412495 -0.01505684
v 0.05349499 0.02870710 -0.00780737
v 0.06602970 0.03509200 -0.00192587
v 0.03912557 0.02716209 -0.03371352
v 0.05011950 0.02761192 -0.01999657
v 0.05210197 0.03347905 -0.02990291
v 0.08935638 0.43997741 -0.01111071
v -0.09180051 0.29181234 -0.01285390
v -0.09149359 0.28150911 -0.01756145
v -0.09509267 0.27317787 -0.01765168
v -0.09674225 0.28173471 -0.01289079
v 0.00027460 0.38370586 -0.09209421
v 0.00083652 0.37345161 -0.09174181
v -0.00746536 0.36854568 -0.09510230
v -0.04642785 0.34723968 -0.09080897
v -0.05548595 0.34154056 -0.08614407
v -0.02046046 0.30748433 -0.07852033
v -0.01832668 0.31359519 -0.08577767
v -0.00537825 0.31647935 -0.07824716
v -0.04577767 0.30445493 -0.08127073
v -0.03423687 0.31133073 -0.08835346
v 0.07943234 0.10746262 0.01985306
v 0.08308835 0.12381001 0.00917135
v 0.09174581 0.13229828 0.02037917
v 0.09189691 0.14078399 0.01237319
v 0.09579819 0.15314567 0.02007981
v 0.03574811 0.48755992 0.01963246
v 0.03137763 0.48478366 0.01555721
v 0.02861525 0.48282645 0.02468441
v 0.01641489 0.47350432 0.03278796
v 0.00684964 0.46047221 0.04556829
v 0.01712728 0.46834617 0.04251655
v 0.09512069 0.32775066 -0.03838634
v -0.08551243 0.16904182 0.02945523
v -0.08751444 0.16657507 0.01922731
v -0.09012279 0.15017078 0.02146160
v -0.08617086 0.14900187 0.00935038
v 0.01479059 0.19573867 0.11048404
v 0.02125084 0.23482866 0.11196064
v 0.02078569 0.24549928 0.10635683
v 0.01452144 0.23197242 0.10940515
v 0.00642290 0.43098399 0.08678468
v 0.01124719 0.43534278 0.08199364
v 0.00002687 0.43450782 0.08678377
v 0.00146167 0.42655673 0.10594875
v 0.10831397 0.34750446 0.03173568
v 0.10042962 0.37113109 0.03754062
v 0.09973565 0.37876273 0.04236252
v -0.07414270 0.05310695 0.04942448
v -0.07494173 0.07236655 0.04556905
v -0.08072255 0.05107343 0.04250971
v -0.06596559 0.06860593 0.05232971
v 0.09842211 0.02625482 0.01039582
v 0.10436997 0.00666221 0.00856582
v 0.09715923 0.02542790 0.00169956
v 0.09145158 -0.00000000 -0.02679806
v 0.10856426 -0.00000000 -0.00753399
v 0.08193857 0.25399221 0.06585167
v 0.08488329 0.25500095 0.07026318
v 0.07564049 0.23982585 0.06483018
v 0.07639876 0.28010690 0.08084026
v 0.07170293 0.27063268 0.08072665
v 0.07860836 0.26867921 0.08034006
v 0.06552839 0.05100976 -0.02789893
v 0.06304648 0.04182722 -0.03085978
v 0.04433061 0.03365936 -0.03548052
v 0.05330220 0.03714473 -0.03078540
v 0.04442184 0.04881122 -0.02813244
v 0.03541124 0.04444651 -0.02887103
v 0.03569486 0.03579533 -0.03370363
v -0.00560761 0.36468173 0.12023621
v 0.00912459 0.40704051 0.12284774
v 0.00172697 0.39745353 0.12372660
v 0.01524722 0.39571143 0.12229645
v -0.08266808 0.06911670 -0.02050390
v -0.08194788 0.05459713 -0.03693006
v -0.08337985 0.04697783 -0.03423186
v -0.07718390 0.03666547 -0.03538995
v 0.04153334 0.01072852 0.01262421
v 0.02396904 0.03612298 0.03108399
v 0.03016366 0.03178598 0.02537082
v 0.03012064 0.01573482 0.02825381
v 0.03543631 0.43826262 -0.08494675
v 0.08063353 0.02440079 0.04603676
v 0.07963821 0.02014805 0.05933505
v 0.00057430 0.39786273 -0.09157381
v -0.00796545 0.38188888 -0.09129846
v -0.00681707 0.39216865 -0.09517756
v -0.02602486 0.36721515 -0.08908407
v -0.00517477 0.37985515 -0.09219624
v -0.02199854 0.36496680 -0.09119747
v 0.09374301 0.41036227 -0.03481028
v 0.09640153 0.39616870 -0.03970706
v 0.09498597 0.41244422 -0.04148363
v 0.07723813 0.44080535 -0.04121925
v 0.08847566 0.42278487 -0.03516392
v 0.08460378 0.43524837 -0.04458250
v 0.04065592 -0.00017479 -0.02117610
v 0.05623131 -0.00000000 -0.07982668
v 0.02602572 0.02055076 -0.13308645
v 0.03195893 0.03294678 -0.13867634
v 0.03638575 0.01380860 -0.12282385
v 0.01205573 0.04973571 -0.00965079
v 0.01438903 0.03582294 -0.01618166
v 0.02818011 0.03159172 -0.03234544
v -0.02017852 0.05429382 -0.00907815
v -0.02900639 0.04650340 -0.01417852
v -0.01983352 0.03939582 -0.01454357
v -0.06202690 0.02303551 -0.09600629
v -0.06875609 0.02425433 -0.09282295
v -0.06876785 0.02980485 -0.07800037
v -0.07046889 0.04542630 -0.08936717
v -0.06284971 0.03107960 -0.09373612
v 0.04653649 0.43052535 0.06508871
v 0.04488191 0.42381866 0.06607694
v 0.04905188 0.42930873 0.05321138
v 0.07875455 0.37272353 -0.06976071
v 0.09142674 0.36289523 -0.05504976
v 0.08117728 0.36437335 -0.06301308
v 0.02717939 0.48892077 0.00553250
v 0.01950433 0.48742495 0.01064031
v 0.01851126 0.48655887 0.01924574
v -0.00372230 0.48422027 0.02572553
v -0.00012661 0.47709136 0.03228977
v 0.00125682 0.48370383 0.02062222
v 0.08350679 0.22876266 -0.02460926
v 0.07959835 0.22712892 -0.01289161
v 0.08312836 0.21621789 -0.01938792
v 0.08875617 0.22615602 -0.01092295
v 0.09290727 0.21208694 -0.02154139
v -0.09563814 0.39803302 0.00290286
v -0.09605946 0.38788371 0.00531637
v -0.09853135 0.40675090 0.00740481
v -0.09836274 0.39084727 -0.00862409
v -0.09374067 0.39787620 -0.00373684
v -0.09361575 0.40411254 -0.00624794
v -0.02073569 0.46208354 0.04461340
v -0.01036950 0.45337825 0.05113543
v -0.01670481 0.45180194 0.04945020
v -0.01407759 0.44827529 0.07104886
v 0.05990394 0.03120032 -0.00244957
v 0.06924415 0.03317890 0.00842729
v 0.07326636 0.02972440 0.01733742
v 0.08436733 0.02957244 0.02123618
v 0.07523066 0.03487306 0.01234481
v -0.02043864 0.39146087 -0.09165838
v -0.05068266 0.37799758 -0.08516967
v -0.09613541 0.00280948 0.02829647
v -0.09707899 -0.00000000 0.01512934
v 0.06438527 0.11410205 -0.11324413
v 0.06865200 0.11369052 -0.10246637
v -0.00755692 0.07564425 0.00228307
v -0.00986745 0.06944488 -0.00250078
v 0.00872438 0.07570033 -0.00320352
v 0.00427852 0.05479622 -0.00601167
v 0.00936511 0.04491702 -0.00646975
v 0.00934140 0.05339468 -0.01198050
v -0.04112588 -0.00000000 -0.15694390
v -0.04832402 -0.00000000 -0.15384506
v -0.04684598 0.00660317 -0.15237535
v -0.04112588 -0.00000000 -0.15694390
v 0.02349596 0.32435252 0.10324313
v 0.02099318 0.32440673 0.09922586
v 0.02611587 0.32184867 0.09351093
v 0.02309166 0.33463634 0.09771791
v 0.02741973 0.33637489 0.09605353
v 0.02032412 0.34905303 0.09058643
v -0.01895425 0.37943381 0.11608516
v -0.00931669 0.38413192 0.12052433
v -0.00812123 0.37137107 0.12161411
v -0.00143071 0.37957732 0.12307333
v 0.05446653 0.21972002 0.07055201
v 0.07428269 0.24340139 0.07176992
v 0.07704365 0.24892190 0.06949820
v 0.07855941 0.25948564 0.07776806
v 0.02222102 0.41554900 0.10890376
v 0.02044955 0.40797786 0.11690835
v 0.02241546 0.40376807 0.11772240
v 0.01419653 0.40903754 0.12095994
v 0.03728486 0.12140769 0.02581700
v 0.03183721 0.11078981 0.01567330
v 0.02859431 0.05450160 0.02182386
v 0.02265365 0.05604889 0.02811065
v 0.03252603 0.07139145 0.01407511
v 0.04774824 0.48734443 0.00557940
v 0.03916469 0.48754847 0.01768354
v 0.04759143 0.48263919 0.00667442
v 0.03277066 0.47124492 0.03292276
v 0.04352718 0.01840920 0.08312992
v 0.04947605 0.01854837 0.07999150
v 0.04583209 0.03336955 0.07308730
v 0.03509009 -0.00000000 0.08080287
v 0.02713825 0.00252239 0.06755974
v -0.09333525 0.09870715 -0.07054113
v -0.08816259 0.08292439 -0.07527325
v -0.09930575 0.11978493 -0.05590752
v -0.09306309 0.10727106 -0.06995330
v -0.10187733 0.10786366 -0.05226105
v -0.09274916 0.41195815 0.00315148
v -0.08846942 0.41734153 -0.00040237
v -0.09382712 0.40156135 -0.00180234
v -0.07550864 0.43143783 0.00777911
v -0.08857365 0.42012866 0.00595254
v -0.01981501 0.20936403 0.10555916
v -0.01590997 0.23615861 0.10953216
v -0.01730849 0.23015663 0.10542235
v -0.02076925 0.21602132 0.10437976
v -0.00032255 0.34949302 -0.09079139
v -0.00007511 0.36115256 -0.09325500
v 0.01107558 0.33920570 -0.09309377
v 0.00103103 0.32684360 -0.08733009
v -0.00043513 0.33655811 -0.08922469
v 0.00953105 0.31844703 -0.08809470
v 0.06972290 0.44881720 -0.04571511
v 0.08682136 0.43062938 -0.04612732
v 0.07544924 0.44221957 -0.04989446
v 0.09008667 0.41178805 -0.04407873
v 0.08312355 0.42171924 -0.05014485
v -0.09221742 0.42001422 -0.00793448
v -0.09264128 0.42921748 -0.00493233
v -0.09550561 0.41196185 -0.00424402
v -0.07630609 0.43129573 -0.04861207
v -0.06748868 0.44137256 -0.04554624
v -0.06957037 0.44249503 -0.05129911
v -0.07292946 0.42610805 -0.05536118
v -0.06428968 0.42830062 -0.05848168
v -0.02457331 0.15712058 0.02767713
v -0.01971793 0.15707568 0.03718867
v -0.02443290 0.17322351 0.04115365
v -0.04143498 0.16793453 0.02704494
v -0.05283607 0.17146022 0.03292135
v 0.06242670 0.42850875 -0.06889875
v 0.06203457 0.44304328 -0.06366165
v 0.06390457 0.43119887 -0.06310859
v 0.09408947 0.40954085 -0.05246896
v -0.08386797 0.25742570 -0.03205645
v -0.09014716 0.25915208 -0.01974338
v -0.00683296 0.21943260 -0.10736213
v -0.05102559 0.25262683 -0.06526258
v -0.04628709 0.25844274 -0.07571069
v -0.04590566 0.24203515 -0.07559270
v 0.10293008 0.35870040 0.04373128
v 0.10374840 0.35614425 0.04909656
v 0.09956297 0.34580516 0.05006974
v -0.08290186 0.23123769 0.00089993
v -0.07892831 0.22250268 -0.00788541
v -0.07958335 0.23248992 -0.01499189
v -0.07736211 0.22834682 -0.00838139
v 0.10314004 0.29810775 -0.00309465
v 0.09384719 0.29262048 -0.02025181
v 0.10021441 0.30514625 -0.01317926
v 0.09862989 0.29207689 -0.01562902
v -0.04040139 0.37419208 -0.09522907
v -0.02078129 0.38084434 -0.09921457
v -0.03340163 0.37433417 -0.09664560
v -0.02282216 0.37737834 -0.09419819
v -0.01076151 0.38671393 -0.09487972
v 0.02563531 0.20388509 0.11352138
v 0.02464952 0.21049888 0.11130639
v 0.02364773 0.21157854 0.11718090
v -0.09815142 0.02065692 -0.01802568
v -0.10500008 0.02041469 -0.00309401
v -0.11194078 0.00797061 0.00018853
v -0.10923405 0.00384292 0.00729872
v -0.02800232 0.22829069 0.10152920
v -0.03530832 0.21783180 0.09600199
v -0.02709173 0.21270879 0.09283269
v -0.09329075 0.32511428 -0.01805194
v -0.09560805 0.34243888 -0.01528738
v -0.10926757 0.34403293 -0.00142345
v -0.10503709 0.33809497 -0.00897560
v -0.09315408 -0.00000000 0.08669795
v -0.10400693 -0.00000000 0.07404489
v -0.11050478 0.00733063 0.06566108
v -0.10929907 0.01155072 0.05707416
v 0.09614737 0.31010164 0.05373398
v 0.09459267 0.33287261 0.05209197
v 0.09218011 0.31147006 0.05511116
v 0.07691804 0.37171527 0.05767947
v 0.07393059 0.36934123 0.06175492
v 0.07828797 0.35487090 0.06216723
v 0.03311918 0.48230452 -0.02708768
v 0.01963004 0.48226153 -0.02273058
v 0.02256089 0.48211825 -0.01883422
v 0.03543621 0.47627410 -0.04567109
v 0.02667433 0.47454245 -0.04379684
v 0.01990181 0.47894568 -0.03367497
v 0.08788329 0.25837366 0.04801751
v 0.09528729 0.27101701 0.05250948
v 0.08632886 0.24983617 0.05182413
v 0.09526124 0.28282306 0.05433158
v 0.09376873 0.29641309 0.05881063
v 0.09747667 0.29173498 0.06301604
v 0.02970011 0.31855798 -0.08561601
v 0.01942353 0.32436355 -0.08679572
v 0.03482924 0.32562282 -0.09634356
v 0.04472923 0.32001182 -0.09250367
v 0.04100417 0.31396749 -0.08212423
v -0.09518820 0.29966831 -0.01613145
v -0.09688941 0.30765477 -0.01725101
v -0.09219475 0.30460948 -0.02108306
v -0.09167517 0.28971103 -0.02721743
v 0.02813244 0.45976207 0.04084385
v 0.04600478 0.45835593 0.03040860
v 0.03267291 0.46248340 0.03317047
v 0.06771284 0.46290572 0.03241285
v 0.06031764 0.47599048 0.02804389
v 0.05990814 0.45130809 0.02933030
v 0.04747516 0.30149085 -0.08501311
v 0.03637426 0.31135949 -0.08515096
v 0.01141166 0.32070838 -0.09207653
v 0.09290279 0.42511943 0.02578349
v 0.08066591 0.43338408 0.02838498
v 0.08120682 0.43602763 0.03292900
v 0.06631914 0.44834662 0.03463367
v 0.03924715 0.21031738 0.10273089
v 0.04182248 0.20559787 0.10428980
v 0.03320308 0.19803134 0.09458648
v 0.03845520 0.25250467 0.10306172
v 0.04099205 0.23121845 0.10759505
v 0.04128476 0.23555194 0.10130131
v -0.00727694 0.40028026 -0.09401006
v 0.00214493 0.41247748 -0.09078839
v -0.01623368 0.39212768 -0.09619098
v -0.02975787 0.36542369 0.07161021
v -0.03899002 0.37491157 0.06818010
v -0.03423569 0.36466136 0.06101075
v -0.02520380 0.35472377 0.07038297
v -0.01105873 0.35172378 0.08090342
v 0.11222913 0.07613429 -0.03075164
v 0.10732884 0.07004600 -0.02541922
v 0.10612806 0.05757480 -0.04309160
v 0.10811114 0.07961986 -0.01423589
v 0.11514024 0.08782901 -0.01507533
v -0.01067538 0.45649589 0.04901473
v -0.01922329 0.45632831 0.04266961
v -0.00626606 0.24416665 0.10723892
v -0.00149765 0.23247062 0.11209265
v 0.00230048 0.23781766 0.10866378
v -0.00972544 0.25678871 0.10709878
v 0.03412993 0.38669524 -0.09164596
v 0.01293207 0.39672389 -0.09290430
v 0.01604168 0.39921424 -0.08940943
v 0.03808563 0.37567893 -0.09999742
v 0.02829611 0.37595023 -0.09637749
v 0.03439108 0.38768153 0.09116354
v 0.03077903 0.37962947 0.09413250
v 0.03294347 0.37576469 0.08604151
v 0.02621287 0.40043708 0.11072401
v 0.02981208 0.39612968 0.09878170
v -0.07400706 0.24215833 0.06650970
v -0.06656989 0.23108674 0.06803992
v -0.07531809 0.25561935 0.06423509
v -0.08096851 0.25980302 0.05696932
v -0.08110843 0.24497173 0.05997208
v 0.06493528 0.06152391 0.01937994
v 0.05916620 0.04063004 0.01580251
v 0.05243485 0.03493611 0.01153461
v 0.04276091 0.04104847 0.01579290
v 0.05403823 0.04905540 0.01558003
v -0.05535294 0.14854252 -0.07282022
v -0.05244890 0.14929227 -0.08878094
v -0.05714587 0.13929856 -0.07847161
v 0.09671625 0.29623945 0.04938262
v 0.08865371 0.25987035 0.04160385
v 0.08995825 0.26460660 0.03451313
v 0.09915390 0.27861051 0.03778137
v -0.04759498 0.31311761 -0.07542270
v -0.03354679 0.32307704 -0.08378308
v -0.03721218 0.31759012 -0.08072031
v -0.05614958 0.29329711 -0.06583645
v -0.06192760 0.30000852 -0.06988111
v 0.02715701 0.05067669 0.05144453
v 0.05758700 0.04617487 0.04800683
v 0.05365449 0.05142720 0.04784214
v 0.05309575 0.04245332 0.05103991
v 0.03709307 0.03636251 0.06130286
v 0.03044177 0.12174056 -0.13459746
v 0.02652474 0.14085844 -0.12833727
v 0.03193694 0.08736605 -0.14262937
v -0.05025231 0.05226106 -0.02042034
v -0.04578698 0.04603017 -0.02044495
v 0.07627338 0.03574894 -0.07610463
v -0.04974807 0.42327437 0.04490258
v -0.04677059 0.42980262 0.03573628
v -0.03646170 0.44378859 0.03475201
v -0.04037260 0.45331603 0.03570544
v 0.10149599 0.38519908 -0.01605563
v 0.10160082 0.39054397 -0.01127672
v 0.10194455 0.37702869 -0.01384009
v 0.10543787 0.36278007 -0.02267879
v 0.01174569 0.48300834 0.02078750
v 0.00137124 0.46649249 0.04653724
v 0.01115502 0.48028666 0.03182196
v 0.00518151 0.47772334 0.03048920
v -0.02580141 0.41381171 0.10698201
v -0.02151205 0.41757316 0.11193548
v -0.02344410 0.41624457 0.09755513
v -0.01814243 0.41089160 0.12079850
v -0.01763071 0.40857429 0.11290078
v -0.08405499 0.12616772 -0.00158371
v -0.07698731 0.11578912 -0.00527202
v -0.08151913 0.11387713 0.00141016
v -0.07798617 0.08568256 0.01458759
v -0.07968520 0.08292961 0.03373640
v 0.05767640 0.47109641 -0.01096788
v 0.06574809 0.46489322 -0.01979834
v 0.06264509 0.47091269 -0.01821008
v 0.09237244 0.42977832 -0.03065022
v 0.08972124 0.28418086 -0.02135586
v 0.09314291 0.28129844 -0.01797044
v 0.08522930 0.27041955 -0.01947475
v -0.10139568 0.34329940 -0.00756950
v -0.09924836 0.33301170 -0.01209649
v -0.10686858 0.33517181 -0.00711913
v -0.09651159 0.32319701 -0.00988802
v -0.09988813 0.33096942 -0.00568555
v -0.05539372 0.08586718 -0.12383054
v -0.06714012 0.10518641 -0.11842242
v -0.05492997 0.09032027 -0.12536436
v -0.06371452 0.09571434 -0.11292383
v 0.08069201 0.26932401 0.07817323
v 0.07875341 0.28679559 0.07726887
v 0.08189019 0.31719714 0.07498524
v 0.07390915 0.30061885 0.07721630
v 0.07672260 0.30360626 0.07376645
v 0.09534315 0.44094119 0.01732537
v 0.09246491 0.43535136 0.01510036
v 0.09987223 0.42819736 0.01218263
v 0.08190253 0.45329448 0.01259361
v 0.07211888 0.45540599 0.02134066
v 0.08237948 0.44899436 0.01560411
v 0.03712369 0.24522750 0.10709025
v 0.03416718 0.22803171 0.11229648
v 0.05244326 0.14453446 -0.11393503
v 0.04394326 0.14129377 -0.12004958
v 0.05075479 0.11434026 -0.12646534
v -0.04156539 0.44267604 -0.08403355
v -0.03117668 0.44272727 -0.08480236
v -0.05506469 0.43004867 -0.07460423
v -0.02496958 0.44885756 -0.07823393
v -0.00418484 0.45687659 -0.07314001
v -0.01183430 0.45506873 -0.08005728
v -0.07114348 0.03408676 -0.03676338
v -0.07718390 0.03666547 -0.03538995
v -0.07324821 0.02220962 -0.04905227
v -0.08357728 0.02450912 -0.02401680
v -0.09539205 0.02485021 -0.01671577
v -0.08883123 0.02768824 -0.01243485
v 0.07511381 0.03173912 -0.05652102
v 0.07196737 0.02918308 -0.03846036
v 0.06650187 0.03381973 -0.02924608
v -0.05292021 0.02277027 0.07343607
v -0.04516694 0.02537364 0.06002478
v -0.05066107 0.02735245 0.06597312
v -0.04374490 0.03410867 0.05730512
v -0.04174707 0.05872960 0.05132902
v -0.04984704 0.05811893 0.05489720
v 0.09024803 0.38623366 -0.05410116
v 0.09610550 0.38400165 -0.05183147
v 0.08459695 0.40188590 -0.06869005
v 0.03361185 0.38586639 -0.09436390
v 0.05171433 0.36573222 -0.09125409
v 0.05473765 0.36738238 -0.08543576
v -0.03612966 0.39406264 0.08637220
v -0.04380768 0.39680163 0.07990666
v -0.03832558 0.38429050 0.08121651
v -0.09869954 0.29971458 0.03634560
v -0.09278315 0.28679580 0.03182764
v -0.09334905 0.30762767 0.04143742
v -0.08562647 0.27237415 0.03497262
v -0.05397756 0.41997520 0.03148569
v -0.05025638 0.42743907 0.03183294
v -0.05767106 0.42061637 0.02873471
v -0.05146368 0.42026347 0.03438352
v -0.05162192 0.28566327 0.08407002
v -0.05333555 0.29696054 0.07803391
v -0.04637905 0.26999820 0.08863807
v -0.04949858 0.25682073 0.08975076
v 0.10339806 0.30939164 -0.01537016
v 0.10414361 0.30633125 -0.01939157
v 0.10713069 0.34300628 -0.00827218
v 0.10593630 0.31856845 -0.01811358
v 0.10465308 0.33183524 -0.01738695
v -0.09331618 0.31841548 -0.01516474
v -0.09242118 0.30743270 -0.01112206
v -0.10254278 0.32838588 -0.01100055
v -0.09669942 0.32493980 -0.01278344
v -0.06392027 0.26997341 0.08082606
v -0.07061715 0.27132821 0.08281399
v -0.06710166 0.25945062 0.07771120
v -0.07095285 0.26577041 0.07660321
v -0.07060009 0.25584346 0.06863990
v -0.07012238 0.25552808 0.07516443
v 0.05614417 0.20319757 0.04716102
v 0.04897286 0.19924058 0.04488047
v 0.04886074 0.20401336 0.05508560
v 0.04400174 0.19039686 0.04633804
v 0.09307853 0.36003112 0.05452887
v 0.09422213 0.34343635 0.05604362
v 0.09461765 0.34928996 0.05147065
v 0.09179261 0.36349372 0.04964430
v 0.06675382 0.45595019 0.02449524
v 0.06814358 0.44719661 0.03398798
v 0.06669117 0.44697715 0.02851525
v 0.08327780 0.45109790 0.02296048
v 0.07602463 0.44814403 0.02325790
v -0.00895012 0.34808765 0.08228545
v -0.03376220 0.32525604 0.07705529
v -0.03420693 0.30752021 0.08604009
v 0.05938699 0.30309633 0.08992671
v 0.05372136 0.28163934 0.09290979
v 0.06106951 0.30052726 0.08474003
v 0.06297150 0.31004951 0.08180093
v 0.07749137 0.25478996 -0.04628332
v 0.08211566 0.25834497 -0.03717659
v 0.08299307 0.24742473 -0.03744293
v 0.08007402 0.22121084 -0.04104911
v 0.07924208 0.22907745 -0.04500627
v 0.08382238 0.23079973 -0.03731725
v -0.04403486 0.42717822 -0.07617585
v -0.06811914 0.38547919 -0.06922575
v -0.07126808 0.37165176 -0.06669084
v 0.06960668 0.29076560 -0.04605661
v 0.08379416 0.29123016 -0.03904462
v 0.07691901 0.28643119 -0.03770752
v 0.07692293 0.26609182 -0.04631185
v -0.05686027 0.42950206 -0.06687483
v -0.05313838 0.43241992 -0.07288453
v -0.05781480 0.42363898 -0.07091316
v -0.02653341 0.45616645 -0.07281667
v -0.01264073 0.46126502 -0.06908941
v 0.02852073 0.00919171 -0.12851765
v 0.04843355 0.00658539 -0.10644333
v 0.05548345 0.01227097 -0.09449157
v 0.05477938 -0.00002243 -0.08864194
v -0.04812822 0.01777973 0.06791836
v 0.10515235 0.37754394 -0.03193671
v 0.09721008 0.37777240 -0.03868709
v 0.09846091 0.39251239 -0.02795637
v 0.09841866 0.35694865 -0.03741163
v 0.10174367 0.35557395 -0.03368604
v 0.05436052 0.38638763 -0.08639036
v 0.04881075 0.39828384 -0.08535373
v 0.06885766 0.34998302 -0.08005699
v 0.06150549 0.36479652 -0.08263251
v 0.06397288 0.36056728 -0.07762285
v 0.09557215 0.00712352 0.02317917
v 0.09125144 0.02881572 0.01289730
v 0.08787998 0.02754014 0.01389857
v -0.01218290 0.04709899 -0.00768032
v -0.09302956 0.33710326 -0.02629276
v -0.09227279 0.31686494 -0.02874369
v -0.09309698 0.29269477 -0.03181450
v -0.09817489 0.30805015 -0.02869015
v -0.08273229 0.25965303 0.05156078
v -0.08096851 0.25980302 0.05696932
v -0.08849080 0.26993101 0.05146149
v -0.08273229 0.25965303 0.05156078
v -0.08473802 0.24676467 0.05288023
v 0.11051753 0.33499351 0.01524021
v 0.10805856 0.35502849 0.02664189
v 0.11509686 0.34043021 0.02041851
v 0.11094731 0.32122909 0.01417003
v 0.10317632 0.31224370 0.01130105
v 0.10832859 0.32906562 0.01284348
v -0.09149925 0.29503267 -0.03489005
v -0.08932883 0.29208967 -0.03673146
v -0.08977305 0.28917661 -0.03954015
v -0.09015938 0.28625085 -0.03461988
v 0.09746598 0.28948926 0.02210947
v 0.10080852 0.28478282 0.01721067
v 0.09687046 0.27938953 0.01896008
v -0.09060975 0.11879841 -0.06800601
v -0.08775551 0.13458193 -0.05124555
v -0.08458168 0.13527908 -0.03890103
v -0.09282267 0.13377033 -0.03975192
v -0.08390196 0.13074759 -0.03093311
v 0.05911213 0.03911874 0.05379479
v 0.05872265 0.03633668 0.06454453
v 0.06544769 0.03912202 0.06357082
v 0.06674914 0.03710572 0.06730521
v 0.06921563 0.02336937 0.07228101
v -0.06898814 0.45465312 0.01465963
v -0.06702609 0.44761878 0.01075363
v -0.06987414 0.44028377 0.01007817
v -0.08874008 0.43684775 0.00016537
v 0.07437196 0.13198082 -0.05837588
v 0.06855437 0.13397419 -0.08006820
v 0.06543330 0.14330931 -0.09009142
v 0.06838272 0.14019535 -0.06079732
v -0.02073488 0.23006944 0.10160599
v 0.00632086 0.02379692 -0.01870170
v 0.00527380 0.03913971 -0.00797207
v -0.00137410 0.02809010 -0.01455381
v 0.01114663 0.03142476 -0.01639407
v 0.10221795 0.13261773 -0.02456454
v 0.11120930 0.12882231 -0.02539134
v 0.11036137 0.13179863 -0.03232062
v 0.11120930 0.12882231 -0.02539134
v 0.11703452 0.12421521 -0.03428229
v 0.11036137 0.13179863 -0.03232062
v -0.04989635 0.41724948 0.06105874
v 0.04593511 0.00718490 0.08381429
v 0.03795262 0.01272977 0.08434894
v 0.04379256 -0.00000000 0.08291466
v 0.06043310 -0.00000000 0.07909126
v 0.05111567 0.00691181 0.08176441
v -0.04091511 0.13554898 -0.12065562
v -0.04171724 0.12084353 -0.13020339
v -0.04757392 0.12670041 -0.11935030
v -0.04360837 0.21342235 -0.08665726
v -0.04218592 0.18071249 -0.10110017
v 0.02953719 0.31033199 0.09497319
v 0.02601563 0.29944665 0.10433110
v 0.03029351 0.28862661 0.10308202
v 0.02281040 0.28990178 0.10371461
v 0.01938679 0.28878740 0.10134080
v -0.03122803 0.48099177 -0.00961751
v -0.03482397 0.48280379 -0.00244385
v -0.02932371 0.48287063 0.00196795
v -0.02719772 0.48935237 0.00100731
v -0.02676446 0.03651989 -0.14360519
v -0.03406228 0.04846136 -0.14252618
v -0.01671321 0.04758086 -0.14905996
v -0.04143388 0.03035191 -0.13041571
v -0.04834145 0.02450733 -0.11639425
v -0.05079986 0.03802732 -0.12311178
v 0.06755232 0.46103232 -0.03008538
v 0.06451120 0.46155642 -0.03503862
v 0.06494775 0.46573661 -0.03008011
v 0.04174530 0.47877669 -0.03706487
v 0.03271286 0.47986712 -0.03860822
v 0.02862231 0.48096213 -0.03100757
v -0.03742740 0.22457420 -0.08756932
v -0.03352273 0.23348747 -0.09170639
v -0.01616180 0.19997942 -0.10749099
v -0.03769740 0.18358614 -0.10472286
v 0.05297388 0.35959155 -0.08579983
v 0.04699109 0.36190192 -0.08605152
v 0.03916916 0.36611362 -0.08932882
v -0.08084033 0.43804557 0.00398549
v -0.08649494 0.42805118 -0.00030004
v -0.06987414 0.44028377 0.01007817
v -0.09812758 0.33320598 0.00304834
v -0.09490337 0.32142516 -0.00400217
v -0.09600997 0.37919788 0.00909655
v 0.03720138 0.02356547 0.01835941
v 0.04409128 0.02594231 0.01385000
v 0.05546347 0.23100606 0.08742246
v 0.05346782 0.21892255 0.08531119
v 0.05850754 0.23461709 0.09264087
v 0.10123213 0.37113765 -0.02717067
v 0.02615110 0.06815850 0.02458782
v 0.03109277 0.08288468 0.01895255
v 0.02496776 0.07200188 0.03368180
v 0.02229741 0.06387905 0.03291522
v 0.01853656 0.05310393 0.04388105
v 0.09319255 0.36612983 -0.04525234
v 0.09733131 0.36205558 -0.04194569
v 0.05967619 0.09412848 0.04667548
v 0.04953122 0.10355082 0.04404042
v 0.04279595 0.09665287 0.04388380
v 0.11065794 0.11814408 -0.05262254
v 0.11187147 0.12877358 -0.03931698
v 0.11734919 0.11789582 -0.04275093
v 0.10416355 0.10320203 -0.06782463
v 0.10239364 0.08664894 -0.06975002
v 0.00096278 0.41904254 -0.08948924
v 0.01208413 0.41579684 -0.09355026
v 0.01100055 0.41326243 -0.09094062
v 0.02981989 0.10550006 0.01027376
v 0.03245324 0.09707218 0.00518859
v 0.03198920 0.09631514 0.01538003
v 0.02981989 0.10550006 0.01027376
v 0.03245324 0.09707218 0.00518859
v -0.06829865 0.03194711 -0.02957591
v -0.07539638 0.03139706 -0.01807570
v -0.06592892 0.03302617 -0.02048734
v -0.07509175 0.02567695 -0.03183002
v -0.07406458 0.02966788 -0.02783285
v -0.02795571 0.26847862 0.09787578
v -0.03584431 0.26468465 0.09502827
v -0.02900047 0.26199962 0.09377982
v 0.06602723 0.03145042 0.02071040
v 0.06959508 0.03070694 0.02348812
v 0.07057348 0.03006910 0.01310599
v 0.07234559 0.02746242 0.02726593
v 0.01661681 0.00851032 -0.13665774
v -0.00376577 0.35106681 -0.09351746
v -0.00007511 0.36115256 -0.09325500
v -0.00032255 0.34949302 -0.09079139
v 0.06478931 0.46790122 -0.00682583
v 0.06917425 0.46258807 -0.01863616
v 0.06139246 0.47178306 -0.00807580
v 0.05527135 0.47754645 -0.00532916
v 0.06122422 0.47557818 -0.00525959
v 0.03793876 0.21617492 -0.09937243
v 0.02801939 0.21489009 -0.10560038
v -0.07199968 0.44573871 0.00480206
v -0.07829474 0.44480483 0.00406816
v -0.06401452 0.45504935 0.00261584
v -0.06559558 0.44917067 0.00187304
v -0.09744797 0.31839019 -0.00174698
v -0.06645382 0.24535795 -0.05044118
v -0.06287295 0.20114955 -0.06145736
v -0.03048788 0.37989204 0.10224406
v -0.03408507 0.38424270 0.10122575
v -0.03135706 0.37700877 0.08770932
v -0.02576337 0.38115066 0.11240517
v -0.02293489 0.37888534 0.10945769
v -0.01542388 0.38402263 0.11618096
v -0.06859873 0.36891753 -0.06740977
v -0.08160081 0.34443561 -0.06536841
v -0.07663828 0.35356364 -0.06849860
v -0.07342098 0.34542560 -0.06401431
v 0.03288609 0.02822819 0.07515999
v 0.02488727 0.02785687 0.05851944
v 0.02601346 0.02016201 0.06905776
v 0.03300856 0.01676029 0.08066080
v -0.03262091 0.17122423 0.02302757
v -0.03169149 0.19157110 0.05074182
v -0.03170450 0.18614133 0.03561254
v -0.02821550 0.18218628 0.04355731
v 0.04330180 0.35850135 0.07981804
v 0.01988479 0.35749347 0.08760340
v 0.02822654 0.36504825 0.08470029
v 0.03815564 0.28579093 0.09773787
v 0.03270204 0.26576686 0.10434611
v 0.03181362 0.27581895 0.10580830
v 0.03139112 0.28235183 0.10927175
v 0.02828329 0.26767444 0.11172737
v -0.00362966 0.22698966 0.10652385
v -0.00584483 0.23599014 0.10655283
v -0.01074511 0.21896549 0.10883929
v -0.00663873 0.21737535 0.10620170
v -0.00761591 0.45187640 0.05686128
v -0.00506717 0.44896403 0.07610843
v 0.00413985 0.46135604 0.04472624
v -0.01592378 -0.00000000 -0.16603983
v 0.00267636 0.01999966 -0.16180565
v 0.06111429 0.22850687 0.07145857
v 0.07128100 0.23799657 0.06814785
v 0.05374104 0.47102885 -0.03874855
v 0.04385753 0.47795852 -0.04057917
v 0.05598695 0.46846061 -0.04928200
v 0.06171315 0.45009166 -0.05382407
v -0.06539010 0.45371306 -0.03481586
v -0.05694375 0.46252486 -0.02670668
v -0.05840857 0.46004584 -0.03255596
v -0.05792364 0.46221511 -0.02278339
v -0.05257349 0.46886496 -0.02186378
v -0.09631938 0.37355033 0.02778328
v -0.09219357 0.37522262 0.02312396
v -0.09365494 0.36601657 0.02338221
v -0.10129692 0.33101600 0.00784559
v -0.04188707 0.08826297 0.01453333
v -0.04693926 0.09503831 0.00813016
v -0.04741431 0.09113409 0.01052065
v -0.06022197 0.08704421 0.00968632
v -0.04841339 0.13817334 -0.11039308
v -0.05159223 0.13687949 -0.10191838
v -0.08957242 0.38451297 -0.05486759
v -0.08819511 0.37134875 -0.04707144
v -0.08824658 0.37735530 -0.05511491
v -0.07837942 0.38438346 -0.06043114
v -0.08643037 0.37241996 -0.05311764
v -0.06040067 0.32942573 -0.07347553
v -0.08353439 0.02786071 0.02024309
v -0.08481250 0.02727810 0.00603684
v -0.06673530 0.31964891 -0.06355291
v -0.06580785 0.32464427 -0.07099315
v -0.06383076 0.31054260 -0.06432042
v -0.06853250 0.31534087 -0.05928211
v -0.06990207 0.30759010 -0.06005673
v 0.08024804 -0.00000000 0.03605538
v 0.08024804 -0.00000000 0.03605538
v -0.00225465 0.40574771 0.12075480
v 0.00980440 0.41324348 0.11993297
v 0.00393291 0.41417144 0.11686787
v 0.01977247 0.41138564 0.11657117
v 0.01418821 0.41554481 0.11569334
v 0.10662085 0.37646369 -0.00496233
v 0.10999474 0.40302108 0.00286771
v 0.10979362 0.38514846 -0.00758462
v 0.10309021 0.40452041 0.00222478
v 0.02141785 0.31296832 -0.09238608
v 0.03720697 0.30750694 -0.08855553
v 0.06052487 0.28782670 -0.07162265
v 0.00643829 0.41951564 0.11423774
v 0.00685359 0.42286708 0.10188039
v 0.00060781 0.42136924 0.11591131
v -0.00280170 0.41422362 0.12175262
v 0.00212527 0.41930476 0.12124209
v 0.05600465 0.48001403 0.02392734
v 0.03070313 0.46522960 0.04018847
v 0.04290872 0.48135424 0.03179081
v 0.00658506 0.40824313 -0.08865684
v 0.00393015 0.41970649 -0.08693567
v 0.07118106 0.10681564 -0.00950900
v 0.06796344 0.09844422 -0.01021235
v 0.07288292 0.11854972 -0.00927663
v 0.06911348 0.23760452 0.07871255
v 0.06174728 0.22805572 0.07408210
v 0.06863916 0.24216939 0.07678891
v 0.07335759 0.24889602 0.08506094
v 0.07305711 0.26870298 0.09049683
v 0.07760139 0.32918834 -0.06723111
v 0.08737361 0.33108024 -0.05724950
v 0.07594503 0.34045985 -0.07129042
v -0.03803431 0.29808461 0.09329242
v -0.03692868 0.29055347 0.08882311
v -0.03361172 0.28766523 0.09116964
v -0.04040018 0.28907745 0.08476215
v -0.05050560 0.46165507 0.02414789
v -0.05703851 0.28834312 0.07805613
v -0.06086728 0.25940589 0.08304231
v -0.05544453 0.27467822 0.08600675
v -0.05939081 0.26851467 0.08066780
v 0.07835877 0.19656442 0.03915293
v 0.08251402 0.17637710 0.04155015
v 0.09040133 0.16612407 0.03793316
v 0.08665185 0.18653556 0.03658459
v -0.06526822 0.19986078 -0.05448848
v -0.05789914 0.18691000 -0.06337099
v -0.05953379 0.18113308 -0.05310495
v -0.05387897 0.16511257 -0.07200055
v -0.04864748 0.16441131 -0.09430949
v -0.03871960 0.03402842 0.05791302
v -0.03903874 0.06073583 0.04811360
v -0.03470736 0.04137036 0.04954928
v -0.00820818 0.08575920 0.00668028
v -0.00357610 0.12477755 0.02665682
v 0.00826804 0.33365386 0.10407911
v 0.00386685 0.34509368 0.09518624
v 0.00392167 0.33501037 0.09908152
v -0.00287702 0.35398753 0.08470174
v -0.00699194 0.35540271 0.09144569
v -0.10323831 0.11370147 -0.02993809
v -0.00214112 0.27074703 0.10599763
v 0.00109975 0.28278781 0.10365035
v -0.00630980 0.27141614 0.10210623
v 0.00047298 0.25492103 0.11262789
v 0.00278280 0.24487022 0.11302884
v -0.08576174 0.02886835 0.07785288
v -0.07642533 0.02947983 0.06545189
v -0.08258935 0.03363403 0.07431034
v -0.07722320 0.03630906 0.07713079
v -0.08398531 0.11859733 0.00721632
v -0.08147873 0.10840598 0.00500104
v -0.07972513 0.02236663 -0.05475306
v -0.08246313 0.02750199 -0.06336931
v 0.05650046 0.15962475 0.03444532
v 0.04042964 0.38712295 -0.08965546
v 0.04916362 0.38954139 -0.09335370
v -0.02502863 0.48478240 -0.00649918
v -0.01536190 0.48900729 0.02626791
v -0.00972988 0.48295234 0.02956555
v -0.00905030 0.48700770 0.01457081
v 0.00719326 0.31348346 -0.08106352
v 0.00822413 0.27637386 -0.09325249
v 0.01793225 0.30248836 -0.08011174
v -0.07978053 0.07954835 -0.08704102
v -0.08472785 0.09468392 -0.08150107
v -0.02348651 0.42601306 -0.08988709
v -0.00958925 0.43077777 -0.08723105
v -0.02028528 0.41902652 -0.08757093
v -0.05301205 0.40391955 -0.07698852
v -0.03580964 0.41952727 -0.08716971
v -0.03749918 0.41308902 -0.08381973
v 0.06257164 0.37498057 0.06473217
v 0.04935457 0.39223239 0.06581472
v -0.08295819 0.03427150 -0.04612180
v -0.08222848 0.02323003 -0.06265124
v -0.08309569 0.03732299 -0.04984251
v 0.05235732 0.42703311 -0.08078263
v 0.05412739 0.43049476 -0.07544079
v 0.05956660 0.41304221 -0.07781544
v 0.03516518 0.44721297 -0.07877327
v -0.04174726 0.40846423 -0.08401023
v -0.00998743 0.41938521 -0.08964364
v -0.00287089 0.43077220 -0.08469338
v 0.05687317 0.18661367 -0.09465297
v -0.00986332 0.44565982 0.07658779
v 0.00266830 0.44027404 0.08407056
v -0.00501483 0.44302634 0.08314335
v -0.07488922 0.44539222 -0.02078703
v -0.06907229 0.45123832 -0.02025312
v -0.06170163 0.45943519 -0.01111184
v -0.05555798 0.46314746 -0.01040069
v 0.06892320 0.31290849 -0.06969366
v 0.06118113 0.31030442 -0.06972336
v 0.06590943 0.32339034 -0.07518107
v 0.06106643 0.32199771 -0.07557565
v 0.06881000 0.46028205 0.03025108
v 0.06470576 0.47110900 0.02693782
v -0.08846903 0.03128572 0.04636087
v 0.09344303 0.26073579 0.01377749
v 0.09003673 0.26419485 0.02176629
v 0.08925184 0.25696647 0.01398618
v 0.08790545 0.25006399 0.00421610
v 0.08812725 0.24957488 -0.00396751
v -0.09769370 0.35361945 -0.02124194
v -0.10381941 0.35202274 -0.02093390
v -0.10050126 0.37772010 -0.01566983
v -0.10194752 0.36793285 -0.02662303
v 0.08953607 0.34516551 -0.05655777
v 0.07598420 0.36538104 -0.07837250
v 0.07622964 0.36391738 -0.07240478
v 0.01138025 0.18576393 0.10565848
v 0.01682344 0.18900173 0.10762448
v 0.01636849 0.18540115 0.10335036
v 0.02181238 0.20117929 0.10725085
v 0.06739796 0.14443489 -0.04843535
v 0.06613281 0.14244980 -0.02733813
v 0.06810881 0.16988151 -0.02487212
v 0.07935809 0.16972553 -0.02492218
v 0.06704669 0.15662421 -0.02416709
v -0.09035603 0.21386976 0.01240081
v -0.08966096 0.21872718 0.00619180
v -0.07653613 0.42584998 0.02320309
v -0.08279721 0.41058917 0.02221923
v -0.08025697 0.41161006 0.01692418
v -0.08787521 0.40303550 0.01759282
v -0.09207237 0.28340276 0.01546402
v -0.08853806 0.27523631 0.01050725
v -0.08771843 0.27245345 0.02068973
v -0.08721839 0.28295619 0.02008004
v -0.08509894 0.26911209 0.02598256
v -0.09178765 0.28836732 0.02503114
v -0.06270094 0.25456428 0.07874608
v -0.06183058 0.24762878 0.07590493
v -0.07867821 0.34888408 0.05092570
v -0.08116710 0.33672805 0.04927831
v -0.07684372 0.31901569 0.05519645
v -0.08320186 0.32809024 0.04572510
v -0.07247693 0.17535740 -0.02981836
v -0.07450577 0.18634155 -0.02852914
v -0.07814846 0.16228552 -0.02318933
v 0.00255290 0.45154658 0.06935653
v 0.03895763 0.32789150 -0.09075430
v 0.04567876 0.32198627 -0.09187445
v 0.02391398 0.33482204 -0.09747175
v 0.05345221 0.31598600 -0.08513087
v 0.09605696 0.41634692 -0.01904320
v 0.10233102 0.39786624 -0.03079419
v -0.08789613 0.14499747 0.03083461
v -0.08709817 0.11430122 0.02879594
v 0.06461118 -0.00000000 -0.05729905
v 0.07178424 0.01656689 -0.05050038
v 0.07885616 0.00695709 -0.04049668
v 0.07191706 0.02449383 -0.04823649
v 0.08262901 0.01790645 -0.03537244
v -0.08630851 0.29438716 -0.04305718
v -0.08264119 0.28295696 -0.03909836
v -0.08540860 0.29379390 -0.04660149
v -0.07197862 0.29100122 -0.04922549
v -0.04319642 0.46909106 -0.05981881
v -0.00558160 0.47655196 -0.05220977
v 0.00518240 0.47981383 -0.04167715
v -0.00878658 0.47009509 -0.05594321
v -0.00233906 0.20292829 -0.11349803
v 0.00609199 0.21528905 -0.11316691
v 0.01213275 0.20503858 -0.11481554
v 0.01327497 0.22452033 -0.10839385
v 0.02764156 0.19863514 -0.10829924
v 0.01126640 0.48468078 -0.01965747
v 0.00278650 0.48750464 -0.01262901
v 0.09097829 0.23108432 -0.00520099
v 0.08559747 0.24123163 -0.00544771
v 0.07959835 0.22712892 -0.01289161
v 0.11097455 0.11114022 -0.05688551
v 0.11774059 0.10376095 -0.04627441
v 0.12056903 0.10810345 -0.02824498
v 0.12029314 0.10356204 -0.03749642
v 0.07485021 0.17524582 -0.02596581
v 0.08728606 0.17539650 -0.02341836
v 0.08940950 0.18637048 -0.02954616
v 0.09851107 0.18421150 -0.01756229
v -0.07737809 0.23174467 0.06178689
v -0.07133343 0.39987876 -0.06774939
v -0.08003795 0.39324996 -0.05888909
v -0.06926196 0.38267818 -0.06482296
v -0.06502720 0.39575168 -0.06826484
v 0.10088280 0.28689042 -0.01589547
v 0.09296804 0.27631757 -0.01521744
v 0.08468786 0.26169132 -0.01567347
v -0.03792610 0.17210565 0.02272185
v -0.03154505 0.15808947 0.02095665
v -0.03680243 0.18683469 0.02848313
v 0.05279122 0.31850106 -0.08300091
v 0.05411735 0.32576213 -0.07937240
v 0.10264877 0.37183513 -0.03258898
v 0.10104458 0.39484908 -0.02330416
v 0.08712339 0.14388964 0.04037384
v 0.08449037 0.16179128 0.04240230
v 0.08178493 0.12251390 0.04039213
v -0.09705522 0.02283189 0.04696700
v -0.06421303 0.30140109 -0.05833078
v -0.06895666 0.29604600 -0.05336391
v -0.08146655 0.29716911 -0.05193045
v 0.00985337 0.17873537 0.10398862
v 0.01134523 0.18213630 0.09727628
v 0.01340868 0.18312055 0.09012767
v -0.07697704 0.44759139 -0.03049083
v -0.06503309 0.45643741 -0.02322820
v -0.06524314 0.45721198 -0.02553334
v -0.07957376 0.43743129 -0.03589110
v -0.03317752 0.19758472 -0.10152037
v -0.08824031 0.42418269 -0.02319332
v -0.08372968 0.43258685 -0.01639225
v -0.08030249 0.43585204 -0.02112787
v -0.09549070 0.40297294 -0.01629212
v -0.09845872 0.40877326 -0.01621931
v -0.06571400 0.07132377 -0.11301966
v -0.07257902 0.06757987 -0.09881480
v -0.07570097 0.08226897 -0.09909966
v -0.10770633 0.36377803 -0.00911100
v -0.09956077 0.36345603 -0.01628059
v -0.10712168 0.36230540 -0.01443706
v -0.10242098 0.37841155 -0.00436683
v -0.04736494 0.04822031 -0.13191454
v -0.05232066 0.06742064 -0.12828454
v 0.06215010 0.46889834 -0.03445604
v 0.05596842 0.47380046 -0.02563365
v 0.06377542 0.44740790 -0.05175457
v 0.05972851 0.45783717 -0.04718369
v 0.06501825 0.45021117 -0.04580371
v -0.02565899 0.47915660 -0.03940936
v -0.03088152 0.48190268 -0.04497220
v 0.07293157 -0.00000000 0.06998656
v -0.03790733 0.47374984 0.02041875
v 0.04527699 0.48846801 0.00575940
v 0.03788666 0.48619841 0.00912325
v 0.04604518 0.48167544 -0.00109187
v 0.10360678 0.00456739 0.01927725
v 0.09945354 0.01584379 0.01773078
v -0.04095455 0.47903537 -0.00542653
v -0.03993370 0.47901816 0.00974609
v -0.04536363 0.47583011 0.00753372
v -0.05201389 0.47748759 0.00259734
v -0.04902828 0.47476558 0.01370897
v -0.06362489 0.42537547 0.01537958
v -0.05673067 0.43053603 0.02320714
v -0.04810536 0.44157168 0.01739052
v -0.05941980 0.44768748 0.01556174
v -0.05488274 0.43628116 0.01154826
v 0.03076191 0.48619323 0.01071523
v 0.02158761 0.48975715 0.02338714
v 0.02373119 0.48242347 0.02372575
v 0.01545731 0.48446460 0.03274680
v -0.03651023 0.44133189 0.04020509
v -0.04610434 0.43541785 0.03296582
v -0.06402258 0.42417602 0.02530880
v -0.06715240 0.42152850 0.02783272
v 0.04103197 0.45900119 -0.06403189
v 0.02589076 0.46575690 -0.05910995
v 0.03311930 0.46054316 -0.06824745
v -0.06882670 0.19043642 0.04242486
v -0.04805115 0.17562194 0.03057361
v -0.05811332 0.18451231 0.03939554
v 0.07341444 0.43400714 -0.06104075
v 0.06831642 0.43877990 -0.05422622
v 0.07614193 0.42737792 -0.05858728
v 0.08189665 0.41678107 -0.06187199
v 0.06415403 0.46062171 0.02162553
v 0.07218619 0.45856971 0.01476497
v 0.07539289 0.46077308 0.01257505
v 0.07848061 0.46003997 0.00425845
v 0.07257903 0.46400107 0.00196863
v 0.06892588 0.46793326 0.00964130
v -0.01205125 0.43420794 0.08401467
v -0.00817397 0.43465144 0.08269123
v -0.01501187 0.44238791 0.08071123
v -0.01797989 0.42034442 0.11441292
v -0.01255390 0.43117637 0.09676303
v -0.01830887 0.42818656 0.09379941
v -0.08994150 0.26377235 -0.02494180
v -0.08559425 0.27526203 -0.03512726
v -0.02157074 0.42551524 0.08413145
v 0.07496072 0.05818734 -0.02114829
v -0.04670479 0.23908937 0.09038329
v -0.04615483 0.22997228 0.08223957
v -0.04385043 0.22221158 0.07674283
v 0.06203184 0.07954018 -0.12450398
v 0.06928127 0.09072330 -0.11731157
v 0.07062180 0.07472705 -0.11462181
v 0.05245222 0.03223279 -0.11899706
v 0.05799696 0.04831625 -0.12164707
v -0.08224555 0.34297565 0.04126931
v -0.08956133 0.34194385 0.04035746
v -0.08163951 0.34250327 0.04598963
v -0.08662317 0.36363670 -0.06354475
v -0.08505978 0.35879138 -0.05806589
v -0.08148021 0.37469035 -0.06022124
v -0.08876379 0.36560619 -0.05744117
v -0.09297805 0.35777263 -0.05209389
v -0.09621679 0.34399699 -0.04824794
v -0.09347948 0.35780158 -0.04890958
v 0.02473109 0.40801433 -0.09877205
v 0.01707943 0.41507876 -0.09555774
v 0.04130451 0.39881213 -0.09741047
v 0.00534373 0.29522826 0.09755282
v -0.00874253 0.31685010 0.08632235
v -0.00161138 0.30086929 0.09330051
v 0.00398631 0.28432317 0.10830671
v 0.00534373 0.29522826 0.09755282
v 0.00261277 0.29242856 0.10132240
v -0.05501650 0.04406661 0.02146012
v -0.05380401 0.03289292 0.02433430
v -0.06213372 0.03749326 0.02215558
v -0.05927192 0.01808143 0.01596198
v -0.05717130 0.01482821 0.02072879
v -0.05966966 0.00820926 0.01436390
v -0.01284379 0.48023097 0.03760766
v -0.01547845 0.47356810 0.04472225
v -0.01624410 0.48018992 0.03878610
v 0.03738786 0.02786762 0.07874303
v -0.01650866 0.26731054 0.10202071
v -0.01543478 0.27806890 0.10568739
v -0.01726924 0.27608125 0.10012019
v 0.09243599 0.27725688 0.02501270
v 0.09620940 0.27156940 0.02057404
v 0.09591931 0.28869840 0.02949654
v 0.09675655 0.28436092 0.03445517
v 0.07940070 0.24251989 0.06133240
v 0.08322220 0.24812379 0.05625732
v 0.09010620 0.26429511 0.05364806
v 0.09122914 0.35529143 0.05820863
v 0.08545051 0.37097179 0.05654127
v 0.08627157 0.37153499 0.05951111
v 0.08480369 0.37724174 0.05198058
v 0.09187301 0.33462730 0.05945726
v 0.09455416 0.34145099 0.06277876
v 0.08624565 0.36027309 0.06389001
v 0.08516855 0.35569801 0.06292207
v 0.09294171 0.34887626 0.06490959
v 0.07166232 0.11647072 -0.01413114
v 0.01349265 0.47688800 -0.04207267
v 0.00465147 0.47528521 -0.05246295
v 0.00921200 0.47800460 -0.03975895
v 0.02094819 0.47659285 -0.04585667
v -0.04447516 0.46552855 -0.05260269
v -0.03626490 0.46923282 -0.05577316
v -0.04873760 0.45916320 -0.05527696
v 0.08925184 0.25696647 0.01398618
v 0.09003673 0.26419485 0.02176629
v 0.08710996 0.02863186 0.01819423
v 0.07809017 0.03618603 0.00745799
v -0.02661702 0.45077147 -0.07553699
v -0.03897971 0.44597220 -0.07482997
v -0.03963679 0.44624473 -0.07024276
v -0.02813194 0.45107245 -0.07205013
v 0.03942509 0.32242717 0.09140821
v 0.04686678 0.30114860 0.09677726
v 0.05255926 0.30157419 0.09109397
v 0.04835246 0.31426275 0.08899431
v 0.10465308 0.33183524 -0.01738695
v 0.10478191 0.34768558 -0.01033643
v 0.03004734 0.42142608 -0.09261571
v 0.04177599 0.41254840 -0.09061047
v 0.03670856 0.41357486 -0.09190298
v 0.05173233 0.39790595 -0.08410437
v 0.10339358 0.31738649 0.00516366
v 0.10595585 0.32234622 0.00599237
v 0.09953220 0.29692464 0.01376478
v -0.07594084 0.44630134 0.01717096
v -0.06838504 0.45397891 0.01839190
v -0.05420336 0.01776359 0.00356916
v -0.06140089 0.02506332 0.01532229
v -0.06197819 0.02969169 0.02033837
v -0.05657416 0.02491206 0.02140383
v 0.10317934 0.31341005 -0.00873086
v 0.10654821 0.32302898 -0.00856234
v -0.07538903 0.13123382 -0.06434512
v -0.07692310 0.01109963 -0.03812914
v -0.06953346 0.02912260 -0.03543101
v -0.07103879 0.02140880 -0.04137263
v 0.08811624 0.32609218 0.06340529
v 0.08554214 0.33026221 0.06406754
v 0.08195030 0.31067844 0.06880350
v 0.08817341 0.34459640 0.06147986
v -0.03100120 0.02682701 -0.14352527
v -0.03582253 0.02325519 -0.13700850
v -0.04450062 0.38702968 0.07309076
v -0.04953631 0.39199431 0.05765935
v 0.08612425 0.31622428 0.06361911
v 0.08361378 0.29661008 0.07670966
v 0.08532800 0.26720085 0.06725126
v -0.02595945 0.31552854 0.07961146
v -0.02525190 0.32380801 0.08140312
v -0.03251827 0.32888286 0.07462532
v -0.06669582 0.32766109 0.06241910
v -0.06891324 0.32882175 0.05553345
v -0.06665192 0.31475307 0.06139262
v -0.06595461 0.34742255 0.05052039
v -0.06973004 0.35174094 0.04983531
v -0.07385536 0.33483260 0.05480218
v 0.04153334 0.01072852 0.01262421
v 0.04834976 0.01242203 0.00277750
v 0.04835009 -0.00000000 0.00240641
v 0.04607618 0.00616745 -0.00937697
v 0.04065592 -0.00017479 -0.02117610
v 0.04554041 -0.00000000 -0.00824015
v -0.09933027 0.08901280 -0.03144006
v -0.09957636 0.08780061 -0.04166918
v -0.09726689 0.07243716 -0.05012752
v -0.09842078 0.10368820 -0.01818129
v -0.10388539 0.10668561 -0.02464483
v -0.10346547 0.09856160 -0.02513326
v -0.02532357 0.19223335 0.06635827
v -0.03820422 0.21134962 0.07128175
v -0.08893921 0.39867190 -0.03189613
v -0.09037942 0.41330749 -0.02204586
v -0.09254772 0.40502601 -0.03396962
v -0.09007925 0.40009612 -0.03620554
v -0.08243892 0.39969749 -0.04121883
v 0.09468999 0.03037498 0.00316078
v 0.08127142 0.03100762 0.00429794
v 0.08234965 0.03494077 -0.00033465
v -0.05702967 0.16707250 -0.05721098
v -0.05785343 0.17470090 -0.06028801
v 0.00149654 0.31987371 0.10111067
v 0.00995558 0.31882123 0.09909466
v 0.00449538 0.32018565 0.10416428
v 0.00259221 0.32392055 0.10807462
v 0.00204284 0.33137244 0.10233436
v -0.00118153 0.32593150 0.09675294
v -0.00549609 0.36141692 -0.09135713
v -0.09532301 0.19392957 0.02094404
v -0.06559051 0.36003059 0.05613487
v -0.04979006 0.37457706 0.04674093
v -0.06277484 0.34644714 0.05510359
v -0.06776093 0.35428912 0.05269008
v -0.02944983 0.16296737 -0.11622580
v -0.02258270 0.13796333 -0.12823717
v -0.09632614 0.35837661 0.01832518
v -0.09908330 0.34474441 0.01996962
v -0.10115233 0.32079631 0.01042940
v -0.10628198 0.32212894 0.00873681
v -0.10095548 0.31077930 0.00158267
v -0.09444320 0.34293452 0.02234552
v -0.09688325 0.32592277 0.01817855
v -0.09778068 0.32512222 0.02297650
v -0.10217212 0.33185081 0.01712716
v 0.05894725 0.44950828 -0.05936384
v 0.06199928 0.44110446 -0.06087198
v 0.06572400 0.43673728 -0.05934818
v 0.03547163 0.04590096 0.05471412
v 0.04087157 0.03735131 0.05719684
v 0.04760372 0.04944997 0.05208598
v -0.06930989 0.03189606 0.07173729
v -0.07340010 0.03450455 0.08177505
v -0.10823912 0.01596234 -0.00674370
v -0.09448784 0.02599289 -0.01334839
v -0.09984072 0.02070928 0.00000374
v -0.09243227 0.02419429 -0.00747073
v -0.05394727 0.47008792 -0.01362601
v -0.05035794 0.47035293 -0.01599719
v -0.04401651 0.47500937 -0.00756957
v -0.04844818 0.47504874 -0.00567753
v -0.04085094 0.47670016 0.00764984
v 0.10473838 0.34832709 -0.00519751
v 0.10868694 0.35409236 -0.00264922
v 0.10923416 0.36953937 -0.00200877
v 0.10586043 0.35828284 -0.00561267
v -0.01185683 0.48543551 -0.04009558
v -0.01571848 0.47780307 -0.04553175
v -0.04384819 0.45538787 -0.06661325
v -0.02588537 0.46429301 -0.06564527
v -0.02193374 0.46340239 -0.06836638
v 0.08504311 0.28072862 0.08111962
v 0.03835220 -0.00000000 0.01063045
v 0.09446318 0.17683744 0.02128653
v 0.09344216 0.15540654 0.01148577
v -0.05498626 0.31710656 0.08021241
v -0.05341516 0.32435485 0.07091752
v -0.05610682 0.31328861 0.07484532
v 0.05592815 0.31157268 0.09415113
v 0.05962360 0.31250425 0.08732961
v 0.05514447 0.32759116 0.08286652
v 0.05688947 0.31352155 0.08886305
v -0.04382228 0.00899368 -0.01656920
v -0.04603780 -0.00000000 -0.01757364
v -0.03797005 -0.00000000 -0.02080760
v -0.04603780 -0.00000000 -0.01757364
v -0.06265929 -0.00000000 -0.05180546
v -0.03797005 -0.00000000 -0.02080760
v -0.05741783 0.12306964 -0.09871387
v -0.05873086 0.13738227 -0.07437551
v -0.05969706 0.12791630 -0.08983852
v -0.06473569 0.13851874 -0.07281977
v 0.04205785 0.46190940 -0.06356866
v 0.02694659 0.46882506 -0.05586312
v 0.02600436 0.47356276 -0.05412318
v 0.03263441 0.47276847 -0.05895213
v -0.01134201 0.03814080 -0.15556314
v -0.00508995 0.03794792 -0.15798667
v -0.01883639 0.03491420 -0.14955732
v -0.03106973 0.35482223 -0.09294955
v -0.04421490 0.35595782 -0.08848163
v -0.02341237 0.36302390 -0.09399990
v -0.02090762 0.35318854 -0.09210984
v -0.06732299 0.14238953 -0.03760340
v -0.06336256 0.14171962 -0.06357865
v -0.05454293 0.28729884 -0.06629183
v -0.05148170 0.27639556 -0.06466569
v 0.03046992 -0.00000000 -0.03075782
v 0.02025959 -0.00000000 -0.02709075
v 0.02856012 0.45395019 0.04440771
v 0.03252745 0.44807517 0.05825748
v -0.08093596 0.18548116 0.03031902
v 0.09427437 0.40694236 0.03692991
v 0.08240988 0.42109691 0.03846240
v 0.09757548 0.40793536 0.04154492
v 0.08615433 0.39811515 0.04332384
v -0.09200194 0.34160506 -0.02563753
v -0.04894428 0.35580623 -0.08273733
v -0.04378981 0.36789485 -0.08700249
v -0.05042438 0.35908366 -0.07951956
v 0.08682094 0.40186908 -0.05485786
v 0.09320445 0.39037273 -0.05278968
v 0.08776069 0.31196496 -0.03992261
v 0.09567514 0.31810123 -0.04324630
v 0.09251247 0.30559749 -0.02844650
v -0.08908274 0.28904455 0.03733558
v -0.08788336 0.28044837 0.03828407
v -0.09068447 0.28603683 0.04282694
v 0.04691622 0.32956588 0.08354206
v 0.05176829 0.33264766 0.08555321
v 0.05318385 0.32287559 0.09036308
v -0.07759594 0.03571792 0.05562586
v -0.07413002 0.03123684 0.05944496
v -0.06933451 0.03878579 0.05658110
v -0.08158500 0.03302963 0.06132978
v -0.08531636 0.03520437 0.07320654
v -0.07503747 0.39033919 0.03517421
v -0.07658833 0.39575023 0.03263347
v 0.01872706 0.25230447 0.11129823
v 0.02464366 0.25640504 0.10904259
v -0.06864740 0.28592069 0.07154718
v -0.06801291 0.29871221 0.06852307
v -0.07256995 0.28897355 0.07108451
v -0.06756693 0.29144821 0.07922671
v -0.06644291 0.29320085 0.07136118
v -0.06801673 0.28277778 0.07678316
v 0.05434872 0.06608691 -0.13040180
v 0.06938640 0.05876085 -0.10921287
v 0.08892244 0.08719143 -0.08883239
v 0.08560386 0.07336464 -0.08738988
v -0.03041088 0.43653190 0.06625373
v -0.01925143 0.43723422 0.08108073
v -0.01501187 0.44238791 0.08071123
v -0.02523225 0.43833217 0.07331411
v 0.06813100 0.04777842 0.03682766
v 0.07178297 0.03628402 0.03734979
v 0.06854488 0.03838581 0.04117430
v 0.06393942 0.04266555 0.04105275
v -0.00491023 0.31935491 0.10124396
v 0.08495020 0.25768768 0.07330349
v 0.08075423 0.25782215 0.07378440
v 0.08650234 0.26631055 0.07711403
v 0.06744650 0.33787715 0.08289503
v 0.06623127 0.32366412 0.08211786
v 0.07030652 0.32396056 0.08685386
v -0.06976176 0.21352529 -0.04030864
v -0.06890293 0.22706537 -0.02147291
v -0.04045852 0.45259089 -0.07030685
v -0.06459666 0.42553477 -0.06210320
v -0.06390917 0.41598922 -0.06277955
v -0.06996027 0.41622054 -0.06289280
v 0.05172535 0.03913678 0.05900087
v 0.05752938 0.03828834 0.07093933
v -0.06069303 0.46656520 -0.01678227
v -0.06537453 0.45716433 -0.02072023
v -0.05438529 0.47297881 -0.00555974
v -0.07224969 0.07746964 0.01496489
v 0.10426602 0.37870013 0.03488172
v 0.10108100 0.35891448 0.03852083
v -0.08949475 0.38459903 -0.03393184
v -0.09451526 0.38190154 -0.03358661
v -0.09395738 0.39420772 -0.03002803
v -0.09406877 0.40790916 -0.01995001
v 0.10495873 0.36928580 0.04962894
v 0.09390164 0.38439666 0.05224763
v 0.09543495 0.37058681 0.04975185
v 0.00546935 0.33032058 -0.09172356
v 0.00895289 0.33326820 -0.08818150
v -0.10917969 -0.00000000 0.06911477
v -0.09763845 0.02652375 0.06786540
v -0.10873805 0.01048023 0.06958472
v -0.10324971 0.00547077 0.07458372
v -0.08889812 0.35800979 0.03377476
v -0.07968750 0.38046737 0.03836589
v -0.08046129 0.37363620 0.03542652
v 0.06731539 0.05902416 0.02347856
v 0.01875810 0.11672638 0.01382945
v 0.02362613 0.11570472 0.01270010
v -0.06376930 0.12268657 -0.10535400
v -0.06358446 0.12685881 -0.09282178
v 0.01502859 0.31702398 0.09579255
v 0.00847231 0.29227382 0.10045474
v 0.01570548 0.30759563 0.09744631
v 0.01732739 0.27492118 0.11111112
v 0.01410794 0.29745261 0.09844955
v 0.01259557 0.28195566 0.10316973
v 0.03091745 0.08405407 0.03760290
v 0.02081699 0.17738184 0.06416843
v 0.04176684 0.19966470 0.06210791
v 0.03157709 0.18713028 0.06044577
v 0.04034159 0.19600307 0.05673392
v -0.01699854 0.06194190 -0.00611946
v -0.01106842 0.05581879 -0.00568041
v -0.00624092 0.05560500 -0.00619129
v 0.01611259 0.04200354 -0.15123897
v 0.03282390 0.04749965 -0.14305051
v -0.02671243 0.25868642 0.10313631
v -0.02733075 0.25454543 0.09781975
v -0.06593829 0.09750567 -0.00433377
v -0.07221319 0.10799545 -0.00170352
v -0.00239002 0.48161574 -0.01087197
v -0.00657416 0.48592231 -0.00204741
v -0.00180774 0.48890994 -0.00413935
v 0.01236232 0.44603957 -0.07571832
v 0.01001239 0.45781733 -0.06749194
v -0.07452106 0.01478771 -0.10608742
v -0.06567969 0.00524914 -0.12867531
v -0.05794928 0.02015976 -0.13126425
v -0.04919863 0.01856198 -0.14786064
v -0.06044405 0.01686340 -0.13456417
v -0.00495007 0.43549937 0.08579411
v -0.01255390 0.43117637 0.09676303
v 0.00030788 0.40256259 -0.09143635
v 0.00969906 0.39461768 -0.09866399
v 0.00542446 0.39933883 -0.09265467
v 0.00214493 0.41247748 -0.09078839
v 0.10855647 0.37784301 -0.00098198
v 0.10654250 0.38894744 0.00276741
v 0.10770628 0.39058303 0.00923666
v 0.10348497 0.39874816 0.00879183
v 0.09898858 0.41586898 0.00967951
v 0.10544755 0.40131583 0.01417529
v -0.10306358 0.00890896 0.07830912
v -0.09912404 0.01421459 0.08259717
v -0.09449896 0.01287570 0.08555255
v -0.09055486 0.03313070 0.07557010
v -0.04239856 0.08014449 0.04739786
v 0.09138741 0.28919305 0.06367795
v 0.09291304 0.27523477 0.05721232
v 0.09683087 0.27398483 0.05593178
v 0.01867433 0.32503185 0.10084416
v 0.01544260 0.32504436 0.10669792
v 0.06991191 0.38600047 -0.07589884
v 0.06979215 0.39558940 -0.07964364
v 0.07648336 0.38366473 -0.07721961
v 0.07802589 0.38462272 -0.07512112
v 0.07227922 0.39064540 -0.07336295
v 0.08294032 0.37968265 -0.06596693
v -0.08170301 0.42213656 -0.03862556
v -0.07776681 0.42524219 -0.04168005
v -0.08095232 0.40966674 -0.04279514
v -0.08030323 0.41786494 -0.04592760
v -0.07521408 0.42676410 -0.05008352
v -0.08264598 0.40340999 -0.04643402
v -0.05097410 0.03807523 -0.02538472
v -0.06151375 0.03748272 -0.02867784
v -0.05392961 0.03388492 -0.02522205
v -0.06843503 0.03295516 -0.03518102
v -0.06086103 0.03427486 -0.02613571
v 0.02090851 0.16656913 0.05092310
v 0.04392851 0.19057069 0.05562690
v -0.03148625 0.47837355 -0.03855427
v -0.04696687 0.47192317 -0.03862159
v -0.03735298 0.47987639 -0.03565915
v -0.01216053 0.48361319 -0.03136673
v -0.01188147 0.48611934 -0.02713515
v 0.00078107 0.16612720 0.07489245
v -0.08308919 0.12034485 -0.02166609
v -0.07299904 0.13507103 -0.02551938
v -0.07432522 0.12845158 -0.02937338
v -0.03529510 0.37353126 0.07145348
v -0.03021458 0.37344890 0.09198513
v 0.04141672 0.46192782 0.02414146
v 0.04141672 0.46192782 0.02414146
v 0.04842113 0.47158549 0.02486302
v 0.03773340 0.46452662 0.02751697
v 0.05939107 0.03302202 -0.02307428
v 0.04928176 0.02021248 -0.00615575
v 0.04685490 0.02400318 -0.01674437
v -0.09807668 0.35668826 0.01373802
v -0.09975402 0.36541972 0.00952356
v -0.10299800 0.34886306 0.00547788
v -0.10131317 0.35388904 0.01922810
v -0.09596689 0.37050971 0.01361474
v -0.08377317 0.42516726 -0.02584480
v -0.08887066 0.41475825 -0.03102413
v 0.06577505 0.32818561 -0.07039877
v 0.06385837 0.33474414 -0.07408544
v 0.06898944 0.33505180 -0.07418388
v 0.07209725 0.10195843 -0.10615788
v 0.06843008 0.09923470 -0.11680657
v 0.10343203 0.36045768 0.03505932
v 0.10549934 0.38021480 0.03026543
v 0.10807354 0.38061450 0.03423865
v -0.00765339 0.35396083 0.10786946
v -0.01392743 0.35405940 0.09876452
v -0.01170790 0.36356124 0.11369669
v -0.01576402 0.36448215 0.11413184
v 0.05305518 0.45762099 -0.05855415
v 0.04428575 0.46583678 -0.05857951
v 0.03509427 0.46974131 -0.05576766
v 0.03365448 0.09196159 0.00933522
v 0.04078350 0.08166595 0.00842437
v 0.04153043 0.09411463 0.00184144
v 0.05086942 0.08929843 0.00407219
v -0.00974913 0.39784984 0.12036898
v -0.01342929 0.38774425 0.11951757
v 0.09038629 0.41482066 -0.05531445
v 0.07308682 0.43478251 -0.05123764
v 0.06675198 0.44146823 -0.05009361
v -0.05006284 0.12275300 -0.12155266
v -0.05470171 0.12384164 -0.11178638
v -0.03912082 0.15057189 0.02974265
v -0.04603930 0.12474883 0.03707181
v -0.03837411 0.12622038 0.03038112
v -0.03484675 0.15642762 0.02269938
v 0.06037746 0.30972007 -0.07627527
v 0.06164629 0.30275815 -0.06483173
v 0.06164874 0.30097036 -0.07265248
v 0.07797877 0.16591804 0.04410063
v 0.07397295 0.18376751 0.04087865
v -0.07004763 0.00829076 0.09486777
v 0.06623945 0.29578740 -0.05523336
v 0.07407340 0.29779409 -0.05519747
v 0.00717095 0.25751752 -0.10024126
v 0.11489793 0.09519683 -0.01211669
v 0.10591129 0.09772680 -0.00726039
v 0.04488006 0.43911563 0.05499869
v 0.05074995 0.43138808 0.04552744
v 0.05283214 0.43414271 0.04351815
v 0.04547391 0.44320788 0.04308394
v 0.05074995 0.43138808 0.04552744
v -0.00203464 0.47071326 -0.05764660
v -0.05126193 0.00245281 0.03388939
v 0.02512845 0.06636597 -0.01522032
v 0.03829602 0.06019163 -0.02380362
v 0.03671026 0.07088463 -0.01844744
v 0.04769368 0.07593471 -0.01644091
v 0.04593441 0.06047870 -0.02525384
v 0.09223226 0.32815044 -0.05675594
v 0.08077318 0.33678020 -0.07062296
v 0.09027956 0.32914802 -0.06343608
v 0.08493038 0.31991807 -0.04954189
v -0.08390196 0.13074759 -0.03093311
v 0.05378616 0.48433734 -0.00230499
v 0.04705434 0.37310649 -0.09173355
v -0.00864634 0.01630586 -0.16577436
v 0.00274750 0.01399269 -0.16108564
v -0.00963654 0.00571223 -0.16497314
v -0.08715503 0.14262903 -0.00394685
v -0.09073414 0.15527794 -0.00651006
v 0.00140713 0.48389068 -0.01720997
v -0.02276622 0.48168548 -0.02984240
v -0.03388426 0.47733565 -0.03277034
v -0.04671523 0.46900004 -0.03596712
v 0.01418595 0.48619517 0.00988680
v 0.01666805 0.48775367 0.00124754
v 0.01003109 0.49002143 0.01256873
v 0.00951169 0.48496444 0.01769342
v -0.09038623 0.40494514 0.02175798
v -0.09236655 0.39265250 0.01860943
v -0.05916225 0.36760909 -0.07834112
v -0.05296245 0.36845348 -0.08945029
v -0.03424053 0.22812448 0.10378889
v 0.01685177 0.48481360 -0.00967708
v 0.01041778 0.48991591 0.00177976
v 0.02228063 0.48811419 -0.01165582
v 0.03661877 0.48208960 -0.01641557
v 0.04024691 0.48339103 -0.01996612
v 0.02867304 0.48358832 -0.02080440
v 0.10243720 0.11862811 -0.06103991
v 0.09626760 0.11972947 -0.06351205
v 0.09925429 0.12791550 -0.04951661
v -0.02859299 0.45642955 0.04058293
v -0.02104527 0.45391261 0.04477906
v -0.02747315 0.48160788 0.01383438
v -0.01657376 0.48482604 0.00649927
v -0.02190074 0.48593325 0.00511131
v -0.01779170 0.48417212 0.01778195
v 0.06159215 0.19184011 -0.08631846
v 0.06783172 0.23039245 -0.06214397
v 0.07436528 0.23773508 -0.05653319
v -0.07343850 0.02073048 -0.09977444
v -0.06874633 0.01601496 -0.11967015
v -0.08997489 0.03536643 0.07011613
v -0.08745153 0.03270470 0.06097520
v -0.09888701 0.02204937 0.07513368
v 0.07687903 0.01091340 0.06776173
v -0.02094938 0.44481208 0.07472992
v -0.01407759 0.44827529 0.07104886
v -0.08267339 0.26550376 0.01542258
v -0.08346299 0.25113153 0.00881406
v -0.08267339 0.26550376 0.01542258
v -0.03019325 0.01929879 -0.02568558
v -0.03937066 0.02030148 -0.02398526
v -0.03422748 0.01275205 -0.02720589
v -0.04135819 0.02522378 -0.02454138
v -0.08170903 0.17566522 -0.03024238
v -0.09155009 0.16510679 -0.01068955
v -0.08986306 0.17264860 -0.01832603
v -0.08413710 0.16197017 -0.01866394
v 0.08358517 0.41101646 0.04691627
v 0.08997421 0.39130630 0.04698195
v 0.09491139 0.38710460 0.04467648
v 0.05377935 0.27365775 0.09848434
v -0.05380048 0.15810824 -0.02345264
v -0.06054409 0.17973812 -0.02660250
v -0.05251105 0.16121437 -0.02690082
v -0.05206159 0.14899815 -0.02572797
v -0.05469988 0.14258390 -0.02267504
v 0.04228793 0.22179319 0.10478244
v 0.04054422 0.22599344 0.10027151
v 0.04150984 0.21270458 0.09060628
v 0.04201890 0.22570392 0.09782752
v 0.03889263 0.21435964 0.09391297
v -0.06511746 0.27790286 -0.05164408
v -0.06925731 0.25470102 -0.03650630
v -0.07985984 0.26160734 -0.03773782
v -0.07228492 0.26883766 -0.04353739
v 0.02009014 0.38259227 0.11672686
v 0.01036389 0.38392013 0.12211433
v 0.01600109 0.37399024 0.11911502
v 0.00507311 0.37216834 0.12319322
v -0.02565414 0.15040446 0.02185043
v -0.02928006 0.14109630 0.01676668
v 0.00639521 0.27777665 0.10655029
v 0.06551776 0.40302215 -0.07758392
v 0.01389604 0.33147742 -0.08946962
v 0.02470030 0.32982600 -0.09802320
v -0.05397756 0.41997520 0.03148569
v -0.07058503 0.41455939 0.02869513
v -0.08178746 0.40363788 0.02211391
v -0.08436573 0.43597655 -0.02587806
v -0.08318580 0.41048976 -0.03996711
v -0.08367461 0.41526019 -0.03342608
v -0.08794917 0.42601649 -0.03165154
v -0.02389056 0.44972899 -0.08476444
v -0.01186789 0.44917930 -0.07869166
v 0.00246653 0.45915069 -0.06865027
v -0.05799758 0.43314399 -0.06488756
v -0.05309016 0.44590915 -0.06777987
v -0.03980599 0.45892890 -0.06113828
v 0.04904358 0.48260676 0.02499568
v 0.04019752 0.47921592 0.02262593
v 0.05069717 0.48188594 0.02707716
v -0.01816764 0.48226775 0.02434857
v 0.09681550 0.42453059 0.01375097
v -0.01147376 0.49028968 0.01057547
v -0.04149901 0.34840419 0.06700456
v -0.03653225 0.36097896 0.05903920
v -0.05672903 0.33273647 0.06337098
v -0.05953056 0.33403819 0.06401462
v -0.05929171 0.31369138 0.07115083
v -0.06474651 0.31681134 0.06914689
v -0.06304273 0.30815648 0.06787218
v -0.07802631 0.06938760 0.04145480
v -0.07567713 0.08498535 0.04431656
v 0.10763751 0.07142844 -0.04831461
v 0.10184147 0.05664471 -0.05760350
v 0.10721004 0.06096329 -0.04577552
v 0.11222913 0.07613429 -0.03075164
v 0.04965326 0.48315993 -0.02964281
v 0.04967839 0.47877211 -0.02383145
v 0.05764676 0.47677771 -0.03170613
v 0.04182446 0.48182818 -0.02338175
v 0.04139987 0.48487891 -0.02732180
v 0.03382631 0.32521400 0.08842913
v 0.03405459 0.32696365 0.09645011
v -0.05901585 -0.00000000 -0.13914360
v -0.04624041 0.35808097 0.06016239
v -0.04929425 0.34981277 0.06248609
v -0.04114458 0.35924312 0.05730335
v -0.05473695 0.33930339 0.06125726
v 0.00083652 0.37345161 -0.09174181
v 0.00322989 0.36295982 -0.09336600
v 0.00669005 0.36156463 -0.09114641
v 0.01068776 0.35076636 -0.09204733
v -0.08870066 0.06135349 -0.04657282
v -0.04509675 0.37075111 0.05009627
v -0.05162488 0.39574660 0.04000075
v -0.05298189 0.40835525 0.03604393
v -0.05380684 0.39420230 0.03745045
v 0.05430794 0.09108742 -0.00417850
v 0.05086942 0.08929843 0.00407219
v 0.05430794 0.09108742 -0.00417850
v 0.06580533 0.09597950 0.00346329
v -0.08551297 0.25618064 -0.02313614
v 0.01818130 0.38890880 0.12035245
v 0.01459262 0.38632049 0.11844823
v 0.02430260 0.38498839 0.10922263
v 0.00789666 0.38997371 0.12296675
v 0.00032869 0.38779113 0.12070114
v -0.05777086 0.30499353 -0.07100814
v -0.06051142 0.31138450 -0.07752023
v 0.07075003 0.07876147 0.03507136
v 0.06438823 0.05397498 0.04026524
v 0.06151672 0.04678537 0.04440339
v -0.02376098 0.44350539 -0.08202037
v -0.01775800 0.44970103 -0.08312578
v -0.02810548 0.42924438 -0.08681282
v -0.02951601 0.43143817 -0.08465931
v -0.01236841 0.44056327 -0.08287444
v 0.09491413 0.13480353 -0.02759099
v 0.10213148 0.12822804 -0.01813684
v 0.04440212 0.45075084 -0.07572182
v 0.04916736 0.45114383 -0.07563869
v 0.05768838 0.43841708 -0.07552681
v 0.06071500 0.42596469 -0.07641663
v 0.08000740 0.10001687 -0.09731268
v 0.08290009 0.11226073 -0.08556179
v 0.09805025 0.10929518 -0.07396878
v 0.08786093 0.10863918 -0.08195760
v 0.10423703 0.39091716 0.01704005
v 0.10648824 0.37822414 0.01537201
v 0.10831782 0.36559981 0.00761541
v 0.10907253 0.38378799 0.01369342
v 0.03126864 0.48327578 0.03083495
v 0.02307666 0.46925403 0.03871272
v 0.03390857 0.48002494 0.02685803
v 0.02211245 0.47367343 0.03989326
v 0.02850882 0.48257350 0.02931993
v 0.08964823 0.32286491 0.06012665
v 0.09299977 0.33338622 0.05540363
v -0.04723702 0.32018173 0.07490452
v -0.05120614 0.30896224 0.07812389
v -0.04476724 0.30495906 0.07887854
v -0.04875046 0.29621740 0.08305408
v 0.04623384 0.21258829 0.07234337
v 0.03679338 0.20100500 0.07776444
v 0.02245377 0.18764480 0.08440810
v 0.03841185 0.19830877 0.07512973
v 0.02682297 0.04553325 -0.02500510
v 0.01196564 0.06394570 -0.00991538
v 0.00613147 0.05821060 -0.00963387
v -0.08034377 0.09895667 0.01188467
v -0.01340930 0.49058482 0.00554260
v -0.02253924 0.48338187 -0.01769926
v 0.09371769 0.41058562 -0.03171567
v 0.09573622 0.41667434 -0.02410237
v -0.00999669 0.43918456 -0.08424201
v 0.08771674 0.16658277 -0.02262020
v 0.07301387 0.15244447 -0.02426179
v -0.09233749 0.30469177 -0.03315743
v -0.09187415 0.29863265 -0.03757362
v -0.02538348 0.46495265 -0.06167910
v -0.01651828 0.47254641 -0.05882380
v 0.06779677 0.03450570 -0.03374615
v -0.05014415 0.43678519 0.02497203
v -0.04471140 0.44168445 0.02682182
v -0.05488274 0.43628116 0.01154826
v -0.03891095 0.44301898 0.03498219
v -0.03651023 0.44133189 0.04020509
v -0.03017561 0.23984216 -0.09323027
v -0.01712579 0.21145692 -0.10574973
v -0.03608472 0.27154722 -0.08150894
v -0.09454367 0.39361518 0.00804674
v -0.05032876 0.30598165 -0.07298424
v -0.00453815 0.21008985 0.11042235
v -0.00278072 0.21825799 0.10868779
v -0.00028007 0.20653860 0.11104871
v 0.06163052 0.37319682 -0.08032677
v 0.07996255 0.35463172 -0.07077023
v 0.06968225 0.35347152 -0.07356370
v 0.00083035 0.27848115 0.11103110
v 0.00350761 0.27470615 0.11148251
v -0.00143546 0.26165462 0.11431277
v -0.07007521 0.11543630 -0.10875253
v -0.06984579 0.10929169 -0.11184056
v 0.06410054 0.23559183 -0.06736632
v 0.05925827 0.22725824 -0.07752239
v -0.01482113 0.19277898 0.08562932
v -0.00783978 0.18649540 0.07907924
v -0.00417982 0.18128471 0.08567753
v -0.00291301 0.17984653 0.08124082
v 0.05615920 0.44382029 -0.06491775
v 0.06088185 0.42574466 -0.07362401
v 0.06033011 0.40794227 -0.07676591
v 0.03759661 0.13591124 0.02339908
v 0.03324950 0.13907019 0.01941317
v 0.03134703 0.13162365 0.01544257
v 0.04465374 0.15315386 0.02778498
v 0.03675146 0.14939129 0.02215307
v 0.07582512 0.09681789 0.03275513
v 0.08121237 0.10685998 0.02664372
v 0.07125833 0.09633977 0.03910976
v 0.07884572 0.22936258 0.05929832
v 0.08035081 0.21672445 0.05352353
v 0.07716703 0.20648286 0.05072861
v -0.03339180 0.39803104 0.11103991
v -0.02981576 0.40510169 0.11082837
v -0.03489110 0.40461814 0.10630119
v -0.02896958 0.41383845 0.09839792
v -0.08193347 0.28917219 0.07074416
v -0.07968817 0.29682449 0.06540531
v -0.08490207 0.27758148 0.06646494
v -0.07655333 0.28564655 0.06934797
v -0.08306728 0.27549247 0.06895857
v -0.07873000 0.27164960 0.06711545
v 0.01208433 0.48488578 -0.00903322
v 0.00125682 0.48370383 0.02062222
v -0.00012661 0.47709136 0.03228977
v 0.00574006 0.48403098 0.02361224
v 0.09169364 0.44470427 0.01520630
v 0.07998394 0.45264369 0.01992400
v 0.09016000 0.44054564 0.01121006
v 0.09789507 0.43518523 0.01271426
v -0.04945471 0.42578227 0.05812050
v -0.04655149 0.41705501 0.06698757
v -0.04669028 0.42352546 0.06535205
v 0.05245441 0.34285861 -0.09251807
v 0.04327155 0.35240676 -0.09719383
v -0.00595173 0.45706824 0.04976796
v 0.00104754 0.46960883 0.03932403
v -0.00812496 0.45891795 0.04903919
v -0.06910521 0.01218818 -0.04676483
v -0.06265929 -0.00000000 -0.05180546
v -0.07576644 -0.00000000 -0.03628500
v 0.00799787 0.21909791 0.10933990
v 0.00860662 0.20714818 0.10736243
v 0.01470983 0.21131439 0.11494312
v 0.01319500 0.20491283 0.10965266
v 0.00764975 0.10558399 -0.14694871
v 0.00965690 0.11847478 -0.14276387
v 0.02375275 0.10560455 -0.14291080
v -0.00972586 0.10478355 -0.14565679
v -0.02444913 0.10914532 -0.14139280
v 0.00381600 0.11965426 -0.14263496
v -0.07112986 0.00356057 -0.09038503
v -0.07066668 -0.00000000 -0.09921219
v -0.07986798 0.04771669 0.02891979
v -0.07448218 0.05970874 0.02237321
v 0.04913142 0.30455945 -0.07986661
v 0.05120767 0.30718711 -0.07674804
v 0.01349265 0.47688800 -0.04207267
v 0.01532883 0.46705531 -0.05781503
v 0.01360371 0.46233218 -0.06487899
v 0.01159102 0.47250491 -0.04923969
v 0.09929295 0.29652017 0.04596009
v 0.09575088 0.28279247 0.04283138
v 0.09697004 0.28352435 0.04007458
v 0.10355082 0.30646192 0.05036394
v 0.10591616 0.30240396 0.04581580
v 0.10322200 0.31959085 0.05153781
v 0.03184058 0.12781983 0.00963406
v 0.02535989 0.12204261 0.01454508
v 0.03061219 0.11752582 0.01327597
v 0.03348888 0.11922900 0.01433801
v 0.09331773 0.16793897 0.03225943
v 0.09243007 0.15104072 0.03328002
v -0.09895405 0.30876380 0.02196465
v -0.10271681 0.31187072 0.02372122
v -0.09914198 0.30023937 0.01689127
v 0.08168224 0.29713472 -0.04586770
v 0.08813879 0.30850635 -0.04399187
v 0.09173036 0.05822339 -0.08250130
v 0.06415403 0.46062171 0.02162553
v 0.07539289 0.46077308 0.01257505
v -0.04102875 0.25796422 0.09717578
v -0.04537658 0.24452861 0.09933130
v -0.03595663 0.24938274 0.09713943
v -0.06371792 0.44801776 0.01538180
v -0.05452831 0.43450427 0.02479051
v 0.07669962 0.33892554 -0.07625568
v 0.08369613 0.33235938 -0.07006475
v 0.06183393 0.35664981 -0.08195336
v -0.07696682 0.35666057 -0.06077042
v -0.00382911 0.47103431 0.03991404
v -0.08978432 0.34018981 -0.05979195
v -0.09528181 0.32539920 -0.04802175
v -0.08833855 0.34044074 -0.05596850
v 0.05801566 0.47186526 -0.03402678
v 0.05134933 0.47635718 -0.03588121
v 0.09144157 0.42395846 -0.02729739
v 0.01462803 0.44183913 0.07590898
v 0.01601159 0.44745234 0.06754091
v 0.00828285 0.44642730 0.07778939
v 0.02129790 0.44276961 0.07655406
v -0.03697874 0.45630149 0.03029336
v -0.04516108 0.46210765 0.02317371
v 0.05136623 0.16939954 0.02823503
v 0.04100596 0.16484850 0.02302849
v 0.03473071 0.16458006 0.03188664
v 0.03578489 0.15745209 0.02287340
v 0.06461511 0.13576835 -0.09858207
v 0.06951153 0.12494055 -0.08928211
v 0.05458135 0.22740442 0.09290962
v 0.05497917 0.24341571 0.09895966
v 0.05791407 0.23361587 0.10139596
v 0.05266268 0.26052387 0.10488868
v 0.04949483 0.24816055 0.10332392
v -0.05161775 0.32728820 0.07446800
v -0.04902467 0.32165714 0.07369240
v -0.09617774 0.31540969 -0.00964641
v -0.09331618 0.31841548 -0.01516474
v -0.09242118 0.30743270 -0.01112206
v -0.09319551 0.13346968 -0.04912233
v -0.10004014 0.12649982 -0.04786800
v -0.10323831 0.11370147 -0.02993809
v -0.09762748 0.13057872 -0.04360118
v -0.01594817 0.15891319 0.04225388
v -0.01623313 0.14861386 0.02967764
v -0.00597351 0.14868113 0.04153537
v -0.02130061 0.16550453 0.03979539
v -0.07643101 0.23253591 -0.02041912
v -0.08953648 0.24987293 -0.01400365
v -0.08854242 0.25137233 -0.01686609
v 0.00128981 0.15129114 0.04636714
v 0.01125711 0.15341071 0.04343258
v -0.00467581 0.15294497 0.04535715
v -0.08771782 0.03060625 0.00358474
v -0.09295821 0.02819957 -0.00310845
v 0.10970537 0.39471545 0.00324078
v 0.10934593 0.40461173 0.00584316
v 0.01566531 0.26244005 0.11712859
v -0.09572472 0.32010310 -0.03986243
v -0.09464077 0.33550777 -0.03804600
v -0.08777895 0.33896217 -0.06054668
v -0.09449533 0.31994716 -0.04578774
v -0.00525584 0.48655196 0.02479021
v -0.00991006 0.47848586 0.03540138
v 0.02227487 0.36364875 -0.09861529
v 0.02383352 0.36016086 -0.10172786
v 0.03737793 0.20345348 0.09410494
v 0.02553479 0.20635667 0.10395036
v 0.02420028 0.19059799 0.09195351
v -0.07460837 0.19794534 0.04723690
v -0.07475020 0.20687427 0.05222971
v -0.05630433 0.02146632 0.08143796
v -0.05322745 0.01139413 0.08170887
v -0.04631153 0.46523604 0.01711423
v -0.04078942 0.46173949 0.02548714
v -0.05361628 0.35128474 -0.08195664
v -0.06262521 0.33948421 -0.07049446
v 0.08145519 0.31501909 0.07231828
v 0.08167493 0.34163902 0.06591203
v 0.07583125 0.35278575 0.06620595
v 0.08141215 0.33162116 0.06945073
v 0.05829566 0.30169414 0.09483313
v 0.05403835 0.28752950 0.09420719
v 0.08229095 0.33132724 0.07622748
v -0.01969487 0.25942531 0.10161598
v -0.00210132 -0.00000000 -0.01935978
v 0.01390230 -0.00000000 -0.02260902
v -0.00221827 0.01152536 -0.01756005
v -0.00210132 -0.00000000 -0.01935978
v 0.00675854 0.01238197 -0.01779758
v -0.06626592 0.02063557 -0.11499917
v -0.06147763 0.02177646 -0.10802974
v 0.08559747 0.24123163 -0.00544771
v 0.08276992 0.24432750 -0.00988572
v -0.02902710 0.10074252 0.00761494
v -0.02173035 0.11426929 0.01139029
v -0.02268343 0.10187272 0.00684734
v -0.02094338 0.36321559 0.10412686
v -0.01559182 0.35743468 0.10618825
v -0.09961476 0.02540717 0.00516424
v -0.10826730 0.00928516 0.01178578
v 0.09178185 0.24489040 0.01090219
v 0.08790545 0.25006399 0.00421610
v 0.06596932 0.20433515 -0.06705322
v 0.06873806 0.18958129 -0.06047076
v 0.07021228 0.17892854 -0.04366861
v -0.04740169 0.44811786 -0.06758650
v -0.04687228 0.44102580 -0.06767783
v -0.05686027 0.42950206 -0.06687483
v -0.04783587 0.43976397 -0.07312391
v 0.08270271 0.23584016 -0.03957721
v 0.08161890 0.24398822 -0.04573161
v 0.08516490 0.25045867 -0.03165850
v 0.00386685 0.34509368 0.09518624
v 0.00826804 0.33365386 0.10407911
v 0.00231674 0.31955104 0.11142779
v -0.09295873 0.10501400 -0.01561503
v 0.02829910 0.45096690 -0.07531867
v -0.09060975 0.11879841 -0.06800601
v -0.08424018 0.27255702 0.05243726
v -0.08293406 0.27575748 0.05926458
v 0.03067366 0.49108039 0.00498520
v 0.05326351 0.47582164 -0.00834333
v 0.03715817 0.48494704 0.00028109
v -0.09441966 0.42529452 -0.00259438
v 0.09567884 0.28181444 0.02714942
v 0.03326160 0.39955653 0.09471743
v 0.08382520 0.46059035 0.00434515
v 0.06795994 0.47062198 0.01672965
v 0.08144790 0.42217273 -0.06404062
v -0.07410786 0.15021161 -0.02116538
v -0.06698332 0.14349068 -0.02187362
v 0.08556692 0.02328456 -0.02744643
v 0.07314713 0.02550191 -0.04337241
v 0.06734341 0.16950866 -0.06100269
v 0.06977897 0.18275436 -0.05421127
v 0.00852433 0.35580978 0.09783510
v 0.00721705 0.17931305 0.10013561
v 0.11988365 0.09322841 -0.02869607
v 0.11932809 0.09665664 -0.02089479
v -0.00700768 0.30311797 -0.08117633
v -0.00537825 0.31647935 -0.07824716
v 0.00522778 0.29810636 -0.08649773
v -0.06061766 0.45009292 0.00976155
v 0.04758447 0.21967628 0.09426541
v 0.04632893 0.21083627 0.08554494
v 0.10829769 0.32678920 -0.02640079
v 0.11143914 0.34018943 -0.01905093
v 0.10595709 0.33989314 -0.02266602
v -0.09110965 0.26414720 -0.00233841
v -0.08828571 0.25635164 -0.00725209
v -0.09296171 0.27759017 0.00076807
v -0.09589606 0.27017541 -0.00321643
v 0.10348141 0.35081760 -0.03077054
v 0.10014300 0.34029842 -0.02972061
v 0.10463172 0.34234454 -0.02562310
v -0.10850344 0.35077365 0.00310034
v -0.10516140 0.36381190 0.00831832
v 0.02598238 0.28141424 0.10657167
v 0.05491980 0.03619780 0.05624530
v 0.01425128 0.36463645 0.11767115
v 0.01065026 0.36641376 0.11929589
v 0.01012423 0.35367725 0.11018549
v 0.09174719 0.35110099 -0.06599105
v 0.04278928 0.02132308 -0.12380284
v 0.02336757 0.02484529 0.03542148
v 0.02434373 0.01615709 0.04007060
v 0.02783467 0.00641483 0.03560998
v -0.09157537 0.26275146 0.00505082
v -0.08840360 0.26426620 0.00174177
v -0.09103786 0.27595184 0.00724485
v -0.09039280 0.27684333 0.00364150
v 0.08361884 0.45309798 0.00142222
v 0.09197600 0.43481952 -0.00033021
v -0.07795618 0.09088314 -0.00688369
v -0.08122666 0.08580067 -0.01244834
v -0.07530684 0.07891522 -0.00991142
v 0.08363448 0.44220881 -0.03647302
v 0.08720292 0.43796981 -0.02619975
v 0.08966227 0.43929503 -0.03062113
v -0.09677612 0.02620532 0.00956824
v -0.10553383 0.00777929 0.01786074
v -0.09306785 0.29463609 0.01694150
v 0.09898318 0.18880859 0.01402090
v 0.10286080 0.19445959 0.01347198
v 0.10218432 0.19303562 -0.01413204
v 0.10440676 0.19575267 0.00397150
v 0.10375756 0.18516338 -0.00139665
v 0.01005060 0.46432784 -0.06044205
v -0.08574686 0.38693633 -0.06228659
v -0.08122274 0.39311172 -0.06102747
v -0.08865049 0.39168220 -0.05530382
v -0.06743791 0.02877296 0.02049344
v -0.06140089 0.02506332 0.01532229
v -0.06982406 0.03006335 0.02327599
v 0.06730202 0.31111352 0.08427874
v 0.06052652 0.31472539 0.08208346
v -0.03099029 0.38507567 0.11067672
v 0.07258168 0.42673934 -0.06211998
v 0.08044180 0.40713923 -0.06355241
v 0.07059941 0.41552566 -0.06744393
v 0.06571075 0.42488967 -0.06393130
v -0.00387350 0.03817665 -0.00832988
v -0.01474364 0.02979668 -0.01718356
v 0.04124732 -0.00000000 -0.11760438
v 0.05043726 -0.00000000 -0.10293533
v 0.04196202 0.00394990 -0.11651470
v 0.05043726 -0.00000000 -0.10293533
v 0.02737448 0.02343204 -0.03268933
v 0.03498405 0.02078636 -0.03247603
v 0.02682881 0.37193324 0.09370133
v 0.02515755 0.38073135 0.10898640
v 0.02351488 0.37485007 0.10692895
v 0.02778747 0.37398059 0.10085559
v -0.07529176 0.35612918 0.04121549
v 0.02573862 0.48848899 0.00204236
v 0.03201440 0.48616534 -0.00597376
v 0.03684755 0.48834483 -0.00267842
v 0.05903417 0.47423831 0.00086115
v 0.06776081 0.46754180 -0.00257596
v -0.06995823 0.20966403 -0.01524988
v 0.07315369 0.01067443 0.07245808
v 0.10019934 0.41250381 0.01438514
v -0.03649993 0.10411106 0.01807554
v -0.03060471 0.10905255 0.01244874
v -0.03649993 0.10411106 0.01807554
v -0.06580035 0.04709316 0.05519297
v -0.10416984 0.10352605 -0.04419667
v -0.10326355 0.09490936 -0.03898014
v -0.10578608 0.10544612 -0.03428466
v -0.10326355 0.09490936 -0.03898014
v -0.04436856 0.30756742 -0.07924239
v -0.03614458 0.31200856 -0.08703606
v -0.05060011 0.29806779 -0.07643090
v 0.00187137 0.04401671 -0.00292883
v -0.00098621 0.05323470 -0.00388260
v -0.00412330 0.04521872 -0.00341808
v 0.10372061 0.32820510 0.00125801
v 0.03203599 0.22305906 0.11152313
v 0.02420219 0.22421031 0.10995142
v 0.02660278 0.21712455 0.10829317
v 0.10290300 0.32198955 0.03856277
v 0.09814236 0.30833223 0.03341645
v -0.02801865 0.31003652 -0.08410128
v -0.03182657 0.30460742 -0.07765414
v -0.03310852 0.31432212 -0.08426247
v -0.08403490 0.13091499 0.01041169
v -0.03507444 0.04491143 0.04160877
v -0.03591454 0.03260007 0.04490785
v -0.04144734 0.02479858 0.05850288
v -0.03709945 0.02661023 0.05823369
v -0.05592697 0.39939189 0.03543595
v -0.05624045 0.40958800 0.03179252
v 0.04243855 0.47423770 -0.04838852
v 0.03817037 0.46988700 -0.05068940
v 0.10344423 0.31157810 -0.00509010
v 0.10405864 0.32459800 -0.00185860
v 0.10570135 0.29769925 -0.01125450
v 0.10248161 0.30070098 -0.01119297
v 0.10772671 0.30712085 -0.00445165
v 0.10529809 0.36757499 0.03052207
v 0.11249808 0.35573630 0.02937416
v -0.04924560 0.28154970 0.08613146
v -0.04306964 0.27267516 0.08668543
v 0.10438722 0.01322068 -0.01213889
v 0.10856426 -0.00000000 -0.00753399
v 0.10999058 0.00710483 0.00090077
v 0.10788394 -0.00000000 0.00570784
v 0.10425451 0.37256400 0.02850396
v -0.07078984 0.02062497 -0.04547408
v -0.06843503 0.03295516 -0.03518102
v 0.00732957 0.32690738 0.11023827
v 0.00512990 0.32026801 0.11240303
v 0.01055680 0.32344661 0.10266204
v 0.07895951 0.06644153 -0.09728867
v 0.06925089 0.05359799 -0.11049971
v 0.08773014 0.06471501 -0.08861710
v 0.08368002 0.39476714 0.05375997
v 0.08556648 0.40055484 0.04771949
v 0.05876452 0.41355300 0.04764033
v 0.08310629 0.40073596 0.05303573
v 0.07686133 0.40997600 0.04837445
v 0.11259413 0.09599944 -0.05631990
v 0.10949560 0.08717942 -0.05858254
v -0.00499844 0.39180915 0.12238717
v -0.00974913 0.39784984 0.12036898
v -0.00792821 0.39101134 0.11960424
v 0.10447430 0.33835441 0.03626753
v 0.10748523 0.32146850 0.02983389
v -0.09184338 0.28670636 0.02808410
v -0.09468515 0.28433223 0.03088208
v -0.09966885 0.29900787 0.03311446
v -0.09329075 0.32511428 -0.01805194
v -0.09245458 0.32075523 -0.02008148
v 0.01390230 -0.00000000 -0.02260902
v -0.01806551 0.46572108 -0.07159396
v -0.00473102 0.47166053 -0.06358039
v -0.01062625 0.46473613 -0.06680194
v -0.00772769 0.47864920 -0.04832913
v -0.02366886 0.47620559 -0.05157633
v 0.09598507 0.19065116 -0.02744137
v 0.10016406 0.19608184 -0.02423359
v -0.07393390 0.45136802 0.01831183
v -0.06112662 0.46041884 0.01978277
v 0.06822282 0.17381706 -0.02880102
v 0.06810881 0.16988151 -0.02487212
v 0.06704669 0.15662421 -0.02416709
v -0.08481709 0.07534961 -0.08154134
v -0.06407124 0.05440534 -0.11030539
v -0.06696553 0.05065022 -0.10612762
v 0.07595614 0.03363860 0.05531915
v 0.08104450 0.02539815 0.05507605
v 0.06505087 -0.00000000 0.07400318
v 0.06320071 0.01087184 0.07923136
v 0.03763013 0.05073412 0.01732293
v -0.04740853 0.03662060 0.05889599
v -0.05247696 0.03840777 0.06014306
v 0.07626202 0.09458487 0.02815001
v -0.09517102 0.39792190 -0.01388718
v -0.09934810 0.38067592 -0.02086195
v -0.09760823 0.39189136 -0.01357981
v -0.09409793 0.40967643 -0.00777910
v -0.09014989 0.42024806 -0.01214778
v 0.07566830 0.10343432 0.01143338
v 0.06457550 0.09648591 -0.00510700
v -0.10742684 0.37094619 -0.00614842
v -0.00278463 0.15609607 0.04919840
v 0.00297801 0.15661704 0.05623883
v 0.06904610 0.36445796 0.06434249
v 0.07097461 0.34462485 0.07119423
v 0.05873622 0.35314811 0.07215689
v 0.09199165 0.14733439 -0.00627880
v -0.04589040 0.09619071 0.03890803
v 0.10770530 0.01277771 -0.00565408
v 0.10295272 0.02473225 -0.00141862
v 0.10686155 0.00764935 0.00623678
v -0.08700064 0.02135735 -0.02487948
v -0.07774998 0.01634250 -0.03659835
v -0.08941269 0.19007053 -0.02167723
v -0.09671246 0.31785417 0.04228946
v -0.09311738 0.32059959 0.04323771
v -0.09750671 0.30869235 0.04190137
v 0.09215377 0.27139200 0.04896360
v -0.09338047 0.35462333 -0.02478136
v -0.07500293 0.40052302 0.03384966
v -0.06192234 0.40167388 0.03200692
v -0.07675921 0.40577277 0.02601347
v -0.08025500 0.40020587 0.02800902
v -0.00519810 0.48246547 0.03532334
v -0.00358426 0.47898497 0.03359713
v -0.06569055 0.35329505 0.05708272
v -0.06174034 0.35547176 0.05792322
v -0.02361136 0.17853971 0.04842395
v -0.02802062 0.18712562 0.05472562
v 0.01005060 0.46432784 -0.06044205
v 0.00499813 0.46441710 -0.06385517
v -0.01157351 0.44656840 -0.07969714
v 0.09783890 0.37401626 -0.04548573
v 0.06773774 0.36715984 0.06558314
v -0.09262861 0.29205236 0.00102446
v -0.09524889 0.28320955 -0.00040175
v -0.06169389 0.00377111 0.01644716
v -0.05644166 -0.00000000 0.02845986
v -0.06515462 0.16585306 0.04168219
v -0.05762569 0.17029686 0.03695043
v 0.01418866 0.33132484 0.10133945
v 0.05661559 0.01019885 0.08261534
v 0.05717564 0.02242118 0.08086796
v 0.05162358 0.03390677 0.07618957
v 0.05015293 0.33769126 -0.08477978
v 0.03760837 0.33857959 -0.08499228
v 0.05079939 0.32429950 -0.08293090
v -0.08144033 0.09491879 -0.08970220
v -0.07927058 0.11476432 -0.07900822
v 0.02505290 0.00592866 0.04997383
v 0.02803353 -0.00000000 0.06972073
v -0.08944628 0.33374759 0.03218582
v -0.05374822 0.13829338 -0.02539533
v 0.01979744 0.05977642 -0.01549252
v 0.02875982 0.05552895 -0.02322087
v -0.05096994 0.33865615 0.06527939
v -0.05395604 0.34609306 0.06572052
v -0.05278537 0.35142162 0.06373314
v 0.05131214 0.03819779 0.07281820
v 0.04832036 0.03904746 0.06307326
v 0.05926407 0.03529873 -0.03011505
v 0.06270935 0.04041083 0.04844620
v -0.05692802 0.46732390 -0.03277667
v -0.05864533 0.45455813 -0.04201056
v -0.06438318 0.45169734 -0.04157178
v -0.06148581 0.44863910 -0.04521786
v -0.06623003 0.20459653 -0.04985799
v -0.06923526 0.22176727 -0.03704561
v -0.06784548 0.21495134 -0.04943377
v -0.06809252 0.45640334 -0.01275378
v -0.06498655 0.46452079 -0.00423348
v -0.05966170 0.46336173 -0.00330912
v -0.06757311 0.45956092 -0.00426876
v -0.08255762 0.43787723 -0.01518255
v -0.07909396 0.44889350 -0.01453112
v -0.07634240 0.44551299 -0.01736619
v -0.07419729 0.45803554 -0.01160151
v -0.10863455 -0.00000000 0.01878239
v 0.05564077 0.29541623 -0.07794491
v 0.04528357 0.29218803 -0.07324019
v -0.01525333 0.32390895 0.08699589
v 0.04546823 0.01323114 -0.11476188
v 0.04897544 0.02251774 -0.11888588
v 0.05461488 0.21761154 0.09481039
v 0.06395834 0.47601870 0.00480458
v 0.04800738 0.47970328 0.01227900
v -0.05707277 0.35257373 0.05710396
v -0.05866523 0.34500899 0.05947833
v -0.05395604 0.34609306 0.06572052
v 0.09449950 0.02823940 -0.01229807
v 0.08910732 0.03055170 -0.01019508
v 0.02437993 0.18564842 0.07714726
v 0.02245377 0.18764480 0.08440810
v -0.01231146 0.34504333 -0.09489698
v -0.03529518 0.33363765 -0.09217847
v -0.05011742 0.32416610 -0.08737417
v -0.07684941 0.40776809 -0.06098393
v -0.07290768 0.41738223 -0.06116982
v -0.05008305 0.38148177 -0.07972559
v -0.08248195 0.40140540 -0.05483753
v -0.07911434 0.40900786 -0.05886570
v -0.08482976 0.39803020 -0.05783126
v -0.08319596 0.39299850 -0.05725895
v -0.04916738 0.32736282 -0.08580897
v -0.05758352 0.31839458 -0.07890528
v 0.04473828 0.48015841 -0.01733446
v 0.05585461 0.47463992 -0.01816636
v 0.04887503 0.48089377 -0.02022309
v -0.02506659 0.48486361 -0.03281272
v 0.10488956 0.38896464 0.02717992
v 0.10143327 0.39618560 0.03301254
v 0.08426056 0.41819175 0.03605659
v 0.08636195 0.41856902 0.03296039
v 0.09757132 0.32591445 0.05071756
v 0.09844003 0.30787118 0.05024567
v 0.10084460 0.33059341 0.05003542
v 0.09962431 0.34776515 0.04342969
v 0.09740663 0.34188716 0.04854409
v -0.04292802 0.47513953 -0.04633531
v -0.08634393 0.29094663 0.05595560
v 0.03490150 0.02830167 -0.03594831
v -0.04390132 0.02214672 -0.01870384
v -0.04481925 0.01573760 -0.01452189
v -0.03988173 0.00741102 -0.02099148
v 0.05398154 0.24519189 0.10796881
v 0.05379711 0.23389459 0.10417653
v 0.09659442 0.40661323 0.02787096
v 0.10168961 0.40856978 0.02478256
v 0.09720324 0.40690433 0.03289611
v -0.09364159 0.36813892 0.01712310
v -0.09836947 0.38429004 0.01488099
v 0.09541316 0.20106744 -0.02949254
v 0.08501484 0.19832342 -0.03127036
v 0.07736156 0.20597637 -0.02658301
v 0.09009901 0.20548584 -0.02793904
v -0.03742057 0.02393482 -0.13325378
v -0.02516758 0.03247402 -0.14690603
v -0.09007115 0.13539271 0.02547882
v -0.09001798 0.14067749 0.01959498
v -0.10419637 0.38027923 -0.01524300
v -0.10588158 0.37859851 -0.02077541
v -0.10535836 0.38677760 -0.01374348
v -0.09835817 0.39630675 -0.01184741
v 0.07326015 0.37255088 -0.07095847
v 0.06447434 0.38466437 -0.07655929
v -0.00684630 0.35241744 0.08113045
v -0.09192323 0.41198047 0.00694624
v -0.09607134 0.41159286 0.01210267
v -0.05325423 0.46282203 -0.03666336
v -0.04560513 0.47036929 -0.03070967
v -0.03456673 0.47816913 -0.02942638
v -0.02607165 0.43552871 0.07611800
v -0.04617237 0.33684158 -0.07992986
v 0.07396641 0.20543722 -0.05172041
v 0.07324063 0.19409809 -0.05021557
v -0.01649229 0.47037978 0.03800203
v 0.02404754 0.20131219 0.11655082
v 0.02096231 0.21643241 0.11716064
v 0.01889780 0.20204708 0.11452100
v 0.01707521 0.21911827 0.11362549
v 0.03797405 0.47774474 0.02694068
v 0.04799548 0.47798285 0.01987321
v -0.04762641 0.04451779 0.02466321
v -0.01016777 0.10894431 0.01604337
v -0.00182515 0.09158208 0.01168963
v 0.00085912 0.10813397 0.01840191
v -0.00104547 0.08437908 0.00610782
v 0.00615925 0.09517407 0.01156736
v -0.04838370 -0.00000000 -0.01121093
v -0.04626528 0.01730597 -0.00964063
v -0.04837689 0.00509445 -0.00553034
v 0.04681011 0.38012260 -0.08730427
v 0.04736599 0.38539981 -0.08761851
v 0.09031383 0.43232699 -0.00298894
v 0.09694395 0.42170936 -0.00559803
v 0.09156469 0.02731842 -0.00497770
v 0.02920776 0.16399482 0.03892178
v 0.00004225 0.31826196 -0.07937959
v 0.08948654 0.14818983 0.00605691
v 0.08293403 0.12249402 0.00425040
v -0.01621395 0.43190501 0.08336506
v -0.01205125 0.43420794 0.08401467
v -0.00614016 0.21136674 0.10671150
v 0.07736156 0.20597637 -0.02658301
v 0.07753604 0.20319072 -0.03825252
v -0.01043609 0.23093107 0.10855368
v -0.01354639 0.24164823 0.10980248
v -0.01516628 0.22588415 0.11205904
v -0.02047900 0.21703733 0.11212742
v -0.02189273 0.21519399 0.10831532
v 0.04080831 0.05901687 0.05122884
v 0.08415041 0.03952084 -0.05637711
v 0.09211445 0.04506210 -0.05538094
v 0.07191706 0.02449383 -0.04823649
v 0.09939371 0.33692786 0.04527032
v 0.05314451 0.47945243 0.01314417
v -0.08721412 0.07444781 -0.07535044
v -0.07725098 0.05726897 -0.09007604
v 0.07515263 0.44925136 -0.03933556
v -0.08620010 0.00576881 0.09457582
v -0.09071387 0.01283686 0.08608416
v -0.09157898 0.00487079 0.08776317
v 0.05243485 0.03493611 0.01153461
v 0.05403823 0.04905540 0.01558003
v 0.06405369 0.41103396 -0.07409922
v 0.06428479 0.42161845 -0.07006456
v 0.06928288 0.41191066 -0.07332296
v 0.00543879 0.48733302 0.00066962
v -0.06125781 0.23123836 0.06930989
v -0.09346041 0.41270087 -0.02763504
v -0.09033525 0.41341270 -0.02867200
v -0.06112662 0.46041884 0.01978277
v -0.07393390 0.45136802 0.01831183
v -0.05870956 0.45888511 0.02403121
v 0.00144550 0.44795775 0.07818925
v -0.09573208 0.31127673 -0.03864247
v -0.09022291 0.31700008 -0.04495186
v -0.08529019 0.31656526 -0.05320506
v -0.04526902 0.47203551 0.02102913
v 0.07137206 0.25407602 0.09004611
v 0.06779677 0.03450570 -0.03374615
v 0.07196737 0.02918308 -0.03846036
v 0.07591558 0.03735875 -0.03857383
v 0.07511381 0.03173912 -0.05652102
v 0.07376526 0.03043277 -0.04434071
v 0.07191706 0.02449383 -0.04823649
v 0.07921480 0.44736823 -0.03685981
v 0.07421000 0.46159583 -0.01978611
v -0.08080418 0.02396109 0.02879248
v -0.07920542 0.02452897 0.02510006
v -0.07716371 0.02854345 0.02726096
v 0.06033011 0.40794227 -0.07676591
v -0.04056006 0.30711814 0.08857345
v -0.03752149 0.32402854 0.07980620
v -0.03563052 0.31996618 0.08438114
v 0.02256089 0.48211825 -0.01883422
v 0.09039040 0.01720458 0.02503630
v -0.08908934 0.20224210 0.03879169
v -0.09288762 0.21307535 0.03628850
v -0.05291258 0.04769777 -0.12251730
v 0.06724450 0.23770196 0.08259908
v -0.09794831 0.40697730 -0.01947923
v -0.09367255 0.31902478 -0.04327087
v -0.09264354 0.30147981 -0.04011602
v 0.09347968 0.32619834 0.05765588
v 0.09393120 0.31412565 0.06284876
v 0.09393120 0.31412565 0.06284876
v 0.09500996 0.30161983 0.06564565
v 0.07677785 0.01320920 0.03379956
v 0.08024804 -0.00000000 0.03605538
v -0.06378028 0.39747798 -0.07161558
v -0.05016334 0.41883121 -0.08072625
v -0.05963400 0.41049937 -0.07331535
v 0.09640153 0.39616870 -0.03970706
v 0.09839695 0.39781951 -0.03200344
v 0.06423725 0.10043789 -0.12297270
v 0.05863742 0.11413710 -0.12043702
v 0.09802397 0.41538737 -0.00092064
v -0.05947547 0.44770526 -0.05099151
v -0.06309259 0.44838080 -0.05094860
v 0.09226325 0.19720762 0.02926878
v -0.03586674 0.01753762 -0.15976847
v 0.08275072 0.34379153 0.06248715
v 0.08554214 0.33026221 0.06406754
v -0.08336127 0.43379848 -0.01163058
v -0.09029962 0.42519977 -0.01047266
v -0.08161429 0.43912517 -0.00663489
v -0.08999269 0.42253211 -0.01485558
v -0.06394562 0.21070213 -0.05800092
v -0.06639705 0.21739149 -0.05720086
v -0.04909272 0.44895209 0.03005624
v -0.03891095 0.44301898 0.03498219
v -0.04836697 0.05664916 -0.13214157
v -0.03851888 0.43768954 -0.08014631
v -0.05504598 0.41925590 -0.07139595
v -0.06177723 0.40900970 -0.06848086
v -0.07290641 0.32809535 -0.06471041
v -0.05097410 0.03807523 -0.02538472
v 0.09297323 0.29700717 0.05119886
v 0.09201665 0.31058778 0.05950496
v 0.09160770 0.31791751 0.05636811
v -0.09510326 0.01325164 0.01705587
v -0.01588407 0.33433410 -0.09003200
v -0.00383474 0.34385757 -0.09039630
v -0.00428576 0.33710426 -0.09119010
v 0.11081716 0.32428603 0.03745387
v 0.11004548 0.33382411 0.03896591
v 0.05530107 0.07536636 -0.01582309
v -0.04467844 0.47537051 -0.01216007
v -0.04754701 0.47591716 -0.01713924
v -0.03964810 0.48448039 -0.00187224
v -0.10050598 0.35972053 -0.00247659
v -0.08507258 0.36094608 0.03631174
v -0.08010335 0.37413612 0.02918952
v -0.08268200 0.35688216 0.03977834
v -0.08323348 0.26211112 0.04500588
v -0.08452408 0.24599233 0.03601363
v -0.08369488 0.10665046 -0.08363673
v 0.03623633 0.45984355 -0.07348389
v 0.03011477 0.34610400 0.09063940
v 0.02707503 0.35131999 0.08599797
v 0.03197777 0.35738681 0.08541805
v 0.09702124 0.21808914 0.03441588
v 0.09787202 0.19938474 0.02646028
v -0.02810853 0.33344459 0.07796998
v 0.05980845 0.08724538 -0.01125816
v 0.06114945 0.08105119 -0.01291090
v -0.02172397 0.07024851 -0.14763528
v -0.00630361 0.05103158 -0.15327861
v -0.08976103 0.05997975 -0.06251294
v -0.08946851 0.05867645 -0.05608389
v 0.10844108 0.30551618 0.02566381
v 0.11003546 0.31394264 0.02725830
v 0.09377602 0.20817899 0.03671325
v 0.09581089 0.29234960 0.06483882
v 0.09485294 0.08648051 -0.00573970
v 0.08599574 0.13424628 0.00702360
v -0.07906528 0.08528339 0.03999145
v 0.05539015 0.40341582 0.05372291
v 0.05488459 0.41897597 0.04843776
v 0.07511556 0.39307822 0.05387682
v 0.06349228 0.40054198 0.05092586
v 0.07547975 0.43696639 0.03343922
v 0.07003881 0.44363410 0.03210995
v 0.08269651 0.23589443 -0.01741562
v 0.08350739 0.23755517 -0.00808088
v -0.08862281 0.03197262 -0.00793390
v -0.01620450 0.24350192 0.10368273
v -0.02142464 0.25414775 0.10108528
v -0.03180447 0.24641708 0.09581028
v -0.07091928 0.35801677 0.05166119
v -0.07335293 0.36012004 0.04860423
v -0.01036950 0.45337825 0.05113543
v -0.01036950 0.45337825 0.05113543
v -0.00130156 0.45596335 0.05050389
v -0.02164793 0.33789142 0.07995490
v -0.01857057 0.32622833 0.08595586
v -0.01682861 0.33708869 0.08118449
v -0.01219159 0.32099948 0.09902267
v -0.01276009 0.32893462 0.09045310
v 0.05763119 0.21657173 0.05920016
v 0.05287353 0.20651096 0.05078794
v 0.04897286 0.19924058 0.04488047
v -0.03113371 0.20014778 0.06569704
v -0.03384228 0.20494600 0.07542784
v -0.03820422 0.21134962 0.07128175
v -0.00067762 0.24727992 0.10895910
v 0.00996287 0.22565235 0.11196270
v 0.03597305 0.03606648 0.01954044
v 0.02714795 0.04689434 0.02418869
v -0.05440035 0.05199461 0.01764464
v 0.06639367 0.34433124 -0.07714860
v -0.05458708 0.17703096 -0.06951505
v 0.10233102 0.39786624 -0.03079419
v 0.09771734 0.40243251 -0.02394060
v -0.04615483 0.22997228 0.08223957
v -0.05215007 0.23748226 0.08047601
v -0.04384521 0.21887821 0.07122768
v -0.05008522 0.24746766 0.08711748
v -0.10656144 0.33569297 0.01529076
v -0.10186421 0.31977437 0.00318307
v -0.10518480 0.32988982 0.00978153
v 0.10511935 0.00684173 0.01465969
v 0.05814528 0.17330387 0.03076019
v 0.06503181 0.17769950 0.03747337
v -0.05384259 0.30464460 0.08246283
v -0.08283335 0.23916654 -0.00997564
v 0.00433502 0.14004690 0.03778894
v 0.00198907 0.12177333 0.02554995
v -0.06253946 0.23700033 -0.05881186
v -0.05451431 0.23799072 -0.06732136
v -0.06679592 0.22685075 -0.05552516
v -0.08325783 0.05038588 -0.05205218
v -0.08140672 0.04515980 -0.04849393
v 0.02133677 0.19550161 0.11223613
v 0.02345267 0.19364772 0.11021354
v -0.08696315 0.42401038 -0.01674179
v -0.08979567 0.42294730 -0.02005328
v -0.08986090 0.41427276 -0.01792631
v 0.08205664 0.31173593 -0.06103848
v 0.08520567 0.30890222 -0.04997887
v -0.10136530 0.34920154 0.01563278
v 0.09986219 0.06326897 -0.02458900
v 0.10053770 0.05678639 -0.03740536
v 0.11791037 0.08912350 -0.01990098
v 0.04034096 0.40666785 -0.08698365
v 0.03670856 0.41357486 -0.09190298
v 0.04973592 0.40672168 -0.08769789
v -0.03058402 0.39369147 0.11316313
v -0.02446238 0.38824988 0.11604266
v 0.08574735 0.44857062 -0.03641728
v 0.08327339 0.44542315 -0.02720280
v 0.07477822 0.45415564 -0.02854191
v 0.07407422 0.25107553 -0.05407248
v -0.07521408 0.42676410 -0.05008352
v -0.06583849 0.43800773 -0.05223574
v -0.03157193 0.43225749 -0.08024695
v -0.02332368 0.44091948 -0.08251377
v -0.03522534 0.43497497 -0.08085123
v 0.04697607 0.04150876 0.05722816
v -0.06541568 0.03225868 0.06562019
v -0.07620221 0.11708949 0.04796912
v -0.08811003 0.10935492 -0.07584702
v 0.10703958 0.35441554 0.00177926
v 0.04327255 0.43643393 0.06898896
v 0.04427178 0.43943027 0.06276717
v 0.03674197 0.44272017 0.07220900
v 0.03544171 0.00439534 -0.03000344
v 0.03046992 -0.00000000 -0.03075782
v 0.10618971 0.13199786 -0.03991222
v 0.10330300 0.13365521 -0.03532625
v 0.09663527 0.13226111 -0.04346442
v -0.08987648 0.34579658 0.03639831
v 0.07708504 0.45724124 -0.03500931
v 0.08546726 0.28444234 0.07628227
v 0.08638028 0.28306371 0.07973511
v 0.07503001 0.28300584 -0.04115772
v 0.08097682 0.28424856 -0.03070677
v 0.08357855 0.27165664 -0.02641223
v 0.08079618 0.27555904 -0.03264234
v -0.09931040 0.30974868 0.01556639
v -0.09433227 0.29575122 0.00764044
v -0.06445834 0.18914930 -0.02473681
v -0.05094777 0.26739192 0.08910713
v -0.06084939 0.25661874 0.08951992
v -0.05643879 0.27319867 0.09142720
v -0.08007967 0.36873199 0.03830937
v -0.08753740 0.36286880 0.04182380
v -0.10472790 0.30905206 0.01905176
v -0.09921798 0.33010280 0.02618334
v -0.08999075 0.35758804 0.03977445
v -0.08864360 0.35264369 0.04232739
v -0.02262507 0.41779922 0.08476132
v -0.02602957 0.41751376 0.07980391
v -0.02601477 0.41384860 0.08682140
v 0.06928288 0.41191066 -0.07332296
v 0.06920075 0.42016913 -0.07100527
v 0.09814082 0.33484317 -0.03638252
v 0.09619682 0.33581947 -0.03956222
v 0.09584824 0.34535011 -0.05556846
v 0.09712164 0.33503337 -0.04429392
v -0.04752070 0.05815653 0.01765251
v -0.05440035 0.05199461 0.01764464
v -0.01178668 0.06570031 -0.15037058
v -0.01286943 0.08232415 -0.14782707
v -0.02552338 0.33542320 -0.09512095
v -0.01509556 0.33871860 -0.09098497
v 0.07840307 0.45757205 -0.00876287
v 0.08050481 0.45033500 -0.01710400
v 0.07220472 0.46069438 -0.00949393
v -0.05396915 0.27275516 0.09206822
v 0.03644343 0.32901912 0.08836757
v 0.04094797 0.33812530 0.08764773
v 0.03173995 0.33053825 0.09944874
v 0.00101843 0.18325063 0.09991521
v 0.00314528 0.17552248 0.09788900
v -0.07309408 0.44960551 -0.01063468
v 0.04261690 0.03301221 0.06195041
v 0.10420748 0.37756290 -0.01972868
v 0.05919776 0.44923423 0.03954960
v 0.05599762 0.45114043 0.03488588
v 0.05517159 0.35080100 0.07684608
v -0.09113913 0.34994453 0.04122665
v 0.07402452 0.30997613 0.08059992
v 0.06979033 0.29878169 0.08165128
v -0.08156489 0.18295335 -0.03043093
v -0.08772679 0.18094101 -0.02774019
v 0.08070805 0.23682279 -0.04769820
v 0.07265916 0.31314655 0.08675910
v 0.07218003 0.31047647 0.08249746
v 0.07352659 0.31925046 0.08128674
v 0.07220050 0.32431270 0.08580995
v 0.02396843 0.37103168 -0.09077099
v -0.05565875 0.15537496 -0.06129330
v -0.09165641 0.38056529 0.01795484
v -0.09356333 0.37511138 0.02054245
v -0.06916864 0.03416607 0.06301728
v -0.07256182 0.03293820 0.06832025
v -0.08033718 0.06239941 -0.01936807
v 0.08321044 0.40418811 0.04905515
v -0.07594084 0.44630134 0.01717096
v -0.08336798 0.42448478 0.01116025
v 0.09115409 0.41116298 0.04330354
v 0.07959334 0.45480723 0.00949398
v 0.08816205 0.44521892 0.00436295
v 0.08729691 0.45129497 0.00344012
v 0.10968177 0.31898998 -0.01766486
v 0.11001517 0.33631446 -0.00873969
v 0.11288713 0.32851985 -0.00969254
v -0.06447137 0.45036422 -0.03943447
v -0.01712287 0.19603326 0.09244550
v -0.01910946 0.19518125 0.09787943
v -0.07092935 0.13603102 -0.01905384
v -0.06698332 0.14349068 -0.02187362
v -0.06739965 0.13716681 -0.02253415
v -0.03368642 0.48114978 0.02265070
v -0.03192009 0.48246508 0.01025436
v -0.03497201 0.48487128 0.00876968
v -0.03079437 0.19689992 0.05815761
v -0.05822780 0.11358099 -0.12777665
v -0.04508432 0.10585823 -0.13596552
v -0.08592787 0.24660226 -0.01885759
v -0.07653613 0.42584998 0.02320309
v -0.07892016 0.43421775 0.02181169
v 0.00639539 0.14510553 0.04364763
v 0.01147813 0.14754955 0.03725644
v -0.07687447 0.41340964 0.02126089
v -0.07354531 0.41899974 0.02192032
v -0.07423807 0.41571692 0.02567155
v 0.03351178 0.42546508 0.08045139
v -0.04762074 -0.00000000 0.05323056
v -0.05644166 -0.00000000 0.02845986
v -0.04695765 -0.00000000 0.04098210
v -0.04585407 0.00870235 0.04460376
v -0.04762074 -0.00000000 0.05323056
v -0.04695765 -0.00000000 0.04098210
v -0.03873621 0.01147206 -0.02388371
v -0.03609005 -0.00000000 -0.02961246
v 0.09904081 0.38155246 0.05197111
v 0.10236085 0.37515147 0.04806158
v 0.09056574 0.39318564 0.04934871
v -0.09150994 0.19964296 -0.00579438
v -0.08645361 0.22862701 0.00495759
v 0.10477795 0.10922252 -0.00996847
v -0.05151028 0.44683368 -0.06419639
v 0.02446376 0.25967298 0.11120310
v 0.07495333 0.35779235 0.06836653
v 0.07817323 0.34604938 0.07364996
v -0.03428675 0.22369840 0.09416386
v 0.09613296 0.42483104 0.02113198
v 0.09463307 0.42667014 0.02796801
v 0.09576683 0.42670703 0.03209835
v 0.10085516 0.41954719 0.02469832
v 0.08386642 0.25590568 0.06057969
v -0.08791649 0.40220862 0.02286729
v 0.08202065 0.45334800 -0.02013258
v 0.07450058 0.45993548 -0.01717737
v 0.07261885 0.46258239 -0.01201742
v 0.07610243 0.45580104 -0.02529845
v 0.08248423 0.45174731 -0.02490234
v -0.03609005 -0.00000000 -0.02961246
v 0.08757232 0.43972274 -0.02262762
v -0.09077912 0.28029815 -0.02853144
v 0.09790202 0.37829288 0.04605872
v 0.04337679 0.41682345 0.07996069
v 0.04752269 0.41905181 0.06419704
v 0.03964812 0.42495131 0.07431722
v 0.06795497 0.19197017 0.03889965
v -0.03081066 0.33833736 0.07737534
v -0.03726839 0.33836219 0.07293835
v -0.03028320 0.35320975 0.06670602
v -0.02707084 0.37052222 -0.09074385
v 0.07245111 0.44103545 0.02734690
v 0.06721248 0.44916511 0.02555473
v -0.00110301 0.16202390 0.06805424
v -0.10262609 0.33641685 -0.00160796
v 0.10451607 0.31035978 0.01317160
v 0.10937611 0.32641456 0.01674443
v -0.05455616 0.10831127 0.04516066
v -0.05241824 0.11848763 0.04084525
v 0.08946378 0.25564744 -0.00386355
v 0.08881508 0.25473159 -0.00984712
v 0.08350739 0.23755517 -0.00808088
v 0.07564049 0.23982585 0.06483018
v 0.06466128 0.22954402 0.06702513
v -0.05445574 0.26656467 -0.05729988
v 0.09068617 0.19469106 -0.03147508
v 0.08136016 0.17952501 -0.02754923
v -0.07273127 0.38264823 -0.06205333
v -0.07169250 0.39147666 -0.06519399
v 0.06589574 0.13655837 -0.02241269
v 0.06812158 0.12957944 -0.01757427
v 0.08449020 0.01303800 0.05282325
v 0.08377162 0.01229786 0.05702413
v 0.10154777 0.31414989 0.04622416
v 0.01111308 0.32997596 0.10172214
v -0.09313187 0.35453635 -0.02828981
v 0.01084274 0.31106704 0.10040513
v 0.00720101 0.30166641 0.10175816
v 0.07384219 0.46102652 -0.00339612
v -0.02607045 0.47769534 -0.05840049
v -0.02857591 0.47034152 -0.05975409
v -0.02389499 0.47505710 -0.05494832
v -0.00879987 0.48097083 -0.05150272
v -0.03167581 0.00640549 -0.03026545
v -0.03609005 -0.00000000 -0.02961246
v -0.02908662 -0.00000000 -0.03003684
v -0.07211692 0.44672690 -0.02558958
v -0.08587853 0.31843868 0.05120503
v -0.08421712 0.31440263 0.04793328
v -0.08992511 0.29682161 0.04835736
v -0.08270010 0.33467021 0.05477928
v -0.07157175 0.37568946 0.04109424
v -0.07496964 0.37916804 0.03966907
v -0.07756476 0.37126216 0.04127857
v -0.05456245 0.38987693 0.03819756
v -0.04295476 0.18205417 0.02504793
v -0.03671115 0.17845523 0.02046025
v -0.03352008 0.17976301 0.02502166
v 0.07166232 0.11647072 -0.01413114
v 0.06768671 0.12319474 -0.01638565
v 0.05601459 0.22794080 0.10143356
v 0.05103258 0.22198749 0.09699675
v -0.01210501 0.42654284 0.10794035
v -0.01313223 0.41723205 0.12441453
v -0.02657291 0.12432509 0.01195634
v -0.02568310 0.10892035 0.00956007
v 0.06904610 0.36445796 0.06434249
v 0.07495333 0.35779235 0.06836653
v 0.07428181 0.37623847 0.06342797
v 0.06330593 0.37694152 0.06140780
v 0.06773774 0.36715984 0.06558314
v 0.10333270 0.02241761 -0.00787867
v -0.09332501 0.30496816 -0.00860933
v -0.09332501 0.30496816 -0.00860933
v 0.04512113 0.43975989 -0.07936357
v 0.10471480 0.30649673 -0.02308575
v -0.05166943 0.18526565 0.03479031
v -0.04373488 0.17789575 0.02509413
v -0.09616689 0.39682185 0.02061373
v -0.05477767 0.06182994 0.01728540
v 0.03583142 0.20613767 -0.10061626
v 0.04924185 0.21133327 -0.09207383
v 0.00012809 0.14445788 0.04474713
v 0.03586311 0.35768428 -0.09368770
v 0.05117982 0.05387775 -0.02482864
v -0.07552057 0.35536952 -0.06552785
v -0.07386114 0.35660312 -0.06375900
v -0.08568324 0.34818431 -0.05801767
v -0.06851034 0.00000000 0.09376162
v -0.07353072 0.00000000 0.09391990
v 0.09395798 0.26376682 0.01167558
v 0.09704577 0.26227914 0.00563974
v 0.06928127 0.09072330 -0.11731157
v 0.07418728 0.09115254 -0.10859984
v 0.07937707 0.30043636 0.07362271
v 0.03873734 0.45677730 0.03977451
v 0.02856012 0.45395019 0.04440771
v 0.01662820 0.45699950 0.04586249
v 0.01767502 0.04396889 0.05164586
v 0.02636673 0.07079024 0.04186102
v 0.09805025 0.10929518 -0.07396878
v 0.09477791 0.09700362 -0.08211201
v 0.11187147 0.12877358 -0.03931698
v 0.11065794 0.11814408 -0.05262254
v 0.06684514 0.42792224 0.04259845
v 0.10079909 0.38583774 -0.02161375
v 0.10444312 0.38304385 -0.02723505
v -0.09198636 0.40094226 0.01357997
v -0.08359216 0.30085037 -0.04502830
v -0.08735766 0.29721841 -0.03890998
v 0.07234559 0.02746242 0.02726593
v 0.02657951 0.38688415 0.11088523
v 0.02639916 0.37934836 0.10052953
v 0.03089662 0.38180099 0.10185262
v 0.08556338 0.36999786 0.06188439
v 0.08236251 0.38430118 0.05427296
v 0.10406688 0.29132688 0.04312840
v 0.10468648 0.29280643 0.04029535
v 0.02549725 0.48425883 -0.01496555
v 0.03004048 0.23196647 0.11178343
v 0.03833917 0.23700382 0.11558612
v 0.03595972 0.23385017 0.11503285
v 0.03992910 0.22079050 0.11539602
v 0.07828659 0.21174766 -0.04171571
v 0.01939547 0.38762427 -0.10190771
v -0.08070786 0.03865670 -0.03595810
v -0.08070786 0.03865670 -0.03595810
v 0.04752951 0.19471450 0.03872128
v 0.07016498 0.46996707 0.00099132
v -0.05524781 0.38049075 0.04100482
v -0.06697538 0.37095592 0.04485504
v -0.03847727 0.02592570 0.04618599
v -0.03428036 0.02860776 0.05201155
v 0.02102370 0.04372265 0.05349677
v -0.06139791 0.02544053 -0.09478526
v 0.08668753 0.13093098 0.03677363
v 0.04664259 0.41088569 0.07649736
v 0.04734395 0.40125632 0.07494757
v 0.05657767 0.05356193 -0.12273596
v 0.04203416 0.40763454 0.08731149
v 0.07178424 0.01656689 -0.05050038
v 0.08365275 0.32837531 0.07310924
v -0.02332617 0.33181846 0.07901545
v -0.01912213 0.32192538 0.08293918
v -0.01239476 0.31850103 0.08518353
v -0.05986588 0.38285030 0.04295531
v -0.10863455 -0.00000000 0.01878239
v -0.10991837 -0.00000000 0.00923850
v 0.04354330 0.48111808 -0.03143701
v -0.09254144 0.09676895 -0.01711915
v -0.09963174 0.09461439 -0.02239968
v -0.08477623 0.09059178 -0.01898130
v -0.04827607 0.06622563 0.01759834
v -0.00634591 0.19758102 0.10943322
v -0.00655735 0.20239521 0.10637373
v 0.00266489 0.43085982 -0.08615188
v -0.00788447 0.41917106 -0.09526552
v -0.00110534 0.43066169 -0.08762486
v 0.00002958 0.42426192 -0.08812124
v 0.03624858 0.33489997 -0.08675800
v 0.04669176 0.33357253 -0.08120790
v 0.04373459 0.43847129 -0.08650591
v 0.06252028 0.14997296 -0.09896096
v -0.08564173 0.24551155 -0.00911754
v -0.08161429 0.43912517 -0.00663489
v -0.07217734 0.44736686 0.00206656
v -0.00061186 0.21572898 0.11621211
v -0.00149765 0.23247062 0.11209265
v 0.07142986 0.25479892 0.07764619
v -0.09736404 0.28982164 -0.02370245
v -0.05473695 0.33930339 0.06125726
v -0.06111327 0.34535796 0.05768105
v 0.02104265 0.38874152 -0.09543772
v 0.03575165 0.38062900 -0.09845120
v 0.02044910 0.38891624 -0.09890781
v 0.00857534 0.39924815 -0.09674035
v -0.04283672 0.14280528 -0.11601957
v -0.05282088 0.12562831 -0.10983032
v 0.03040630 0.37511001 0.09831634
v 0.06862921 0.24198518 0.07371821
v 0.01787597 0.48843596 0.02643332
v 0.02401764 0.49096072 0.01323485
v -0.00592932 0.35261916 0.11117826
v -0.01049435 0.36318534 0.11748737
v -0.00503378 0.35169215 0.10763339
v 0.07073773 0.38105319 -0.07518529
v 0.06759063 0.37528392 -0.07662577
v 0.06557565 0.46497695 -0.02543958
v 0.07155305 0.46208129 -0.02932375
v 0.07624325 -0.00000000 -0.04410640
v 0.07624325 -0.00000000 -0.04410640
v 0.02477507 0.07405418 -0.14674210
v 0.04252635 0.19053398 0.05052729
v 0.03993595 0.18394916 0.05709790
v 0.02970025 0.17716001 0.06196370
v 0.03025274 0.17636530 0.05630616
v -0.06767207 0.34085540 -0.06774132
v -0.06589441 0.33408176 -0.06598966
v 0.03656828 0.18355035 0.05034846
v 0.02725675 0.16617605 0.04236365
v 0.03264738 0.17392755 0.04786583
v 0.10320761 0.20400659 0.01145073
v 0.10236610 0.20158784 -0.00492231
v -0.06655537 0.25128257 0.07358007
v 0.03047301 0.42456950 -0.09486509
v 0.04299767 0.41576598 -0.09440568
v -0.07634767 0.37631171 -0.06553965
v -0.07841071 0.37487052 -0.07012960
v 0.11967818 0.11381221 -0.03862979
v 0.11601336 0.12141662 -0.02568351
v 0.09416409 0.34348563 -0.04714954
v 0.09105172 0.35297107 -0.06318089
v 0.05574430 0.25033203 0.10690625
v 0.05665479 0.23655096 0.10621746
v -0.03730009 0.03114304 -0.02293065
v -0.04135819 0.02522378 -0.02454138
v 0.02031884 0.43302760 -0.09226135
v 0.03971195 0.42199237 -0.09421599
v 0.02165349 0.42689399 -0.08988767
v -0.00989139 0.42070601 -0.09444831
v -0.00923622 0.41479285 -0.09314465
v 0.01520110 0.49074923 -0.00061277
v 0.10097962 0.29160302 0.02513658
v 0.06470576 0.47110900 0.02693782
v 0.06470576 0.47110900 0.02693782
v -0.00689323 -0.00000000 -0.16210483
v -0.00147670 0.00000000 -0.15550179
v -0.09694795 0.30591134 0.00092739
v -0.11240158 -0.00000000 -0.00426271
v -0.11179154 -0.00000000 0.00563394
v -0.09148058 0.36360381 -0.06172389
v -0.03582406 0.13188737 0.02665240
v -0.03252289 0.13896830 0.01782477
v -0.03222324 0.11681573 0.01702531
v -0.09183864 0.28073158 0.05139227
v -0.09299013 0.28402776 0.04876478
v -0.09423488 0.29300922 0.05248933
v 0.08906614 0.33330810 -0.05362923
v -0.11055669 0.00977916 -0.00674446
v -0.04728231 0.45493457 -0.06962825
v -0.02927724 0.46800040 0.03861274
v -0.02439225 0.46132636 0.03893478
v 0.02469867 0.09954669 0.00351365
v 0.00894309 0.37412559 -0.09807316
v -0.01620661 0.41000930 -0.09403028
v -0.03841179 0.31002776 0.09000120
v 0.09730987 0.13119605 -0.02072484
v -0.03792610 0.17210565 0.02272185
v -0.04788880 0.34988036 -0.08595314
v -0.07462920 0.06073307 -0.09705745
v -0.09693537 -0.00000000 0.02752074
v 0.00049416 0.06141948 -0.00782136
v -0.00889487 0.06464786 -0.00482065
v -0.04355237 0.45577498 -0.07333368
v -0.02643872 0.45937159 -0.07147707
v -0.03739789 0.46144336 -0.07237840
v 0.04057541 0.42103862 -0.08847350
v 0.05163198 0.40925418 -0.08591471
v 0.04972765 0.41234454 -0.09130709
v 0.02631181 0.43001700 -0.08873993
v -0.03816823 0.34851817 -0.09227911
v -0.01544800 0.36066264 -0.09568004
v 0.07651315 0.41208674 -0.06211328
v 0.05812545 0.41088855 -0.08052027
v -0.08192650 0.28001373 0.06240508
v -0.08334386 0.26940370 0.06630680
v 0.10701505 0.33578086 0.00944410
v 0.10972219 0.34676444 0.01812556
v 0.01385590 0.05598180 -0.01181455
v -0.09217027 0.36482570 0.02704600
v -0.08236638 0.06087868 -0.03723551
v -0.08159511 0.24015405 -0.00074010
v -0.07736211 0.22834682 -0.00838139
v 0.02773877 0.19048116 0.09437990
v -0.02915032 0.46039405 -0.07377776
v 0.10484215 0.32289077 0.00892957
v -0.06964658 -0.00000000 -0.08041830
v -0.06531506 0.00355483 -0.06981301
v -0.04413370 0.44030086 -0.07644781
v -0.01161332 0.29022807 0.10259185
v -0.01209112 0.29776948 0.09397605
v -0.00996231 0.30576089 0.09348077
v -0.06653219 0.11329287 -0.11988986
v -0.05822780 0.11358099 -0.12777665
v -0.03609005 -0.00000000 -0.02961246
v -0.01222660 0.30573404 0.09046276
v -0.00812123 0.37137107 0.12161411
v -0.00931669 0.38413192 0.12052433
v -0.01377400 0.37280173 0.11953377
v -0.01591227 0.38853305 -0.09642524
v 0.00261277 0.29242856 0.10132240
v 0.00736997 0.35001720 -0.09698028
v -0.05127674 0.41929008 0.05571178
v -0.05154477 0.41584033 0.04317366
v -0.06824309 0.30415210 0.06983611
v -0.06824309 0.30415210 0.06983611
v -0.04844645 0.43976294 -0.08015624
v -0.05313838 0.43241992 -0.07288453
v 0.07624568 0.12035234 -0.01661045
v 0.08040557 0.10891335 -0.00986256
v -0.04231509 0.22657468 -0.08332190
v 0.03505332 0.12509270 0.01889064
v -0.05504137 0.41546294 0.03157404
v -0.05624045 0.40958800 0.03179252
v -0.02895928 0.20370826 0.08544206
v 0.05540360 0.45464011 0.02662349
v 0.04803507 0.45941111 0.02361036
v -0.08308790 0.10043381 -0.01564697
v -0.08094584 0.09946629 -0.01291670
v 0.08077047 0.34331493 0.07209495
v -0.04741431 0.09113409 0.01052065
v -0.04771321 0.07898665 0.01461466
v -0.02056085 0.12402862 0.01737695
v -0.03801105 0.48530738 0.00694403
v 0.07513494 0.45705848 0.01695613
v 0.10104783 0.40095855 -0.01449433
v 0.09902342 0.39570602 -0.01871584
v 0.00989661 0.34883788 -0.09626294
v 0.02094595 0.33801120 -0.09333236
v -0.08001920 0.43379477 -0.03162537
v 0.00275373 0.35324805 0.09080595
v -0.08769712 0.42383933 -0.03603072
v 0.04120101 0.21415815 0.10075891
v -0.06025109 0.42498839 -0.06343848
v -0.06025109 0.42498839 -0.06343848
v 0.10462559 0.41512042 -0.00788589
v 0.10021585 0.41157107 -0.01054914
v 0.01706945 0.33644641 -0.09902921
v -0.08456671 0.26448066 0.03093303
v 0.03391122 0.28846980 0.10260093
v 0.01799988 0.12572410 0.02084303
v 0.01319435 0.11514465 0.01923634
v -0.01350663 0.36918250 -0.09447259
v -0.03083067 0.44662364 0.04150825
v -0.02862216 0.45036502 0.03824832
v 0.01537334 0.35588920 0.10555819
v 0.06602723 0.03145042 0.02071040
v 0.06959508 0.03070694 0.02348812
v -0.02359529 0.23217914 0.10295548
v -0.02270083 0.48240146 -0.02577545
v -0.07270736 0.44605411 -0.03158549
v -0.05929171 0.31369138 0.07115083
v -0.05034868 0.37516559 -0.08596824
v -0.03118893 0.38034133 -0.09361777
v -0.05446638 0.37019614 -0.08960946
v -0.06159002 0.36354411 -0.08258174
v -0.06353465 0.18817974 -0.04664548
v -0.06160756 0.18899915 -0.02881780
v -0.06054409 0.17973812 -0.02660250
v 0.10254676 0.36495395 -0.01172138
v -0.07535998 0.01642827 -0.04058577
v 0.00030788 0.40256259 -0.09143635
v -0.09929347 0.34238292 -0.01177232
v -0.05949175 0.01874479 0.01214379
v -0.07078984 0.02062497 -0.04547408
v 0.06654089 0.37903270 -0.08002569
v -0.07061626 0.34043765 -0.06217298
v 0.07080910 0.12956588 -0.07773782
v -0.02843591 0.46420672 -0.07434923
v -0.01672796 0.46751632 -0.06980056
v -0.08119994 0.33558238 0.05620827
v -0.07693551 0.32976360 0.05441513
v -0.07370056 0.34662723 0.05017955
v 0.05372009 0.06323224 0.01373215
v -0.07792101 0.09663087 0.00971282
v -0.05263427 0.38125362 0.04251551
v -0.05380684 0.39420230 0.03745045
v 0.05763119 0.21657173 0.05920016
v -0.03304973 0.35639453 0.06449651
v -0.03653225 0.36097896 0.05903920
v -0.04157198 0.36483504 0.05457349
v -0.07839869 0.13558649 -0.05160492
v 0.05402890 0.23317069 -0.07972796
v 0.03024545 0.00553889 -0.03572060
v 0.06846165 0.45280307 -0.03926415
v -0.00666570 0.02822857 -0.16338659
v -0.09640335 0.01379445 0.04184547
v 0.04384203 0.28099655 0.10270351
v 0.04375875 0.27694215 0.09897325
v 0.04839442 0.29289216 0.10024106
v 0.04598887 0.29770763 0.10251979
v 0.04186143 0.30706985 0.09991975
v 0.10277198 0.33722972 0.04409889
v -0.03641597 0.38256579 -0.09235409
v -0.01792421 0.38487926 -0.09851048
v -0.01798116 0.24430204 0.10175871
v -0.07516393 0.38855636 0.03824291
v 0.08609955 0.44208934 0.01929294
v 0.07845097 0.44317176 0.02360785
v -0.01559933 0.35027618 -0.08917219
v 0.09571355 -0.00000000 0.02391295
v 0.10444031 -0.00000000 0.01801233
v -0.09274161 0.33231040 -0.02286904
v 0.03184058 0.12781983 0.00963406
v 0.03061219 0.11752582 0.01327597
v 0.11524596 0.34568233 0.02771789
v 0.11046853 0.34439872 0.02702881
v 0.10856652 0.35259853 0.03065130
v 0.01698065 0.41864985 0.10538665
v 0.10114481 0.28909526 -0.01117521
v 0.04824771 0.37561248 0.06673181
v 0.05458370 0.39418799 0.05731463
v 0.04730514 0.05016771 -0.13444709
v 0.03012043 0.44528624 -0.08724410
v 0.05342734 0.42480006 -0.08405092
v 0.02251615 0.44552157 -0.08007354
v 0.09274449 0.29538776 -0.03778707
v 0.07271906 0.02419705 0.07008282
v 0.06011110 0.47338775 -0.02379902
v -0.04228773 0.30470878 0.08388634
v -0.04349417 0.32261688 0.07181152
v -0.08454946 0.20993167 0.04619586
v -0.01317247 0.01933976 -0.01908007
v 0.06461118 -0.00000000 -0.05729905
v 0.05616527 0.03521359 0.07500103
v -0.06474651 0.31681134 0.06914689
v -0.06304273 0.30815648 0.06787218
v -0.06223231 0.33156234 0.06450941
v 0.08361358 0.23928638 -0.02868236
v -0.08662050 0.36928966 -0.04004019
v -0.08936166 0.35752132 -0.03325001
v -0.03068491 0.42896865 -0.09000732
v -0.01217939 0.43771861 -0.08825400
v 0.05376642 0.26745931 0.09538420
v 0.05409988 0.26758897 0.09997404
v 0.05424158 0.25606113 0.10018144
v 0.05611205 0.25317029 0.10337074
v -0.07962077 0.28894725 0.07125929
v -0.07668339 0.30804448 0.06391382
v -0.07858646 0.29820976 0.06918916
v 0.05737464 0.39751227 0.05425086
v 0.05939827 0.39052604 0.05635193
v 0.05458370 0.39418799 0.05731463
v 0.05392796 0.38538840 0.05969357
v -0.07256995 0.28897355 0.07108451
v -0.06400742 0.30473872 0.06946039
v -0.04420786 0.11526534 0.03575463
v 0.08387969 0.43535796 -0.05031795
v 0.09149134 0.42631671 -0.04750110
v 0.08550172 0.26637626 0.06047586
v 0.08892581 0.25929513 0.05734534
v -0.02218242 0.39336852 -0.09035325
v -0.02228018 0.42957599 -0.09264806
v -0.00927922 0.44083907 0.08058616
v 0.08962783 0.37328387 -0.06691151
v 0.08039074 0.37501304 -0.06938135
v 0.09232563 0.36976596 -0.05345607
v 0.04047967 0.20365215 0.10472473
v 0.04022758 0.22064365 0.10771666
v 0.08542670 0.41118838 0.04188814
v 0.07875726 0.42440784 0.04162297
v -0.07060009 0.25584346 0.06863990
v -0.07541374 0.42784739 -0.04411625
v 0.06119351 0.29808725 -0.05984255
v 0.06302286 0.28066463 -0.06322179
v 0.06674895 0.30384927 -0.06456086
v -0.00792821 0.39101134 0.11960424
v -0.07299904 0.13507103 -0.02551938
v -0.07471384 0.00653030 -0.09937794
v 0.08390229 0.09139515 -0.09575300
v 0.04278328 0.21669147 0.11298429
v 0.10612806 0.05757480 -0.04309160
v -0.08095763 0.39449672 -0.04347818
v -0.07714328 0.03318443 0.08358054
v 0.08340713 0.29979810 0.06951908
v -0.08625696 0.03121329 0.05789121
v 0.08505960 0.29772512 0.07399239
v -0.01437420 0.30871343 -0.07792383
v 0.05696733 0.37405704 -0.08708803
v 0.05782259 0.36818961 -0.08527069
v 0.11488543 0.33003051 0.01648735
v 0.05236081 0.38435355 -0.08969832
v 0.02148246 0.36465358 -0.09479657
v 0.03924645 0.23174327 0.10989097
v 0.03864809 0.24217983 0.11320849
v -0.03961289 0.27383094 0.09470419
v -0.03703391 0.27296272 0.09229430
v 0.06562608 0.44646808 0.03834300
v 0.02416736 -0.00000000 -0.12969193
v -0.03012448 0.48461177 -0.01289443
v 0.00894119 0.35403270 0.09347053
v 0.00894119 0.35403270 0.09347053
v 0.01692625 0.35807201 0.08904748
v 0.00980295 0.10756708 0.01527079
v -0.04010627 0.24308088 -0.08473217
v -0.08180951 0.03511818 0.05270773
v -0.09881202 0.40215835 -0.00783460
v -0.10177708 0.39208877 -0.00908339
v -0.09594342 0.40875690 -0.00870291
v -0.02612385 0.36283763 0.07616529
v -0.03441939 0.37292163 0.07540655
v -0.02828208 0.37011554 0.08222091
v 0.09244274 0.42117015 -0.04102038
v 0.00958751 0.42511634 0.09017882
v 0.01132858 0.42972159 0.08416037
v -0.08769892 0.29567268 0.05460370
v -0.08967581 0.30237527 0.05658264
v -0.08743875 0.27909767 0.05120845
v 0.09020657 0.42870475 -0.02437453
v -0.03737212 0.39599059 0.09789113
v -0.03689046 0.39566661 0.10549564
v 0.07302873 0.41379176 -0.07381413
v 0.10062064 0.30020187 0.04038958
v -0.05050045 0.34326846 0.06541638
v -0.04725622 0.34069377 0.06827858
v 0.09251050 0.27942661 0.04436877
v 0.09571461 0.28281795 0.05127299
v 0.07909614 0.39508830 0.05532091
v 0.08108534 0.38733478 0.05758613
v 0.03509009 -0.00000000 0.08080287
v 0.07903262 0.41122867 0.04876044
v 0.05679051 0.20808193 0.04851246
v 0.06058450 0.21209754 0.05355682
v 0.05395634 0.21102270 0.05568310
v 0.07174445 0.21020061 0.05418741
v 0.10359599 0.37091979 -0.01530531
v 0.10889837 0.35327598 -0.01687317
v 0.01949718 0.37319751 0.11527907
v 0.01773966 0.36589992 0.11534798
v -0.09951162 0.34224372 0.00788191
v -0.09962803 0.34553176 0.01356302
v -0.04815515 0.23757837 0.08393919
v 0.02272067 0.17367607 0.05772861
v 0.02742614 0.18181314 0.06271455
v 0.01638609 0.48291858 -0.02450960
v 0.02684488 0.48211024 -0.03690354
v 0.08350739 0.23755517 -0.00808088
v -0.06688375 0.26266328 -0.04339687
v -0.06711190 0.25174287 -0.04386975
v 0.08182182 0.26765497 -0.03676785
v 0.04304867 0.47658187 -0.04337928
v 0.05212390 0.46891410 -0.04462538
v 0.04401703 0.47954665 -0.04725419
v -0.02011029 0.20261837 0.10369015
v -0.02176371 0.20619489 0.10336761
v 0.08586610 0.42171187 -0.06106399
v 0.08865371 0.25987035 0.04160385
v -0.00143546 0.26165462 0.11431277
v -0.01087368 0.48812384 0.00322341
v -0.01680162 0.03607278 -0.15262404
v -0.07963943 0.00708758 0.09435129
v -0.08650205 -0.00000000 0.09355466
v -0.07558399 0.00322636 0.09242194
v -0.03157193 0.43225749 -0.08024695
v -0.00378532 0.34247684 0.08792070
v 0.00107593 0.34688281 0.08957749
v 0.00275373 0.35324805 0.09080595
v -0.00287702 0.35398753 0.08470174
v 0.02587534 0.18288154 0.06807134
v 0.04617564 0.20939859 0.08844901
v 0.01737132 0.47697184 -0.04230341
v 0.04732241 0.22222766 -0.08828927
v -0.06140089 0.02506332 0.01532229
v -0.06743791 0.02877296 0.02049344
v -0.06197819 0.02969169 0.02033837
v -0.05901585 -0.00000000 -0.13914360
v -0.06592030 -0.00000000 -0.13033064
v -0.06854489 0.00000000 -0.11855822
v 0.07691901 0.28643119 -0.03770752
v -0.10470514 0.34039317 0.01843876
v -0.02149919 0.30434808 0.08896253
v -0.01523113 0.48969691 -0.00504838
v 0.03576233 0.36842494 0.07862519
v 0.02441871 0.07391771 -0.01265839
v -0.07611734 0.42756125 0.01485827
v 0.08331893 0.44853976 0.02353164
v 0.09595998 0.16412569 0.01966884
v 0.03210708 0.09508244 0.02620394
v -0.05261914 0.47617125 -0.00563682
v -0.02166513 0.31664569 0.08660921
v 0.08733663 0.12527058 -0.01588812
v 0.03431508 0.18053478 0.04752743
v 0.02734451 0.17296817 0.05113349
v 0.00970835 0.27427417 0.10773233
v 0.04017893 0.48370139 0.01596154
v 0.02906985 0.11161755 0.01248207
v 0.07640315 0.43003982 -0.06377670
v 0.04712173 0.22965209 0.09968603
v -0.03671115 0.17845523 0.02046025
v -0.02484806 0.33922118 0.07983566
v -0.02647768 0.33848758 0.07767071
v 0.06078976 0.33115154 0.08063602
v -0.01067538 0.45649589 0.04901473
v -0.00812496 0.45891795 0.04903919
v 0.09102402 0.37343673 -0.06322832
v 0.04533349 0.46784869 -0.06314691
v 0.05510340 0.46003009 -0.06238857
v 0.06766109 0.27836120 0.09199725
v 0.07060935 0.26416763 0.09239299
v 0.07141400 0.40464419 0.04994275
v 0.04623384 0.21258829 0.07234337
v 0.05929844 0.22651250 0.07769472
v 0.07934280 0.40431663 -0.07339817
v 0.08460042 0.39733306 -0.06900541
v 0.09296097 0.39487163 -0.06055805
v 0.09331425 0.39072272 -0.05911363
v -0.02592132 0.37548366 0.10188730
v -0.02886843 0.36717288 0.08762402
v -0.00081234 0.46810973 -0.06064843
v -0.07354531 0.41899974 0.02192032
v 0.03084373 0.18664899 0.07287547
v 0.03983739 0.19619707 0.06836964
v 0.05890658 0.05771698 0.04554273
v -0.03005129 0.46783584 -0.06162195
v -0.06984579 0.10929169 -0.11184056
v 0.00048345 0.44770110 -0.07834773
v 0.00647552 0.44755500 -0.07623047
v 0.00344197 0.44643870 -0.07721137
v 0.06311033 0.24918668 0.09141839
v 0.05446653 0.21972002 0.07055201
v 0.03926135 0.44483561 0.06051810
v 0.03314588 0.44705253 0.06518434
v 0.02880596 0.44551692 0.07295563
v 0.01001239 0.45781733 -0.06749194
v -0.04424981 0.42848132 0.06461685
v -0.00095426 0.02275906 -0.01734262
v 0.04368268 0.46358992 -0.06267801
v 0.09372576 0.03070351 0.00864916
v 0.00665310 0.04383865 -0.15483930
v -0.07432522 0.12845158 -0.02937338
v -0.10323831 0.11370147 -0.02993809
v -0.07927058 0.11476432 -0.07900822
v -0.07372647 0.10668569 -0.09256030
v -0.00528161 0.20605299 0.11321881
v 0.10932755 0.33893916 -0.02385668
v 0.03466255 0.08315792 0.01174024
v -0.04832402 -0.00000000 -0.15384506
v -0.01592378 -0.00000000 -0.16603983
v 0.07053317 0.43428607 0.04099517
v 0.05515685 0.44030547 0.04176970
v 0.06543394 0.43718352 0.04209610
v 0.06571909 0.44152110 0.04034976
v 0.03089643 0.15522616 -0.12173460
v 0.09511348 0.27713020 0.00665752
v 0.09951593 0.27669607 -0.00093281
v 0.10044485 0.28772996 0.00558109
v -0.04967645 0.39145682 0.04608844
v 0.10105408 0.29391563 0.01030903
v 0.03324950 0.13907019 0.01941317
v 0.03578489 0.15745209 0.02287340
v 0.00871629 0.17972045 0.08607220
v -0.00235522 0.09514119 -0.14791459
v 0.05270415 0.47143805 -0.04178681
v 0.07771102 0.42830539 0.04200309
v -0.00680160 0.11415034 0.02065398
v 0.04811034 0.45015910 -0.07113582
v 0.03662911 0.09495668 0.00339152
v -0.09109616 0.29793762 -0.02530181
v -0.03661996 0.19407861 0.04542735
v -0.03680243 0.18683469 0.02848313
v 0.07413442 0.40472945 -0.07222467
v 0.07990671 0.39679549 -0.06817741
v -0.03086044 0.40961860 0.10411308
v 0.04625655 0.37322940 -0.09629180
v 0.02658453 0.32515193 0.10452297
v 0.11176453 0.31921113 0.03257997
v 0.10170777 0.27715196 -0.00399641
v -0.02551794 0.42500243 0.07868398
v -0.03349133 0.42662063 0.07427888
v 0.03245647 0.09568620 0.00368776
v 0.03813797 0.38022380 -0.09444293
v -0.06424565 0.45732947 0.01987956
v -0.06427993 0.35658397 -0.07945697
v 0.08826193 0.03322306 -0.00488273
v -0.03446513 0.03224064 0.05667467
v 0.03609824 0.48537940 -0.00557210
v 0.10873507 0.33078887 0.04068731
v 0.10445907 0.33366496 0.04057095
v 0.02798779 0.28618366 0.11098341
v 0.07038853 0.38649493 0.05970670
v -0.08964629 0.38476901 0.02356907
v 0.05458370 0.39418799 0.05731463
v -0.03910103 0.20447658 0.05881544
v -0.03628306 0.39974956 0.10324050
v -0.00164222 0.34390094 0.09029413
v 0.01933305 0.15669757 0.04125684
v 0.02412442 0.29525876 0.10616566
v 0.02549178 0.30777335 0.10020912
v -0.02520380 0.35472377 0.07038297
v -0.08690086 0.38852286 0.02911163
v -0.09011947 0.38211204 0.03079874
v -0.06560069 0.10003822 0.00615073
v 0.06326366 0.09163849 -0.12583827
v 0.04984947 0.09864304 -0.13382730
v -0.08034909 0.39543014 0.03101762
v -0.09263514 0.32967544 0.04130913
v -0.09436554 0.36970546 0.02837781
v 0.03070313 0.46522960 0.04018847
v 0.07314713 0.02550191 -0.04337241
v -0.00684630 0.35241744 0.08113045
v 0.00881575 0.11690537 0.02261860
v -0.08555445 0.31561918 0.05373048
v -0.08991743 0.30749467 0.05512556
v -0.06884707 0.02964486 0.01140613
v 0.06031764 0.47599048 0.02804389
v 0.05069717 0.48188594 0.02707716
v -0.08874008 0.43684775 0.00016537
v -0.09487454 0.41934764 -0.00618629
v -0.02043960 0.43353526 -0.09250316
v -0.00596786 0.44139026 -0.08652043
v 0.00719326 0.31348346 -0.08106352
v 0.00004225 0.31826196 -0.07937959
v 0.00096278 0.41904254 -0.08948924
v 0.04376138 0.43097484 0.07114447
v 0.09747875 0.39564353 -0.04470045
v -0.01004211 0.24170059 0.10658192
v 0.04585895 0.05107457 0.01522534
v -0.05672903 0.33273647 0.06337098
v 0.00002958 0.42426192 -0.08812124
v -0.07986552 0.27130765 -0.03938001
v -0.09277476 0.37630721 -0.05261903
v 0.06918699 0.26559303 0.09484710
v -0.04915481 0.36890304 0.04873813
v -0.03651023 0.44133189 0.04020509
v -0.02464977 0.44776442 0.04653355
v -0.01638251 0.36008411 0.10588654
v -0.02245694 0.36992103 0.10896312
v -0.02263552 0.41530849 0.11961830
v -0.02513961 0.41228038 0.11661140
v -0.04471140 0.44168445 0.02682182
v -0.05486724 0.28581905 0.08597831
v 0.10917746 0.39777526 0.01422393
v -0.07713946 0.26016195 0.06626709
v -0.07531809 0.25561935 0.06423509
v 0.04767114 0.11023605 0.04067488
v 0.11194004 0.33618995 -0.02347585
v 0.06415243 0.03530039 0.01626892
v -0.02536448 0.41008002 0.11026128
v -0.02044393 0.40750579 0.11064051
v -0.00949192 0.40320514 -0.09082015
v 0.00006072 0.13049933 -0.13814552
v 0.02186519 0.02885101 -0.14375229
v -0.09784775 0.31425473 0.00034499
v -0.06342121 0.28293571 -0.05835581
v 0.11061973 0.32071983 -0.01119071
v 0.11173229 0.31602445 -0.01650637
v -0.10134153 0.36060176 0.00237422
v -0.07727481 0.31049499 0.05928444
v -0.09957636 0.08780061 -0.04166918
v -0.08880000 0.17598772 -0.02505964
v -0.08470692 0.16985641 -0.02291818
v 0.00202242 0.16239202 0.06267318
v -0.03730760 0.02379106 -0.15180153
v 0.10511461 0.32652393 -0.02899955
v 0.04030553 0.48182658 -0.03482124
v -0.00318565 0.16436306 0.06341568
v -0.04810536 0.44157168 0.01739052
v 0.01793225 0.30248836 -0.08011174
v -0.03954462 0.26003290 0.09842734
v -0.04228993 0.24871807 0.09958648
v -0.03793008 0.25293554 0.09649204
v -0.04109895 0.06255164 -0.13921413
v -0.09458071 0.38898879 -0.03267013
v 0.06623945 0.29578740 -0.05523336
v 0.03498405 0.02078636 -0.03247603
v 0.03912557 0.02716209 -0.03371352
v 0.05210197 0.03347905 -0.02990291
v -0.08622963 0.13518053 0.00215280
v -0.07092935 0.13603102 -0.01905384
v -0.06698332 0.14349068 -0.02187362
v 0.10392225 0.34763175 -0.03519448
v 0.10824680 0.35808532 -0.02815569
v -0.00144777 0.18124528 0.09805863
v 0.08401933 0.34882652 -0.06425297
v 0.09342026 0.35592662 0.06191592
v 0.09084918 0.35958137 0.06426491
v -0.01601339 0.21645036 0.10936304
v 0.05477938 -0.00002243 -0.08864194
v 0.03381539 0.19406564 0.09645391
v -0.01931941 0.29029073 0.09740165
v 0.05435356 0.40917743 -0.08379784
v 0.05669510 0.40657603 -0.08082432
v 0.04972765 0.41234454 -0.09130709
v 0.05163198 0.40925418 -0.08591471
v 0.10692967 0.29589076 -0.00948669
v 0.09660968 0.36450370 -0.05545292
v 0.09484113 0.36090690 -0.04800247
v -0.08794547 0.22241771 0.01769369
v 0.05835566 0.30925618 0.09349974
v -0.03851888 0.43768954 -0.08014631
v 0.10772313 0.34684062 -0.01470879
v 0.09110530 0.43604011 0.00232113
v 0.10404647 0.41778190 -0.00459895
v 0.10654868 0.36897678 -0.02150926
v 0.11120930 0.12882231 -0.02539134
v 0.09145158 -0.00000000 -0.02679806
v 0.00083035 0.27848115 0.11103110
v 0.07843786 0.10608944 0.03605654
v 0.06987506 0.25127002 0.09324680
v 0.06809695 0.23994073 0.08820983
v 0.06393318 0.23092594 0.08301521
v 0.07940070 0.24251989 0.06133240
v -0.04978309 0.46410468 0.02190355
v -0.02570454 0.42153777 0.07910757
v -0.07458809 0.40359359 0.03126929
v 0.06043310 -0.00000000 0.07909126
v 0.08811624 0.32609218 0.06340529
v 0.02035287 0.43509421 -0.08985173
v 0.01805112 0.43712127 -0.08435472
v 0.01098845 0.44557506 -0.08011603
v -0.03016407 0.41551826 0.07912508
v -0.03522534 0.43497497 -0.08085123
v -0.09381241 0.11551345 -0.01938539
v -0.06673703 0.33048045 0.06579264
v -0.09408136 0.34521579 -0.04421590
v -0.01286202 0.35714637 -0.09262070
v -0.08946851 0.05867645 -0.05608389
v -0.09028163 0.26834348 -0.02142700
v -0.08992369 0.27746967 -0.01996464
v -0.03413009 0.37099834 -0.09156068
v 0.10467668 -0.00000000 0.00967121
v 0.01299791 0.34534877 0.09515115
v -0.09769162 0.29965373 -0.01788308
v -0.07774282 0.34816825 0.05269819
v -0.07326759 0.35624808 0.04896989
v 0.03823970 0.25438238 0.10635373
v -0.06043437 0.25108720 0.08421493
v -0.00560761 0.36468173 0.12023621
v -0.07008639 0.27404153 -0.04416335
v 0.03294702 0.24560281 0.11024945
v 0.03660422 0.24735767 0.11299641
v -0.09956463 0.00537568 0.02108509
v -0.10503304 -0.00000000 0.02039174
v -0.04729933 0.34865905 0.06536888
v -0.02892546 0.20307466 0.07784994
v 0.08277965 0.29125066 0.07297624
v -0.07731624 0.29672635 0.06211302
v 0.02063465 0.04504986 0.03264683
v 0.03577571 0.48117865 -0.04472137
v 0.10471480 0.30649673 -0.02308575
v 0.09384719 0.29262048 -0.02025181
v -0.00747923 0.38871173 0.11740538
v -0.02953037 0.37706782 0.10289640
v 0.09420805 0.26180282 -0.01031020
v 0.00668879 0.31503654 0.09700785
v -0.00727723 0.34158885 0.08900201
v -0.09008100 0.35818759 -0.04711416
v -0.09335175 0.36714088 -0.05053069
v 0.03861908 0.33135905 -0.09016351
v 0.01510402 0.18024746 0.10715148
v 0.02187447 0.34161449 -0.09223170
v 0.08920402 0.27172263 0.02534620
v 0.08995825 0.26460660 0.03451313
v -0.10139366 0.32286285 0.02773621
v -0.10417553 0.31828685 0.02443568
v -0.08843801 0.00414538 0.03092036
v -0.09674717 -0.00000000 0.03916339
v 0.06861605 0.32226592 -0.07347247
v 0.08632886 0.24983617 0.05182413
v 0.08322220 0.24812379 0.05625732
v 0.07959334 0.45480723 0.00949398
v 0.07534389 0.30910144 -0.06362917
v 0.07497581 0.31321462 -0.06990863
v -0.02895928 0.20370826 0.08544206
v -0.07179118 0.23966407 -0.02370448
v -0.09800730 0.33639262 0.02892258
v 0.04249377 0.44845611 -0.07392236
v 0.01662820 0.45699950 0.04586249
v 0.07421491 0.19397901 0.04012397
v -0.09674717 -0.00000000 0.03916339
v -0.08896311 -0.00000000 0.03255544
v 0.09033054 0.34072314 0.06295787
v -0.07643101 0.23253591 -0.02041912
v -0.05464057 0.37181769 0.04650408
v -0.09534382 0.29736121 0.03019600
v -0.09557395 0.30116367 0.02682372
v -0.01623149 0.47969630 -0.05715007
v -0.01676676 0.47489394 -0.05696714
v -0.00759172 0.47813823 -0.05124244
v 0.11635737 0.34482040 0.02534937
v -0.06508521 0.33341033 0.06624247
v 0.05287353 0.20651096 0.05078794
v 0.04586542 0.20519979 0.05791923
v 0.05395634 0.21102270 0.05568310
v -0.01952749 0.19756620 0.08380673
v -0.06146803 0.16074045 -0.02357668
v -0.06230495 0.17517355 -0.02621809
v -0.07958335 0.23248992 -0.01499189
v -0.07736211 0.22834682 -0.00838139
v 0.02453005 0.44039863 0.07861495
v 0.03300977 0.44203059 0.07433455
v 0.03264065 0.43995471 0.07724459
v -0.09107116 0.32504390 0.03673965
v -0.06711190 0.25174287 -0.04386975
v -0.06426972 0.25982717 -0.04797058
v -0.05580454 0.27373424 -0.06114407
v 0.02930014 0.43984694 0.07823953
v 0.06689772 0.14692375 -0.02417992
v 0.06510770 0.26199161 0.09259921
v 0.08920402 0.27172263 0.02534620
v -0.01417851 0.32148696 -0.08997499
v 0.04325745 0.44247043 0.04608795
v 0.04325745 0.44247043 0.04608795
v -0.10076568 -0.00000000 0.02073120
v -0.10503304 -0.00000000 0.02039174
v -0.09974857 -0.00000000 0.02167211
v 0.07378813 0.46894965 0.01045489
v 0.07564407 0.46294711 0.01050016
v 0.09571461 0.28281795 0.05127299
v 0.03062615 0.39227218 0.09936157
v 0.02034754 0.36668861 0.11036888
v 0.05926407 0.03529873 -0.03011505
v -0.05284187 0.33279620 0.06946454
v 0.01729685 -0.00000000 -0.02567074
v 0.01729685 -0.00000000 -0.02567074
v 0.08133825 0.46384658 0.00783514
v -0.06077041 0.42849879 0.02691272
v -0.04870591 0.43194095 0.03163028
v 0.03272059 0.29845540 -0.07743071
v 0.04528357 0.29218803 -0.07324019
v -0.01781845 0.36172088 0.11027297
v -0.01464504 0.36071731 0.11031227
v -0.09369309 0.03293823 0.07325392
v -0.08159090 0.42580813 0.00219053
v -0.01440855 0.32585357 0.09014313
v 0.07284650 0.30133056 -0.05841257
v -0.07655333 0.28564655 0.06934797
v -0.07873000 0.27164960 0.06711545
v -0.07207133 0.26651494 0.07994569
v 0.07686735 0.22906246 -0.05187881
v -0.02996220 0.41096133 0.10725353
v 0.04299767 0.41576598 -0.09440568
v -0.05025638 0.42743907 0.03183294
v -0.05539419 0.34515964 -0.07906696
v 0.03675146 0.14939129 0.02215307
v 0.05858269 0.38752776 0.05867531
v 0.05392796 0.38538840 0.05969357
v 0.06960668 0.29076560 -0.04605661
v 0.06257164 0.37498057 0.06473217
v 0.04591746 0.44018283 -0.07608925
v 0.03024545 0.00553889 -0.03572060
v 0.00696955 0.01075859 -0.15542673
v 0.00554664 0.00000000 -0.14490611
v 0.01239763 0.01132024 -0.14452859
v 0.01074271 -0.00000000 -0.13692704
v -0.02444913 0.10914532 -0.14139280
v -0.06655537 0.25128257 0.07358007
v -0.07023882 0.26008216 0.07952302
v 0.00829371 0.45723609 -0.06916685
v 0.02416736 -0.00000000 -0.12969193
v 0.07258319 0.44044696 0.03663111
v 0.06536206 0.44455111 0.04114634
v 0.06562608 0.44646808 0.03834300
v 0.04547391 0.44320788 0.04308394
v -0.09048234 0.28731328 0.04611997
v -0.08691698 0.27341527 0.04671034
v -0.03484675 0.15642762 0.02269938
v -0.06895858 0.44260684 -0.04348295
v 0.00478963 0.43948161 -0.08166939
v 0.07220227 0.18121902 -0.02640230
v -0.02846677 0.30157943 -0.07593499
v 0.10467668 -0.00000000 0.00967121
v 0.10788394 -0.00000000 0.00570784
v 0.08856058 0.03390466 0.00177660
v 0.00321544 0.31625045 0.09685577
v -0.09380832 0.35003837 -0.05280752
v 0.00720101 0.30166641 0.10175816
v 0.05942132 0.03531343 0.01024117
v 0.03863244 0.10909027 -0.13594177
v -0.04610434 0.43541785 0.03296582
v 0.01154273 0.41926471 0.11383153
v -0.06440078 0.15027451 -0.02194553
v 0.08416457 -0.00000000 0.03164320
v 0.08174209 -0.00000000 0.03248926
v 0.08416457 -0.00000000 0.03164320
v -0.01590950 0.32283088 -0.08996193
v 0.08174209 -0.00000000 0.03248926
v -0.02546748 0.36886546 0.08821193
v 0.06796344 0.09844422 -0.01021235
v 0.07166232 0.11647072 -0.01413114
v -0.05956045 0.01160876 0.01137029
v -0.05927192 0.01808143 0.01596198
v -0.05966966 0.00820926 0.01436390
v -0.06170874 -0.00000000 0.01565946
v -0.07234576 0.21763679 -0.01223449
v 0.06865710 0.34794315 -0.08059564
v -0.04838370 -0.00000000 -0.01121093
v -0.05099265 -0.00000000 -0.00304460
v -0.04586741 -0.00000000 -0.00508432
v -0.04586741 -0.00000000 -0.00508432
v -0.07423807 0.41571692 0.02567155
v 0.08209205 -0.00000000 0.05093019
v 0.08964823 0.32286491 0.06012665
v -0.08309569 0.03732299 -0.04984251
v -0.08030249 0.43585204 -0.02112787
v -0.08372968 0.43258685 -0.01639225
v -0.08436573 0.43597655 -0.02587806
v -0.08486725 0.26442134 0.02417894
v -0.03966850 0.42797362 0.07068877
v -0.04270758 0.42316180 0.06905029
v 0.07118106 0.10681564 -0.00950900
v 0.08720863 -0.00000000 -0.03345150
v -0.08296579 0.13237409 -0.00744436
v 0.02269192 0.39770812 -0.08931336
v 0.01930330 0.40270583 -0.09387981
v 0.04520524 0.20462171 0.06714189
v 0.05744141 0.43670974 -0.07241233
v 0.08016556 0.26030998 -0.04261146
v -0.04870591 0.43194095 0.03163028
v -0.00792767 0.29469188 0.09848079
v -0.05627248 -0.00000000 -0.14584123
v -0.08685697 0.43830695 -0.00178216
v -0.07970469 0.43987864 -0.00181905
v 0.01432194 0.01359941 -0.02123319
v -0.00747923 0.38871173 0.11740538
v 0.04743151 0.02212663 0.00884764
v -0.05278537 0.35142162 0.06373314
v -0.06833612 0.24246540 -0.04400149
v -0.08091231 0.43457274 -0.02761328
v -0.08091231 0.43457274 -0.02761328
v -0.04659341 0.24446453 0.08705865
v -0.05700383 -0.00000000 0.00777040
v -0.05628834 -0.00000000 0.01347941
v -0.06170874 -0.00000000 0.01565946
v -0.03384228 0.20494600 0.07542784
v 0.00861463 0.36046680 0.11889104
v 0.04648531 0.45474555 0.03721499
v 0.05435604 0.45372603 0.03510906
v 0.04587851 0.45233371 0.04014005
v 0.09636088 0.34076778 0.05156687
v -0.07888629 0.44008250 -0.03654345
v 0.04652416 0.34478484 0.08533683
v 0.09846091 0.39251239 -0.02795637
v 0.09839695 0.39781951 -0.03200344
v -0.10917969 -0.00000000 0.06911477
v -0.10400693 -0.00000000 0.07404489
v 0.03354897 0.10106009 -0.14104975
v 0.02244242 0.39907302 0.11689634
v 0.00108846 0.28904252 -0.08845450
v -0.06428606 0.41062743 -0.06743578
v -0.00528161 0.20605299 0.11321881
v 0.01988479 0.35749347 0.08760340
v 0.03197777 0.35738681 0.08541805
v 0.00863675 0.42581691 -0.09067121
v 0.01505653 0.41827109 -0.09094002
v 0.10194455 0.37702869 -0.01384009
v 0.00275373 0.35324805 0.09080595
v -0.06960855 0.24649448 -0.03178365
v -0.03827594 0.09946957 0.01454700
v -0.03403656 0.38895743 0.10743107
v -0.03732469 0.39142646 0.09952520
v -0.07540146 0.12227997 -0.01255589
v -0.07561138 0.11352101 -0.00772884
v -0.04760427 -0.00000000 0.03475643
v 0.00996531 0.25228685 0.11902741
v -0.04157198 0.36483504 0.05457349
v 0.07825811 0.21360292 -0.02281067
v 0.06771284 0.46290572 0.03241285
v 0.00266489 0.43085982 -0.08615188
v -0.06265929 -0.00000000 -0.05180546
v -0.06366133 -0.00000000 -0.07046848
v 0.05150672 0.23260627 0.10109630
v 0.05267870 0.28698667 -0.07038405
v 0.00933927 0.28947444 -0.08802203
v 0.10251416 0.41275229 0.00489589
v 0.07583125 0.35278575 0.06620595
v 0.02906985 0.11161755 0.01248207
v 0.03384888 0.35435706 0.08409508
v 0.03778907 0.35683791 0.08346684
v 0.03576233 0.36842494 0.07862519
v -0.04146193 0.29349843 -0.07089568
v 0.03985047 0.35792266 0.08034207
v 0.04752951 0.19471450 0.03872128
v 0.08118128 0.32887229 -0.06338498
v 0.08167493 0.34163902 0.06591203
v -0.08486725 0.26442134 0.02417894
v -0.01331915 0.48654017 -0.00692724
v -0.03873621 0.01147206 -0.02388371
v -0.03937066 0.02030148 -0.02398526
v -0.00286256 0.18374698 0.10206143
v 0.00103103 0.32684360 -0.08733009
v 0.00004225 0.31826196 -0.07937959
v 0.04562115 0.45742053 0.03739808
v -0.06974899 0.00324267 -0.08010761
v -0.05627248 -0.00000000 -0.14584123
v -0.01418046 0.44178122 -0.08063098
v 0.09201665 0.31058778 0.05950496
v -0.05767291 0.00734132 0.00964879
v -0.05628834 -0.00000000 0.01347941
v 0.03880186 0.16645763 0.02379905
v -0.09938497 -0.00000000 0.08574584
v -0.10271852 -0.00000000 0.08037861
v -0.00510624 0.20055700 0.10884642
v -0.00634591 0.19758102 0.10943322
v -0.09315408 -0.00000000 0.08669795
v -0.05700383 -0.00000000 0.00777040
v 0.00732957 0.32690738 0.11023827
v -0.06843503 0.03295516 -0.03518102
v 0.07713056 0.40809081 -0.06711528
v 0.07302873 0.41379176 -0.07381413
v -0.02657050 0.44166259 0.06813371
v -0.01449048 0.30300041 0.09301713
v 0.00149654 0.31987371 0.10111067
v -0.09693537 -0.00000000 0.02752074
v 0.10104458 0.39484908 -0.02330416
v 0.08186206 0.45095344 -0.02290690
v -0.07058503 0.41455939 0.02869513
v -0.05958277 0.00000000 0.09023213
v 0.06224765 0.27947316 -0.06730563
v 0.06466128 0.22954402 0.06702513
v -0.05397756 0.41997520 0.03148569
v 0.07763077 0.19761743 -0.02960496
v -0.06151375 0.03748272 -0.02867784
v 0.07920772 0.10023781 0.02593226
v -0.02046046 0.30748433 -0.07852033
v 0.04290872 0.48135424 0.03179081
v 0.06415243 0.03530039 0.01626892
v -0.00116423 0.41225207 0.11455817
v -0.00402813 0.40894191 0.12054534
v -0.05506469 0.43004867 -0.07460423
v 0.03773340 0.46452662 0.02751697
v 0.00211801 0.17787321 0.08364738
v 0.00211801 0.17787321 0.08364738
v 0.06631914 0.44834662 0.03463367
v -0.00144777 0.18124528 0.09805863
v 0.00074701 0.17744932 0.09510767
v 0.00396695 0.28217220 -0.09190504
v -0.07630609 0.43129573 -0.04861207
v -0.09200194 0.34160506 -0.02563753
v -0.07393390 0.45136802 0.01831183
v 0.05487152 0.42384173 0.04632197
v 0.03354897 0.10106009 -0.14104975
v 0.04177599 0.41254840 -0.09061047
v 0.04124732 -0.00000000 -0.11760438
v 0.08522930 0.27041955 -0.01947475
v -0.00121965 0.27545472 -0.09243204
v -0.09224445 0.29850936 -0.00450114
v -0.05758901 0.24002048 0.07860562
v -0.05215007 0.23748226 0.08047601
v 0.07855607 0.11552765 0.00139413
v -0.04385043 0.22221158 0.07674283
v 0.00231674 0.31955104 0.11142779
v 0.00512990 0.32026801 0.11240303
v -0.08896311 -0.00000000 0.03255544
v -0.00460761 0.48821021 0.01390592
v 0.02803353 -0.00000000 0.06972073
v -0.06459666 0.42553477 -0.06210320
v 0.06536206 0.44455111 0.04114634
v -0.06964658 -0.00000000 -0.08041830
v -0.08295819 0.03427150 -0.04612180
v 0.01697392 0.35641486 0.10136853
v -0.10076568 -0.00000000 0.02073120
v -0.09974857 -0.00000000 0.02167211
v -0.01036950 0.45337825 0.05113543
v -0.00510624 0.20055700 0.10884642
v -0.11179154 -0.00000000 0.00563394
v 0.00321544 0.31625045 0.09685577
v 0.10160082 0.39054397 -0.01127672
v 0.05515685 0.44030547 0.04176970
v 0.03786161 0.43212794 0.07529578
v 0.01806151 0.43500693 0.08102615
v -0.03803499 0.41354430 0.07452897
v 0.02309186 0.43651328 0.07923416
v 0.02284848 0.43444949 0.07892187
v 0.02645569 0.43430568 0.07833021
v -0.03242159 0.42396224 0.07458278
v -0.03762042 0.42323230 0.07129610
v -0.03175988 0.41914546 0.07679991
v -0.03418249 0.42135695 0.07467307
v -0.03349800 0.41835723 0.07547334
v 0.03562158 0.42906222 0.07594026
v 0.03217159 0.43252170 0.07658352
v -0.02962651 0.42487285 0.07662693
v -0.03425767 0.41480411 0.07632390
v -0.02974358 0.41738479 0.07689543
v 0.03242432 0.42941131 0.07859326
v 0.03491387 0.42777167 0.07566513
v 0.02362250 0.43135943 0.08051881
v 0.02368500 0.42784587 0.08228659
v 0.02565508 0.43330928 0.08015911
v 0.02936669 0.43529216 0.07744161
v -0.04047078 0.41918326 0.06996523
v -0.04096118 0.41345695 0.07087858
v -0.03719973 0.41409904 0.07394320
v -0.03854870 0.41447333 0.07131362
v -0.02705240 0.42008369 0.07777078
v 0.02635306 0.42781054 0.08213728
v 0.02969592 0.42684180 0.08006933
v 0.02814621 0.43156402 0.08040356
v 0.02950876 0.43219253 0.07849029
v 0.01959846 0.43284636 0.08064154
v 0.01888086 0.42691199 0.08325661
v 0.01674729 0.42747249 0.08116338
v -0.02982053 0.42121509 0.07541904
v -0.03209201 0.42251204 0.07454727
v 0.02165723 0.42682975 0.08217351
v 0.02151051 0.42966228 0.08201013
v 0.01885255 0.42757953 0.08053956
v 0.02246165 0.43259746 0.08086438
v 0.02049318 0.43292159 0.07976235
v 0.01876491 0.43016852 0.08023257
v 0.03426680 0.42654571 0.07754747
v -0.02765724 0.41847064 0.07574273
v -0.04021550 0.41697093 0.07150898
v -0.03862044 0.42151240 0.07172763
v -0.03762512 0.41699386 0.07399449
v -0.03850119 0.41842856 0.07104548
v -0.03682202 0.42018416 0.07349691
v -0.03667308 0.42189631 0.07233068
v 0.02937091 0.43424170 0.07841653
v 0.02654209 0.43005771 0.08076521
v 0.03072447 0.42825538 0.07800096
v 0.03195551 0.42712260 0.07737039
v 0.03019980 0.42641593 0.08183147
v 0.02621272 0.42630370 0.08221169
v 0.00554664 0.00000000 -0.14490611
v -0.04760427 -0.00000000 0.03475643
v 0.09180037 -0.00000000 0.03231642
v 0.10444031 -0.00000000 0.01801233
v 0.09571355 -0.00000000 0.02391295
vt 0.47989601 0.55698651
vt 0.48022598 0.55444992
vt 0.47621590 0.56111741
vt 0.48316526 0.55070233
vt 0.48264086 0.58077323
vt 0.48473790 0.57229006
vt 0.47127295 0.57399416
vt 0.38787919 0.78151768
vt 0.37280396 0.78416270
vt 0.39810494 0.78918874
vt 0.15904126 0.67834163
vt 0.16966876 0.68038774
vt 0.17749310 0.65716159
vt 0.55748260 0.56785786
vt 0.55119610 0.55599344
vt 0.54778004 0.56252098
vt 0.46221310 0.75185978
vt 0.45046702 0.73747516
vt 0.45133659 0.75226247
vt 0.38064435 0.84283286
vt 0.37598377 0.82961941
vt 0.36346766 0.83269840
vt 0.49307787 0.66579950
vt 0.50503027 0.66140175
vt 0.48747912 0.65358907
vt 0.48104152 0.65465796
vt 0.49124619 0.65076244
vt 0.48227686 0.64568388
vt 0.48755017 0.65387177
vt 0.54577255 0.84366286
vt 0.54203629 0.81615424
vt 0.52399409 0.82313198
vt 0.46724886 0.65642750
vt 0.46319085 0.64050543
vt 0.44672468 0.64765501
vt 0.91243553 0.90751696
vt 0.90552324 0.92581707
vt 0.97588414 0.91930974
vt 0.31981862 0.99637091
vt 0.36073455 0.97322333
vt 0.28279445 0.94470370
vt 0.44418877 0.69045740
vt 0.45177025 0.67851633
vt 0.41754681 0.70968634
vt 0.63164973 0.60712206
vt 0.64124739 0.59674579
vt 0.62172586 0.59235978
vt 0.46280098 0.88264942
vt 0.45436504 0.87159079
vt 0.44504324 0.88246220
vt 0.59226316 0.03492862
vt 0.59812450 0.04665464
vt 0.60708117 0.04166734
vt 0.23598394 0.82196295
vt 0.20986995 0.83088291
vt 0.23619391 0.83382487
vt 0.21180214 0.84251451
vt 0.22732833 0.85127580
vt 0.58241981 0.05932915
vt 0.57996529 0.06832749
vt 0.59570122 0.07140297
vt 0.10846341 0.91435504
vt 0.12065004 0.93358725
vt 0.12993017 0.92180920
vt 0.93949878 0.23172402
vt 0.92944545 0.23935419
vt 0.94093114 0.24757457
vt 0.17515460 0.92039353
vt 0.17469051 0.90445495
vt 0.16056655 0.91742754
vt 0.13143378 0.94364595
vt 0.14826989 0.95268887
vt 0.50034076 0.95616406
vt 0.51587605 0.94663608
vt 0.48835424 0.93530810
vt 0.58787715 0.08103901
vt 0.59873348 0.09756827
vt 0.60330135 0.08282608
vt 0.25486001 0.93010771
vt 0.27237383 0.91881710
vt 0.24959898 0.92412162
vt 0.89063174 0.28225470
vt 0.89681774 0.25265938
vt 0.88459873 0.25474668
vt 0.30059364 0.86571765
vt 0.30919448 0.84087133
vt 0.29444706 0.85068792
vt 0.39807591 0.96372670
vt 0.40278587 0.90575135
vt 0.37031773 0.91760176
vt 0.89094877 0.46590060
vt 0.89472157 0.44737220
vt 0.88490140 0.46656018
vt 0.14439429 0.58295500
vt 0.16242887 0.56600130
vt 0.13198218 0.56352401
vt 0.13395932 0.48452604
vt 0.11935894 0.45962965
vt 0.07266930 0.48017973
vt 0.92127126 0.17768312
vt 0.81819344 0.03195494
vt 0.82191283 0.09312981
vt 0.65951771 0.13309187
vt 0.65023953 0.10180980
vt 0.64398527 0.10127348
vt 0.77497673 0.21102226
vt 0.75610280 0.20810992
vt 0.76302594 0.21643609
vt 0.29775962 0.31970519
vt 0.31042853 0.33605319
vt 0.31621808 0.33295506
vt 0.68068463 0.79594058
vt 0.69883680 0.80635989
vt 0.69148445 0.78604770
vt 0.81277823 0.93899643
vt 0.82254982 0.94179875
vt 0.81833279 0.93626308
vt 0.81058800 0.80128354
vt 0.81944430 0.80446333
vt 0.82212764 0.79231673
vt 0.78153378 0.27139753
vt 0.77350157 0.28864878
vt 0.78166622 0.29042923
vt 0.63174820 0.17935985
vt 0.62899303 0.19579726
vt 0.63587534 0.20046788
vt 0.46975049 0.58339083
vt 0.46641988 0.60963851
vt 0.48254198 0.60443258
vt 0.84719962 0.95827246
vt 0.91688669 0.96298766
vt 0.86244607 0.93424803
vt 0.22882178 0.96760583
vt 0.22807555 0.95363414
vt 0.22117046 0.97397614
vt 0.87495452 0.01678246
vt 0.95582122 0.13504004
vt 0.95620722 0.12504351
vt 0.57898194 0.54857230
vt 0.56767887 0.57329440
vt 0.57927608 0.57968140
vt 0.93321747 0.25400591
vt 0.26213661 0.65569991
vt 0.27028957 0.63685453
vt 0.25998342 0.63563597
vt 0.31721920 0.74167156
vt 0.31685919 0.70740247
vt 0.30238822 0.72680724
vt 0.62168986 0.67767429
vt 0.60352606 0.65914273
vt 0.61321181 0.68504637
vt 0.59203815 0.62957180
vt 0.61250931 0.62489641
vt 0.59244120 0.61348832
vt 0.54786062 0.68926108
vt 0.53814238 0.67084575
vt 0.53450280 0.68123150
vt 0.53884447 0.63413250
vt 0.55905634 0.64963579
vt 0.53912562 0.62277412
vt 0.64551097 0.83088231
vt 0.66007626 0.84045464
vt 0.66003686 0.82979745
vt 0.12664193 0.79898173
vt 0.13359642 0.81648827
vt 0.13941951 0.80203342
vt 0.64552832 0.88696051
vt 0.66075784 0.88526201
vt 0.64635664 0.87430674
vt 0.63007325 0.94276291
vt 0.65525216 0.92350435
vt 0.60536146 0.94694430
vt 0.70598555 0.11188674
vt 0.71957433 0.11922067
vt 0.70764518 0.10466820
vt 0.64133269 0.32222068
vt 0.62474400 0.34358126
vt 0.66194636 0.32684845
vt 0.62263429 0.38455790
vt 0.63622755 0.38429451
vt 0.64761698 0.36672485
vt 0.09327663 0.51111054
vt 0.12809427 0.52147412
vt 0.13253586 0.49636990
vt 0.43970618 0.52946025
vt 0.43106878 0.54331803
vt 0.47346702 0.55319417
vt 0.48907217 0.49890453
vt 0.49779201 0.51586550
vt 0.51128662 0.50133920
vt 0.56169134 0.99468321
vt 0.55272502 0.98361790
vt 0.53637993 0.98531920
vt 0.14130074 0.47366309
vt 0.15287201 0.43642581
vt 0.20408928 0.85683537
vt 0.15925449 0.81059808
vt 0.16985208 0.79316401
vt 0.15349567 0.79620284
vt 0.54963475 0.66259539
vt 0.56600326 0.68202507
vt 0.57222331 0.66759139
vt 0.63751310 0.79831403
vt 0.62352633 0.77940059
vt 0.62192184 0.79885632
vt 0.36238813 0.69941843
vt 0.37332195 0.70327646
vt 0.37585378 0.68921119
vt 0.09069405 0.90323395
vt 0.08462038 0.90782696
vt 0.09626734 0.91228229
vt 0.08340080 0.90041780
vt 0.07464141 0.90350574
vt 0.62815112 0.65146422
vt 0.61507505 0.65845203
vt 0.63167310 0.66762489
vt 0.56191272 0.71361446
vt 0.54618216 0.70196187
vt 0.55600184 0.72092843
vt 0.11793567 0.89500296
vt 0.13529190 0.89860904
vt 0.12574258 0.88525033
vt 0.86265433 0.99281597
vt 0.58581108 0.57498914
vt 0.58992505 0.55246800
vt 0.51134187 0.61032593
vt 0.51621205 0.60329425
vt 0.50537640 0.59901571
vt 0.51339376 0.59631908
vt 0.51102090 0.58575630
vt 0.69895512 0.72356451
vt 0.70058608 0.70870316
vt 0.68644482 0.69601059
vt 0.15227816 0.59009254
vt 0.17802882 0.58636349
vt 0.17271951 0.57449758
vt 0.96144003 0.23566866
vt 0.94888395 0.23272157
vt 0.95213723 0.24838066
vt 0.94737649 0.20663488
vt 0.93454570 0.21944505
vt 0.95521665 0.22189140
vt 0.15517740 0.21659756
vt 0.15839601 0.23127127
vt 0.16979626 0.23592860
vt 0.72017235 0.53746915
vt 0.72428143 0.52346396
vt 0.71980834 0.52096236
vt 0.09989392 0.48680234
vt 0.29232684 0.65516841
vt 0.30163801 0.69355559
vt 0.30631828 0.67907894
vt 0.08900266 0.15511954
vt 0.08892598 0.14406288
vt 0.07240378 0.13949591
vt 0.13911310 0.75092161
vt 0.13028018 0.76789892
vt 0.14960302 0.76223683
vt 0.12594993 0.28792745
vt 0.11364540 0.29562610
vt 0.12069692 0.30238026
vt 0.26877233 0.82296014
vt 0.28183794 0.82024902
vt 0.27732003 0.80519879
vt 0.20982777 0.24361682
vt 0.22514872 0.26202214
vt 0.21284518 0.24018657
vt 0.76469970 0.95066535
vt 0.76438808 0.97797382
vt 0.76992673 0.97087955
vt 0.53032321 0.60956717
vt 0.58254898 0.61495262
vt 0.57706350 0.59169400
vt 0.57056272 0.59409291
vt 0.75790429 0.08585870
vt 0.76223284 0.09384632
vt 0.76213640 0.06777471
vt 0.93644947 0.69952416
vt 0.92669302 0.69085485
vt 0.92382509 0.70104611
vt 0.28153551 0.19486785
vt 0.30268514 0.20860273
vt 0.28993779 0.18447673
vt 0.90511227 0.63733375
vt 0.90063447 0.63259172
vt 0.88141000 0.65099674
vt 0.34838435 0.08374554
vt 0.37270695 0.07214719
vt 0.36284289 0.06412351
vt 0.32108161 0.05570686
vt 0.33421990 0.03895479
vt 0.31397513 0.03254998
vt 0.30113095 0.16374105
vt 0.28806087 0.13893449
vt 0.28185636 0.14655983
vt 0.31308374 0.15966666
vt 0.30435243 0.15404040
vt 0.98543411 0.41600835
vt 0.96908128 0.42241836
vt 0.97979718 0.43556994
vt 0.75733697 0.39048374
vt 0.73654830 0.40786076
vt 0.74883777 0.40492892
vt 0.15683204 0.77582097
vt 0.16833042 0.78331029
vt 0.16804124 0.75749594
vt 0.51666641 0.80298710
vt 0.53891414 0.80889183
vt 0.51987904 0.78766817
vt 0.60108089 0.34780532
vt 0.59476346 0.36019063
vt 0.59803230 0.36316001
vt 0.65184349 0.21684176
vt 0.60289860 0.58778352
vt 0.61173159 0.57697725
vt 0.60180831 0.57583463
vt 0.60709995 0.60117340
vt 0.63382542 0.62290061
vt 0.52989244 0.85355890
vt 0.54628855 0.85338342
vt 0.49965161 0.82987618
vt 0.63471276 0.90171474
vt 0.63282144 0.90809405
vt 0.64973307 0.91163623
vt 0.80691051 0.18483800
vt 0.80913371 0.19397694
vt 0.82254535 0.19868636
vt 0.78845853 0.60594893
vt 0.79401278 0.60032392
vt 0.78083193 0.59000492
vt 0.53057742 0.25207907
vt 0.51637983 0.26358074
vt 0.52712888 0.25940543
vt 0.77719098 0.83758152
vt 0.77026159 0.87704676
vt 0.79060107 0.84510720
vt 0.64645714 0.18154508
vt 0.64488482 0.16753101
vt 0.63641256 0.14204764
vt 0.57829696 0.22464460
vt 0.57921171 0.19720596
vt 0.57324117 0.21137255
vt 0.71429861 0.73030937
vt 0.72096819 0.70868039
vt 0.70632184 0.72555971
vt 0.71584702 0.80802363
vt 0.71899593 0.77485847
vt 0.70572877 0.77240908
vt 0.85405380 0.85397273
vt 0.85240638 0.86575484
vt 0.86638641 0.83823961
vt 0.34425262 0.21726888
vt 0.34860384 0.21542090
vt 0.32702073 0.20254493
vt 0.76713514 0.17779386
vt 0.75885004 0.17347431
vt 0.76503056 0.18466210
vt 0.71563965 0.55184275
vt 0.70868427 0.54473019
vt 0.71136016 0.56452775
vt 0.88147599 0.49482548
vt 0.89164287 0.51954746
vt 0.88918638 0.49536240
vt 0.18635397 0.38408887
vt 0.20837568 0.37878150
vt 0.20304874 0.37043959
vt 0.07206210 0.74723756
vt 0.09767774 0.74756384
vt 0.08436174 0.74193215
vt 0.07508644 0.75269574
vt 0.08416543 0.76387870
vt 0.09996095 0.75652337
vt 0.38088968 0.29906607
vt 0.37457836 0.30107903
vt 0.39113170 0.31520587
vt 0.35464135 0.21394318
vt 0.35812199 0.22615016
vt 0.36772048 0.22993106
vt 0.54322457 0.05390364
vt 0.55930805 0.04593015
vt 0.53408080 0.04692435
vt 0.80411071 0.52547884
vt 0.80043727 0.53941679
vt 0.80642110 0.54344225
vt 0.94621384 0.69470614
vt 0.95053881 0.68438590
vt 0.93172431 0.68122435
vt 0.53788179 0.71109229
vt 0.53763026 0.69195759
vt 0.52442378 0.69863367
vt 0.52070779 0.66339308
vt 0.81611621 0.90889853
vt 0.79944676 0.92973107
vt 0.80528229 0.93125117
vt 0.84996063 0.83011228
vt 0.84716791 0.84704888
vt 0.85899955 0.82439983
vt 0.34530896 0.36997968
vt 0.34438512 0.35189015
vt 0.33623141 0.35288173
vt 0.11452835 0.73912185
vt 0.12489761 0.71953493
vt 0.11752438 0.71646994
vt 0.28835410 0.22307855
vt 0.29540366 0.23242569
vt 0.29682767 0.21393806
vt 0.25899780 0.22725034
vt 0.25048390 0.23622954
vt 0.25401917 0.25409770
vt 0.11810693 0.81957632
vt 0.12657323 0.83218545
vt 0.14228253 0.82586151
vt 0.14473389 0.91649163
vt 0.15798812 0.89617974
vt 0.85451859 0.98389357
vt 0.48943269 0.92634523
vt 0.51058477 0.92556638
vt 0.50524718 0.91280663
vt 0.59217834 0.90632415
vt 0.58520490 0.89874703
vt 0.56631774 0.89968318
vt 0.00195312 0.84479702
vt 0.01136076 0.84524244
vt 0.01143267 0.81881940
vt 0.25167930 0.07253873
vt 0.26638791 0.06599045
vt 0.24330033 0.05673522
vt 0.09952731 0.33390361
vt 0.10952700 0.31605637
vt 0.09617389 0.31251216
vt 0.18933043 0.34338307
vt 0.17462151 0.33649707
vt 0.18345094 0.35578525
vt 0.64760399 0.63881576
vt 0.65688580 0.64049393
vt 0.65732688 0.60774028
vt 0.67746133 0.65297759
vt 0.68451107 0.67045832
vt 0.69580388 0.65863305
vt 0.36901444 0.38229978
vt 0.38812155 0.39452422
vt 0.37775058 0.38119185
vt 0.10259106 0.16971582
vt 0.08887789 0.16012681
vt 0.09457579 0.17278647
vt 0.86511856 0.68813938
vt 0.87533885 0.68822873
vt 0.86876303 0.67782420
vt 0.91341054 0.68731296
vt 0.90077776 0.69910586
vt 0.91210812 0.69963431
vt 0.75989377 0.94947404
vt 0.59075642 0.18025619
vt 0.58691311 0.19869268
vt 0.47898129 0.82135355
vt 0.45109707 0.80171728
vt 0.46292394 0.82632685
vt 0.48934761 0.79068577
vt 0.50378430 0.79808617
vt 0.50495857 0.77926797
vt 0.56402266 0.44475138
vt 0.57238883 0.43040985
vt 0.54200643 0.44276100
vt 0.25286287 0.76149976
vt 0.26406389 0.78882843
vt 0.27018827 0.77723825
vt 0.79646754 0.61139405
vt 0.79160398 0.61991489
vt 0.20063913 0.24026155
vt 0.20674711 0.23334414
vt 0.17140105 0.21409923
vt 0.51281297 0.52784169
vt 0.51471817 0.53442061
vt 0.52184153 0.52510619
vt 0.91418749 0.98373973
vt 0.07146887 0.36046910
vt 0.05677558 0.37818223
vt 0.07711468 0.37223184
vt 0.15540807 0.39418143
vt 0.14957286 0.38116854
vt 0.11442715 0.39813894
vt 0.26332483 0.24574518
vt 0.26984569 0.26438153
vt 0.27278689 0.25456560
vt 0.11593042 0.25452358
vt 0.12176613 0.25207436
vt 0.10067558 0.22712582
vt 0.63307232 0.53685278
vt 0.61991572 0.52435625
vt 0.64292186 0.55267799
vt 0.68634385 0.27649719
vt 0.68587101 0.28281337
vt 0.70664060 0.26522338
vt 0.14421733 0.89303046
vt 0.13872841 0.90843099
vt 0.14296269 0.87742519
vt 0.16921031 0.28055340
vt 0.17033397 0.28375244
vt 0.18527898 0.28077912
vt 0.14693445 0.27841061
vt 0.15350971 0.28430027
vt 0.15418528 0.27673000
vt 0.37122408 0.28136021
vt 0.36542606 0.26101565
vt 0.36509117 0.28798437
vt 0.65618587 0.90379184
vt 0.72839916 0.67766654
vt 0.74443823 0.67794967
vt 0.72880352 0.66323209
vt 0.70189160 0.68018496
vt 0.76179421 0.05482560
vt 0.75518370 0.05191290
vt 0.74884355 0.07030761
vt 0.54393059 0.33780134
vt 0.53527051 0.35656840
vt 0.54531175 0.34578878
vt 0.60600227 0.03043187
vt 0.51136070 0.74689281
vt 0.52984852 0.73892939
vt 0.50600994 0.73487842
vt 0.55214769 0.65773791
vt 0.49012440 0.62155139
vt 0.47406235 0.62985688
vt 0.48782447 0.63050616
vt 0.79561234 0.12740999
vt 0.78853196 0.12409347
vt 0.80065811 0.14437044
vt 0.77106345 0.18498403
vt 0.77978212 0.16777879
vt 0.77626556 0.16251749
vt 0.50299108 0.29368317
vt 0.50409305 0.27874511
vt 0.49869174 0.27875406
vt 0.71292984 0.02254397
vt 0.72844255 0.01818490
vt 0.71284693 0.01607800
vt 0.71906841 0.46506840
vt 0.71238643 0.49291968
vt 0.72048968 0.48426306
vt 0.78098059 0.49645644
vt 0.77570027 0.51489973
vt 0.78329748 0.50702363
vt 0.61775947 0.95515651
vt 0.58442336 0.96139652
vt 0.57578015 0.91555876
vt 0.57722181 0.92185521
vt 0.38389662 0.40281188
vt 0.39190963 0.41735315
vt 0.40120593 0.41173321
vt 0.10066985 0.72728002
vt 0.10726664 0.73732126
vt 0.11131220 0.72191870
vt 0.15265375 0.27158296
vt 0.13496815 0.27340919
vt 0.29797646 0.27629626
vt 0.28816512 0.29453027
vt 0.29393554 0.29179788
vt 0.31330425 0.37497854
vt 0.30636784 0.35998917
vt 0.29951158 0.35902315
vt 0.31881863 0.34590393
vt 0.31621894 0.36894089
vt 0.32909155 0.38089025
vt 0.55280834 0.57708251
vt 0.54195619 0.56484526
vt 0.55659616 0.58465409
vt 0.55395257 0.60269421
vt 0.56553024 0.59390652
vt 0.47760430 0.87538779
vt 0.46044004 0.86293697
vt 0.49264291 0.83775491
vt 0.66186547 0.18754423
vt 0.72822231 0.15810305
vt 0.71182734 0.13843882
vt 0.71668464 0.15155184
vt 0.27869317 0.03604549
vt 0.26032296 0.03984803
vt 0.27162009 0.04571998
vt 0.05444409 0.85858476
vt 0.05395078 0.85062981
vt 0.04545764 0.86579239
vt 0.58396339 0.29732102
vt 0.61445451 0.28837562
vt 0.61020988 0.28015059
vt 0.65378135 0.25665951
vt 0.62402695 0.27314866
vt 0.64807862 0.26367337
vt 0.36786312 0.43425304
vt 0.35296991 0.42073989
vt 0.35064030 0.43298423
vt 0.32545441 0.38240349
vt 0.61625290 0.74521512
vt 0.60301840 0.72915304
vt 0.60253721 0.74877477
vt 0.82111675 0.51932943
vt 0.82594430 0.53207028
vt 0.83064455 0.52273935
vt 0.94254911 0.65968645
vt 0.96225715 0.65790689
vt 0.95076835 0.64414585
vt 0.75881326 0.71134007
vt 0.74077088 0.70957398
vt 0.74917710 0.72657818
vt 0.79980600 0.25524676
vt 0.78423971 0.25812554
vt 0.79650629 0.26973736
vt 0.27668464 0.65250504
vt 0.27186021 0.66685343
vt 0.28002137 0.67162573
vt 0.80614728 0.05950296
vt 0.80980569 0.06915092
vt 0.31158015 0.27008307
vt 0.31256825 0.28453785
vt 0.32867151 0.29085177
vt 0.34528333 0.33227593
vt 0.34788910 0.31499350
vt 0.34011766 0.33102608
vt 0.48195404 0.12120312
vt 0.47218099 0.13892138
vt 0.48747677 0.11992335
vt 0.50133806 0.20382845
vt 0.50192648 0.20978278
vt 0.50978303 0.19129688
vt 0.95152593 0.73261607
vt 0.96508592 0.72378886
vt 0.94907910 0.72340393
vt 0.96212614 0.69395030
vt 0.96214622 0.68208832
vt 0.13303058 0.86916447
vt 0.12617919 0.87311727
vt 0.10886151 0.83474934
vt 0.12299187 0.85491878
vt 0.12082865 0.83869237
vt 0.31340596 0.87104040
vt 0.33081275 0.84410864
vt 0.31877762 0.84588045
vt 0.43549594 0.50481057
vt 0.41459563 0.49883103
vt 0.39231610 0.52452004
vt 0.14022927 0.62593669
vt 0.13360307 0.64418221
vt 0.16289656 0.64245647
vt 0.08313426 0.65508270
vt 0.07735796 0.63746887
vt 0.06843021 0.65336597
vt 0.79273725 0.67241168
vt 0.80410194 0.67977154
vt 0.80155045 0.66839373
vt 0.73677707 0.82425308
vt 0.74066925 0.80848861
vt 0.31245035 0.25897616
vt 0.31086639 0.22555465
vt 0.30370843 0.23801631
vt 0.36103860 0.27384454
vt 0.35966390 0.25107092
vt 0.55957460 0.95001590
vt 0.55399585 0.93531597
vt 0.53906286 0.93832588
vt 0.41842812 0.76740056
vt 0.41954908 0.75813866
vt 0.40838617 0.76709044
vt 0.43806404 0.72928214
vt 0.42560831 0.72911954
vt 0.43763632 0.74105036
vt 0.74992222 0.38512200
vt 0.74867976 0.37553889
vt 0.74190605 0.38943231
vt 0.79861784 0.28870869
vt 0.78846020 0.30649120
vt 0.79663765 0.30782008
vt 0.07487396 0.73845100
vt 0.06439546 0.73076731
vt 0.05985728 0.74621850
vt 0.01550615 0.16414696
vt 0.01029069 0.17118299
vt 0.02020981 0.17941821
vt 0.09370040 0.23388857
vt 0.07336751 0.22872078
vt 0.08290897 0.23675382
vt 0.03610259 0.18707430
vt 0.04226286 0.18929887
vt 0.02537064 0.16598749
vt 0.57420385 0.11881477
vt 0.58641911 0.11389661
vt 0.57533473 0.10374022
vt 0.46782032 0.46569049
vt 0.44439706 0.44175309
vt 0.44332984 0.46028632
vt 0.76799089 0.30066419
vt 0.76068842 0.31072503
vt 0.77149397 0.30978692
vt 0.71476185 0.37455738
vt 0.72819114 0.35495567
vt 0.72523469 0.33997375
vt 0.39357269 0.81844747
vt 0.39572701 0.83350587
vt 0.40440601 0.82468271
vt 0.40668419 0.81794387
vt 0.41245177 0.81451643
vt 0.40147001 0.81023097
vt 0.83227158 0.35304499
vt 0.82514971 0.36130255
vt 0.83983552 0.36961323
vt 0.78240269 0.41748697
vt 0.78759289 0.43053269
vt 0.79400903 0.43236601
vt 0.64616501 0.54710448
vt 0.66048294 0.52967262
vt 0.65824860 0.52132523
vt 0.67714030 0.47417742
vt 0.68548018 0.46408927
vt 0.67929000 0.45713305
vt 0.76138723 0.02744663
vt 0.76898801 0.03057945
vt 0.75303495 0.01725811
vt 0.20234656 0.73907709
vt 0.22890180 0.74634391
vt 0.22726792 0.73760515
vt 0.73185843 0.70808208
vt 0.73255038 0.73757136
vt 0.74154019 0.73409128
vt 0.74814820 0.80194139
vt 0.74383229 0.78377402
vt 0.38920012 0.43598962
vt 0.39374289 0.44477069
vt 0.39866331 0.43311709
vt 0.00518392 0.15951294
vt 0.01641064 0.15900970
vt 0.00786850 0.14977014
vt 0.81251901 0.37146813
vt 0.80810952 0.35774374
vt 0.80681664 0.37236828
vt 0.81167942 0.39189392
vt 0.80722249 0.38580483
vt 0.80437917 0.42426640
vt 0.39032823 0.62943387
vt 0.38207734 0.60547864
vt 0.37192851 0.62561250
vt 0.33252847 0.55526900
vt 0.33263016 0.54449201
vt 0.31245458 0.53746092
vt 0.96444547 0.73251951
vt 0.94107068 0.74510139
vt 0.95756340 0.75479829
vt 0.23085506 0.07720041
vt 0.04762279 0.91059393
vt 0.03082878 0.90798187
vt 0.05876077 0.92529863
vt 0.32885388 0.73086232
vt 0.80782193 0.41309309
vt 0.81375307 0.40750676
vt 0.88330090 0.45058769
vt 0.37138522 0.64072877
vt 0.38382888 0.63468122
vt 0.05051229 0.60280854
vt 0.04418856 0.58788323
vt 0.02726091 0.58869970
vt 0.66136307 0.56054747
vt 0.65853643 0.54807210
vt 0.64989507 0.57010603
vt 0.70901114 0.26098239
vt 0.67591631 0.25188327
vt 0.67947906 0.25862879
vt 0.68143916 0.05375522
vt 0.66544610 0.06685317
vt 0.66989744 0.06983626
vt 0.72737801 0.04631263
vt 0.73224318 0.04901755
vt 0.73764497 0.02940291
vt 0.85638118 0.49140459
vt 0.85026699 0.47744507
vt 0.84280628 0.48283356
vt 0.88273835 0.51162934
vt 0.86614305 0.49959737
vt 0.86662328 0.50733489
vt 0.94846016 0.27210337
vt 0.95615679 0.29523802
vt 0.95565999 0.26917392
vt 0.91934919 0.94563711
vt 0.14530592 0.23079377
vt 0.16767375 0.24554408
vt 0.14534163 0.21877992
vt 0.09295928 0.18094307
vt 0.32643834 0.20999241
vt 0.32048193 0.21028507
vt 0.33050933 0.22480917
vt 0.32002899 0.19633973
vt 0.75268942 0.56626678
vt 0.76127905 0.57617277
vt 0.75896209 0.55547571
vt 0.72899306 0.65384114
vt 0.72539455 0.64253545
vt 0.71292865 0.63587677
vt 0.69829232 0.08726221
vt 0.71667498 0.06130028
vt 0.72617942 0.05906290
vt 0.05952540 0.50691581
vt 0.04452140 0.52018404
vt 0.05740127 0.52549827
vt 0.04928402 0.56458282
vt 0.03572132 0.56619632
vt 0.04573964 0.57299775
vt 0.51424146 0.72324109
vt 0.43061259 0.85834527
vt 0.90758878 0.51184177
vt 0.89509904 0.51303804
vt 0.90267533 0.53362274
vt 0.91461617 0.46358514
vt 0.90444225 0.46284354
vt 0.89717495 0.48076880
vt 0.77766532 0.61064935
vt 0.77285367 0.62361479
vt 0.77967441 0.62314063
vt 0.77602345 0.59596229
vt 0.77129132 0.58464175
vt 0.76473838 0.58512229
vt 0.37675551 0.11858594
vt 0.39211193 0.11776501
vt 0.37858340 0.10597897
vt 0.40198237 0.12257361
vt 0.39647168 0.14064598
vt 0.40519962 0.14728451
vt 0.19580789 0.64606130
vt 0.17683013 0.65139735
vt 0.19115062 0.65568763
vt 0.18042576 0.62246245
vt 0.16555089 0.61803770
vt 0.16961305 0.63360733
vt 0.40660274 0.37437773
vt 0.40667310 0.40128732
vt 0.42163578 0.38015145
vt 0.36825052 0.34247738
vt 0.38046420 0.34396535
vt 0.36886749 0.33521944
vt 0.73153299 0.48306870
vt 0.73186255 0.46551788
vt 0.78558004 0.08808774
vt 0.77798200 0.08986020
vt 0.78233004 0.10686398
vt 0.09546177 0.93156666
vt 0.10491440 0.95085394
vt 0.10951235 0.94043809
vt 0.27501935 0.70009059
vt 0.28008944 0.67825329
vt 0.27476203 0.68618035
vt 0.77105469 0.91254467
vt 0.77593929 0.89791453
vt 0.76911700 0.90594685
vt 0.74543947 0.94510639
vt 0.74038130 0.95880395
vt 0.74681455 0.95042408
vt 0.20788957 0.65129662
vt 0.20137008 0.65827870
vt 0.81500399 0.20222032
vt 0.81899059 0.21449023
vt 0.83261806 0.21493214
vt 0.46288517 0.13667536
vt 0.94983524 0.47652990
vt 0.94451338 0.45689398
vt 0.94259185 0.46201110
vt 0.06950893 0.15800810
vt 0.07359391 0.15265292
vt 0.06444001 0.15447181
vt 0.06981666 0.14638984
vt 0.06089885 0.14033270
vt 0.71793991 0.38725495
vt 0.93786240 0.37833160
vt 0.93899202 0.35820156
vt 0.93157864 0.38476461
vt 0.70385963 0.37486392
vt 0.71639925 0.35520047
vt 0.62946624 0.39742154
vt 0.62993914 0.40323877
vt 0.07045663 0.90465087
vt 0.06791511 0.91590476
vt 0.07852440 0.91250533
vt 0.08642612 0.94591105
vt 0.10350494 0.95766973
vt 0.09727473 0.94200939
vt 0.44292656 0.59625387
vt 0.45627305 0.58212042
vt 0.41809976 0.56665111
vt 0.41165614 0.62828135
vt 0.42986873 0.61106002
vt 0.39887330 0.60916132
vt 0.50367028 0.55841470
vt 0.51861936 0.57159537
vt 0.50814342 0.55241513
vt 0.49318078 0.56134284
vt 0.50811100 0.57935572
vt 0.49800912 0.55875587
vt 0.93465173 0.35936642
vt 0.92061204 0.36251688
vt 0.92369956 0.37924629
vt 0.92155653 0.31804842
vt 0.92432779 0.34380788
vt 0.93177742 0.34925145
vt 0.85472608 0.78195518
vt 0.86673379 0.76852369
vt 0.86393654 0.76124132
vt 0.59711814 0.97013634
vt 0.61899352 0.96319050
vt 0.14619571 0.24483222
vt 0.15306045 0.24411774
vt 0.14175136 0.23410660
vt 0.15701871 0.27907622
vt 0.16109325 0.27195537
vt 0.68719846 0.92590493
vt 0.69304174 0.92823017
vt 0.70843101 0.90933812
vt 0.57039416 0.27758098
vt 0.56334168 0.28816223
vt 0.57598495 0.28314948
vt 0.66962594 0.77588218
vt 0.68610072 0.75968510
vt 0.67309916 0.75444466
vt 0.70512402 0.74617690
vt 0.31178853 0.05276847
vt 0.28792974 0.10197037
vt 0.30435634 0.09464496
vt 0.29959759 0.09260482
vt 0.90412956 0.30603421
vt 0.91867143 0.32485509
vt 0.90820938 0.32704163
vt 0.91458875 0.33660167
vt 0.29709020 0.11154628
vt 0.30557996 0.12381601
vt 0.30580649 0.10730726
vt 0.33985436 0.11711252
vt 0.34268859 0.12707186
vt 0.35004845 0.10846508
vt 0.59774351 0.20823836
vt 0.60413468 0.19655931
vt 0.59754872 0.19275618
vt 0.60999453 0.16119820
vt 0.60075277 0.17211932
vt 0.60694659 0.18041712
vt 0.52614158 0.88540506
vt 0.54633260 0.89051723
vt 0.52612787 0.87872964
vt 0.51963377 0.85422111
vt 0.22897270 0.53517121
vt 0.28261614 0.53872991
vt 0.23180990 0.51457369
vt 0.19327854 0.58869565
vt 0.19519307 0.57298410
vt 0.26935247 0.93411249
vt 0.92417264 0.15285093
vt 0.93125707 0.16919279
vt 0.24111035 0.60153615
vt 0.24255814 0.59219646
vt 0.22095001 0.59429222
vt 0.18968055 0.63969791
vt 0.17305136 0.64059842
vt 0.85035622 0.37260991
vt 0.84601617 0.31660318
vt 0.84821904 0.34123838
vt 0.85343826 0.31784582
vt 0.08228979 0.62831771
vt 0.06915028 0.62082422
vt 0.08704265 0.64939564
vt 0.85242712 0.81028599
vt 0.83765095 0.81825984
vt 0.83976221 0.82699776
vt 0.78753704 0.82077229
vt 0.79125226 0.82381004
vt 0.12997738 0.21831429
vt 0.13326566 0.21247590
vt 0.11689220 0.21331984
vt 0.10742888 0.21824700
vt 0.13019857 0.23667133
vt 0.12891439 0.22395778
vt 0.62385303 0.03480601
vt 0.63526988 0.05410635
vt 0.64505970 0.04821402
vt 0.35844555 0.93392575
vt 0.36839223 0.95958555
vt 0.38165146 0.96066606
vt 0.12464419 0.74822080
vt 0.11639072 0.76239514
vt 0.09699058 0.76599354
vt 0.10815758 0.78098881
vt 0.66230094 0.30766046
vt 0.65556014 0.30535680
vt 0.65320641 0.30824590
vt 0.62403047 0.29470301
vt 0.61390364 0.30962932
vt 0.61417359 0.31722534
vt 0.78791356 0.37346530
vt 0.78439170 0.37930596
vt 0.78564334 0.39906532
vt 0.55549008 0.13166732
vt 0.54663807 0.14554954
vt 0.57679337 0.13832146
vt 0.78125018 0.68026680
vt 0.79297209 0.68034947
vt 0.78240407 0.66931677
vt 0.76859725 0.60810804
vt 0.76176959 0.63394547
vt 0.02633424 0.17732030
vt 0.31472582 0.38509732
vt 0.32645831 0.41441816
vt 0.32915524 0.40456313
vt 0.74793470 0.52643871
vt 0.74669695 0.50961810
vt 0.74235576 0.52371716
vt 0.75352740 0.49174005
vt 0.75575793 0.49738199
vt 0.76885474 0.47842783
vt 0.90977341 0.39114571
vt 0.90019965 0.45278603
vt 0.81929857 0.24061918
vt 0.82169551 0.25864369
vt 0.83381528 0.25260377
vt 0.21649644 0.63092315
vt 0.23045252 0.62568343
vt 0.20681815 0.61689961
vt 0.64105320 0.77725059
vt 0.66211373 0.81747741
vt 0.67366993 0.81050432
vt 0.66343349 0.79869545
vt 0.39513594 0.22003686
vt 0.39046744 0.22592467
vt 0.40969130 0.23422778
vt 0.66224688 0.94386435
vt 0.67590964 0.93574560
vt 0.66123110 0.91575611
vt 0.78336263 0.81798410
vt 0.79672194 0.80842108
vt 0.78525573 0.81050301
vt 0.84948635 0.49713039
vt 0.84838986 0.50602102
vt 0.71882868 0.17770159
vt 0.70031101 0.16926640
vt 0.71481436 0.18282837
vt 0.60504460 0.29699540
vt 0.58644247 0.30403244
vt 0.58466899 0.31590062
vt 0.41295284 0.24506032
vt 0.42778653 0.24552161
vt 0.42002329 0.26240021
vt 0.40927511 0.25239444
vt 0.41470087 0.26366675
vt 0.87354285 0.33281946
vt 0.86704212 0.32340509
vt 0.85827845 0.33304954
vt 0.42669582 0.13375086
vt 0.43858239 0.11840641
vt 0.41943264 0.13156474
vt 0.67946333 0.09532964
vt 0.69320673 0.10394406
vt 0.68436199 0.08570123
vt 0.65353143 0.08080792
vt 0.65419763 0.08785754
vt 0.36602193 0.81192827
vt 0.36169517 0.80688262
vt 0.36181867 0.82380724
vt 0.30351350 0.92976105
vt 0.41256025 0.14277112
vt 0.40903097 0.15388924
vt 0.41636211 0.16448611
vt 0.59106201 0.40689015
vt 0.57649177 0.42130160
vt 0.59018785 0.41654909
vt 0.35531935 0.55582368
vt 0.34411040 0.54615003
vt 0.37108576 0.51931679
vt 0.38213521 0.52563876
vt 0.38636366 0.50950050
vt 0.68991643 0.13603008
vt 0.69115680 0.14295208
vt 0.70961946 0.15396971
vt 0.66384798 0.09687871
vt 0.66940033 0.11880755
vt 0.67534190 0.11578870
vt 0.18088384 0.78440171
vt 0.17841907 0.79604560
vt 0.18767121 0.79405588
vt 0.81236327 0.48268080
vt 0.81672645 0.47568119
vt 0.79876035 0.47637278
vt 0.83597857 0.49552590
vt 0.25109002 0.79410619
vt 0.26149446 0.81055135
vt 0.28011367 0.79174137
vt 0.24112806 0.80916899
vt 0.24896018 0.81162786
vt 0.71756071 0.66906500
vt 0.10181608 0.67074490
vt 0.10830650 0.65799677
vt 0.09960447 0.65390944
vt 0.76257247 0.53057945
vt 0.75753433 0.52863681
vt 0.75331718 0.54415160
vt 0.78997058 0.53798294
vt 0.78567362 0.54577315
vt 0.79313087 0.54980898
vt 0.69905567 0.24199724
vt 0.69469208 0.24797666
vt 0.71697026 0.25524610
vt 0.78465986 0.24162364
vt 0.77083504 0.24043000
vt 0.78149271 0.24827737
vt 0.38072219 0.27410758
vt 0.40749612 0.29197365
vt 0.38207683 0.26205826
vt 0.41019899 0.32905060
vt 0.41692868 0.32903373
vt 0.40093371 0.31131434
vt 0.79041684 0.48288715
vt 0.81316030 0.49673271
vt 0.81327903 0.49006283
vt 0.75444877 0.83428520
vt 0.74302089 0.84283745
vt 0.74273753 0.84909064
vt 0.88886732 0.02111667
vt 0.97039914 0.87806845
vt 0.93226576 0.46643299
vt 0.23783815 0.40430796
vt 0.27281553 0.40335464
vt 0.24994709 0.39776218
vt 0.86030579 0.39920455
vt 0.84851450 0.37959224
vt 0.85426491 0.40312260
vt 0.82635111 0.44411772
vt 0.82225162 0.44830507
vt 0.83605772 0.45724225
vt 0.81947988 0.86245286
vt 0.82545048 0.83036000
vt 0.81716055 0.84630573
vt 0.78608006 0.86828816
vt 0.25435740 0.61809695
vt 0.27175891 0.61575592
vt 0.27227861 0.60259432
vt 0.29015180 0.57119155
vt 0.28763172 0.58701432
vt 0.30454999 0.56841516
vt 0.40231818 0.80313665
vt 0.41268939 0.80616271
vt 0.37370154 0.80650336
vt 0.39208129 0.80768692
vt 0.39607671 0.80132437
vt 0.10606478 0.15647990
vt 0.82801330 0.60610861
vt 0.84045142 0.62050307
vt 0.84835130 0.62031364
vt 0.60917163 0.83910453
vt 0.59454006 0.83062541
vt 0.59915465 0.85533553
vt 0.16959763 0.73104787
vt 0.16920802 0.74361527
vt 0.18023166 0.72486258
vt 0.69515914 0.15052354
vt 0.66071188 0.12343329
vt 0.12401228 0.36192155
vt 0.14537583 0.35218304
vt 0.14881061 0.32460678
vt 0.13337632 0.34484428
vt 0.89967281 0.32288665
vt 0.89190364 0.33920211
vt 0.89948142 0.34092551
vt 0.88503528 0.39411634
vt 0.88380092 0.39926302
vt 0.89256209 0.41095048
vt 0.82837856 0.82961255
vt 0.82358670 0.84686852
vt 0.83254886 0.84042954
vt 0.81827670 0.87416691
vt 0.82934803 0.87171626
vt 0.83018178 0.86622328
vt 0.46452299 0.93274188
vt 0.43594959 0.92756110
vt 0.41871396 0.42391509
vt 0.42669106 0.43125552
vt 0.43637854 0.41073424
vt 0.78410220 0.06040001
vt 0.79189765 0.07562310
vt 0.78555226 0.04082292
vt 0.78336304 0.08122921
vt 0.79218417 0.08407992
vt 0.78280270 0.07168013
vt 0.13327378 0.14840990
vt 0.12648802 0.14041358
vt 0.11831411 0.14526129
vt 0.14570312 0.16760796
vt 0.13880345 0.15672702
vt 0.13222942 0.15846825
vt 0.44058207 0.84154832
vt 0.44419059 0.83283895
vt 0.42127389 0.83514369
vt 0.46756971 0.85011697
vt 0.70148998 0.78520811
vt 0.82667500 0.64445776
vt 0.82351536 0.62173843
vt 0.82188660 0.64226007
vt 0.48112473 0.80951262
vt 0.53313851 0.83947206
vt 0.18326688 0.14736730
vt 0.18774492 0.14341360
vt 0.17287609 0.12606335
vt 0.82936651 0.66673160
vt 0.82080424 0.66673875
vt 0.83460766 0.68454194
vt 0.91783196 0.42553049
vt 0.90943861 0.40685236
vt 0.90276086 0.40760761
vt 0.89633352 0.40903938
vt 0.90084141 0.38725781
vt 0.89217973 0.38272965
vt 0.76724094 0.88785529
vt 0.74047458 0.93370426
vt 0.74620777 0.93232006
vt 0.74007601 0.92170894
vt 0.31856424 0.59517175
vt 0.30173397 0.60118222
vt 0.30614540 0.61382723
vt 0.32952374 0.63365275
vt 0.30880609 0.61618042
vt 0.31586850 0.64190757
vt 0.33930084 0.31538856
vt 0.32474551 0.22922826
vt 0.31318793 0.21731567
vt 0.32514989 0.24174124
vt 0.76700580 0.09533793
vt 0.77222449 0.10123324
vt 0.77254283 0.08860648
vt 0.75976288 0.16153806
vt 0.75116414 0.14295858
vt 0.08616808 0.33303016
vt 0.07654557 0.34049612
vt 0.08730476 0.35841012
vt 0.29212666 0.74605083
vt 0.29789865 0.76825941
vt 0.30806264 0.75675279
vt 0.19356246 0.83116996
vt 0.18915293 0.84636998
vt 0.15439035 0.87438267
vt 0.17292412 0.88624310
vt 0.16164632 0.86858672
vt 0.14164914 0.20611632
vt 0.16539508 0.19511503
vt 0.14923878 0.19658637
vt 0.12280744 0.17550784
vt 0.13890514 0.18807161
vt 0.12865835 0.17167532
vt 0.58025271 0.04631507
vt 0.59150517 0.04823840
vt 0.58793843 0.04069561
vt 0.41214633 0.84944016
vt 0.42683408 0.84672326
vt 0.41488487 0.84041762
vt 0.73889768 0.90458679
vt 0.76050192 0.89507014
vt 0.75568706 0.89102536
vt 0.72541934 0.93003970
vt 0.72098446 0.92014062
vt 0.71963495 0.94556916
vt 0.92053288 0.88276398
vt 0.91672593 0.89006805
vt 0.97773910 0.21433520
vt 0.98385519 0.20529717
vt 0.97055858 0.20693272
vt 0.44009212 0.18076092
vt 0.44436783 0.18757510
vt 0.44750935 0.17321241
vt 0.45025587 0.19748724
vt 0.45353490 0.21050811
vt 0.46085742 0.19394028
vt 0.73677433 0.27093548
vt 0.73138231 0.28680551
vt 0.74676287 0.28461939
vt 0.72539461 0.24902225
vt 0.87211239 0.78801191
vt 0.86415553 0.78348660
vt 0.85596991 0.79777366
vt 0.27195287 0.47151595
vt 0.26664641 0.45451713
vt 0.23623180 0.47422683
vt 0.21709263 0.50007820
vt 0.25051090 0.51128936
vt 0.23825414 0.49712867
vt 0.90300840 0.36686724
vt 0.89894271 0.36533904
vt 0.50188136 0.42989826
vt 0.48192468 0.43450260
vt 0.49508214 0.45085353
vt 0.51354975 0.44567895
vt 0.52231300 0.46080136
vt 0.89529765 0.69146752
vt 0.89457333 0.68583053
vt 0.90092528 0.66977078
vt 0.91137105 0.66887414
vt 0.91265029 0.66082501
vt 0.69407290 0.91342676
vt 0.70948201 0.90283060
vt 0.70255375 0.90156442
vt 0.74064112 0.89619756
vt 0.35722846 0.32378584
vt 0.35214406 0.32809287
vt 0.39479679 0.32159185
vt 0.38130224 0.31397110
vt 0.21983404 0.96016794
vt 0.20282255 0.95410103
vt 0.20982334 0.96892589
vt 0.96037352 0.20994544
vt 0.97335202 0.21568513
vt 0.54800344 0.54361856
vt 0.54360360 0.55813241
vt 0.55959952 0.52593762
vt 0.56422776 0.54584002
vt 0.57932842 0.53677320
vt 0.69840765 0.31942415
vt 0.68603432 0.33380234
vt 0.69712770 0.32793373
vt 0.67490393 0.31425768
vt 0.85599750 0.75493085
vt 0.84440047 0.75864959
vt 0.84613955 0.76871437
vt 0.21877517 0.35398531
vt 0.21104677 0.33948755
vt 0.20959830 0.35551447
vt 0.17230932 0.16628724
vt 0.18659660 0.17658556
vt 0.17872304 0.16466522
vt 0.17839864 0.18614554
vt 0.19020174 0.18956649
vt 0.19940463 0.18390179
vt 0.76237631 0.59621602
vt 0.76113188 0.61489356
vt 0.74706554 0.56882435
vt 0.75598574 0.58002341
vt 0.43968993 0.47099918
vt 0.44746673 0.49028152
vt 0.47396821 0.47337133
vt 0.50108320 0.46171993
vt 0.51123589 0.47631508
vt 0.38231087 0.14905494
vt 0.40137160 0.15151280
vt 0.87446779 0.64466846
vt 0.86842525 0.64481807
vt 0.72264242 0.85415065
vt 0.72954494 0.86063182
vt 0.73355919 0.84829271
vt 0.71661997 0.86861038
vt 0.71145678 0.89279062
vt 0.35669723 0.30856758
vt 0.35079083 0.30111456
vt 0.34712094 0.28174341
vt 0.34060907 0.28522861
vt 0.48888898 0.12546891
vt 0.46807465 0.16212839
vt 0.45168763 0.17082888
vt 0.45256856 0.17742944
vt 0.61664015 0.90386802
vt 0.61925739 0.89609128
vt 0.60722131 0.89508080
vt 0.62606251 0.87272525
vt 0.61866695 0.85266238
vt 0.61267626 0.87443131
vt 0.58959877 0.57380784
vt 0.58412892 0.57880032
vt 0.59362698 0.58342910
vt 0.27423370 0.55607188
vt 0.24298126 0.55705148
vt 0.26365966 0.56887072
vt 0.78297120 0.34678298
vt 0.78972578 0.32106495
vt 0.77833843 0.32457429
vt 0.26077363 0.36376995
vt 0.27061194 0.36636120
vt 0.27034757 0.34935766
vt 0.24987961 0.34701115
vt 0.25229922 0.33540195
vt 0.68622392 0.84252858
vt 0.66872692 0.83917129
vt 0.68218607 0.85023880
vt 0.17276466 0.13529873
vt 0.17347029 0.14265507
vt 0.11808709 0.31700510
vt 0.10610408 0.34612030
vt 0.12077679 0.32555443
vt 0.12815416 0.31453967
vt 0.13458245 0.29407501
vt 0.12563743 0.30423242
vt 0.38885826 0.64650321
vt 0.39565408 0.66246331
vt 0.40783209 0.64735764
vt 0.03937011 0.56108177
vt 0.04708451 0.55219513
vt 0.04208874 0.54100943
vt 0.19320960 0.27650183
vt 0.20073187 0.28467983
vt 0.21071297 0.27177078
vt 0.89510500 0.62336344
vt 0.91121411 0.63161153
vt 0.90613163 0.61628366
vt 0.77784657 0.91905224
vt 0.78642553 0.91319424
vt 0.79131699 0.89679563
vt 0.76968139 0.93895328
vt 0.70160133 0.88397551
vt 0.61685842 0.17737019
vt 0.62558961 0.17297691
vt 0.61964017 0.15166110
vt 0.49726006 0.16901833
vt 0.48311153 0.18612587
vt 0.49234831 0.18147194
vt 0.45700416 0.18639737
vt 0.47079492 0.17162883
vt 0.41937500 0.37022132
vt 0.41079301 0.36776441
vt 0.42125002 0.34836316
vt 0.42750078 0.34291363
vt 0.96770757 0.26519293
vt 0.96519840 0.25538123
vt 0.96163285 0.28171957
vt 0.97014129 0.29756373
vt 0.73449767 0.36156166
vt 0.74126726 0.36994231
vt 0.75007188 0.33908337
vt 0.73617452 0.31950474
vt 0.73647475 0.33256119
vt 0.75317377 0.31834018
vt 0.73844212 0.23778784
vt 0.70756799 0.23312598
vt 0.72503173 0.23979437
vt 0.69048995 0.57199776
vt 0.68110090 0.57634145
vt 0.67517418 0.58835685
vt 0.58018249 0.66736251
vt 0.59652513 0.67146647
vt 0.57809025 0.65073973
vt 0.60214180 0.71578348
vt 0.61929750 0.72515202
vt 0.58946860 0.69091618
vt 0.57706541 0.96802557
vt 0.58127099 0.97253323
vt 0.54435796 0.94831520
vt 0.52290946 0.93737191
vt 0.33593240 0.56182259
vt 0.34020567 0.56811619
vt 0.31646547 0.57797027
vt 0.79571444 0.63888419
vt 0.79511297 0.62203968
vt 0.79085493 0.63819718
vt 0.81803900 0.62751091
vt 0.86488599 0.46863538
vt 0.85662848 0.46146071
vt 0.86259907 0.48600721
vt 0.86799759 0.43596661
vt 0.87350786 0.41376913
vt 0.86587703 0.42756790
vt 0.30532488 0.22538733
vt 0.28213373 0.27345353
vt 0.28780144 0.27419579
vt 0.97134280 0.93684751
vt 0.95722491 0.94555146
vt 0.90377271 0.27973843
vt 0.89792597 0.26709419
vt 0.43409836 0.76432133
vt 0.43713573 0.75258589
vt 0.46085119 0.78735274
vt 0.48653188 0.80092859
vt 0.47064587 0.77912360
vt 0.68437427 0.31541717
vt 0.68303221 0.32180351
vt 0.69354570 0.32147598
vt 0.71707517 0.28103513
vt 0.71278441 0.29216444
vt 0.72315317 0.28353179
vt 0.21125168 0.44353861
vt 0.21864380 0.45746225
vt 0.26270607 0.41198283
vt 0.23681650 0.40902752
vt 0.55671406 0.92511642
vt 0.55353165 0.91933948
vt 0.52574450 0.91985124
vt 0.56355143 0.91977262
vt 0.83752435 0.77441144
vt 0.82830936 0.79616892
vt 0.83946043 0.78476441
vt 0.83618784 0.80381936
vt 0.84329009 0.78892708
vt 0.82956690 0.80320615
vt 0.03478713 0.15049100
vt 0.01491776 0.14870387
vt 0.02599229 0.16201514
vt 0.05248092 0.16864073
vt 0.06520842 0.17514074
vt 0.05229077 0.15646344
vt 0.07198561 0.89626360
vt 0.07473070 0.89301002
vt 0.06371433 0.88434088
vt 0.59986562 0.69171011
vt 0.64901692 0.73396707
vt 0.63093078 0.69923097
vt 0.62138939 0.70476377
vt 0.54551065 0.92995214
vt 0.62547934 0.93049645
vt 0.56280756 0.27159297
vt 0.52239782 0.26740742
vt 0.80641627 0.60037166
vt 0.81453544 0.62083197
vt 0.81879508 0.61106551
vt 0.83477795 0.60379970
vt 0.81677055 0.59678721
vt 0.69869691 0.54823780
vt 0.69659716 0.56442636
vt 0.70321226 0.54957163
vt 0.68954241 0.54292077
vt 0.69102192 0.53202248
vt 0.67890078 0.55073118
vt 0.29175222 0.77482641
vt 0.28181928 0.75086915
vt 0.29311210 0.79475170
vt 0.28901768 0.82386535
vt 0.29965478 0.83408457
vt 0.31054896 0.09663767
vt 0.31985918 0.09076905
vt 0.30961245 0.07872623
vt 0.32932907 0.11886513
vt 0.33117345 0.10125226
vt 0.32359445 0.11314243
vt 0.49184033 0.57185590
vt 0.50393039 0.58483928
vt 0.49295360 0.58146787
vt 0.36343211 0.64736450
vt 0.34500107 0.63201761
vt 0.34077728 0.65006465
vt 0.36035156 0.66105843
vt 0.37022635 0.68152273
vt 0.66043383 0.76074749
vt 0.65528661 0.79784763
vt 0.09093088 0.19833785
vt 0.09850381 0.19852728
vt 0.08532503 0.18450779
vt 0.08926047 0.22024882
vt 0.08727073 0.21309584
vt 0.64147991 0.76230431
vt 0.65247285 0.76026607
vt 0.63228363 0.73137534
vt 0.65826333 0.78238279
vt 0.70621306 0.33647764
vt 0.71562326 0.32847041
vt 0.71473670 0.31958461
vt 0.43622303 0.13106889
vt 0.45301005 0.15093595
vt 0.44622865 0.14812469
vt 0.44055122 0.16292733
vt 0.11702997 0.42902446
vt 0.16732371 0.42277259
vt 0.21757008 0.43298644
vt 0.26091388 0.41729188
vt 0.21600327 0.42559624
vt 0.86029893 0.42728865
vt 0.85943925 0.44404054
vt 0.83127892 0.43594223
vt 0.84101218 0.42991596
vt 0.74031645 0.05680805
vt 0.73610312 0.07653141
vt 0.74737996 0.05647373
vt 0.71919912 0.10977912
vt 0.73054343 0.12542671
vt 0.72676063 0.10854524
vt 0.51739573 0.69037032
vt 0.51346231 0.67021120
vt 0.50380743 0.67200315
vt 0.50735664 0.68460333
vt 0.08603943 0.32262266
vt 0.26942211 0.74931329
vt 0.27073461 0.76627058
vt 0.32624367 0.09344310
vt 0.31680343 0.10402894
vt 0.33673409 0.08388668
vt 0.45890066 0.53021181
vt 0.48108795 0.53425026
vt 0.07306910 0.41570055
vt 0.10282740 0.41026264
vt 0.08080073 0.40350330
vt 0.49600524 0.42389297
vt 0.48447615 0.42127997
vt 0.45118237 0.41579282
vt 0.41989800 0.15694362
vt 0.42312020 0.17628211
vt 0.42827842 0.15063012
vt 0.41760355 0.14823502
vt 0.59035724 0.20302033
vt 0.58802676 0.22731638
vt 0.58648747 0.21891844
vt 0.57800597 0.23596954
vt 0.26312262 0.84404612
vt 0.26976469 0.85834563
vt 0.27849820 0.84016860
vt 0.64391339 0.05934042
vt 0.27416849 0.43551409
vt 0.26712078 0.42786223
vt 0.26869598 0.42228365
vt 0.09484889 0.61915755
vt 0.09425884 0.63842672
vt 0.10298453 0.64033252
vt 0.07540748 0.61616737
vt 0.05456494 0.59097958
vt 0.72533828 0.16922039
vt 0.71019733 0.15088248
vt 0.72804809 0.19824350
vt 0.72651833 0.18062979
vt 0.92446393 0.72755980
vt 0.93692571 0.73137522
vt 0.93994194 0.72298026
vt 0.69867569 0.52149028
vt 0.69929558 0.53926516
vt 0.70555896 0.53082204
vt 0.71832818 0.50890958
vt 0.72350436 0.49021971
vt 0.70935249 0.51414418
vt 0.73206419 0.64761341
vt 0.73922288 0.62511438
vt 0.73509324 0.62113488
vt 0.74647784 0.63907391
vt 0.74388391 0.65428519
vt 0.74947578 0.65328944
vt 0.67843878 0.69644600
vt 0.67640817 0.71304291
vt 0.69224668 0.72547299
vt 0.67725170 0.72348940
vt 0.67328376 0.73972607
vt 0.68393517 0.74010623
vt 0.41859335 0.58499449
vt 0.40453172 0.56674993
vt 0.39154899 0.56943095
vt 0.37757188 0.53922188
vt 0.36736310 0.54509306
vt 0.38190782 0.55795807
vt 0.48368180 0.90467560
vt 0.49004278 0.88952529
vt 0.47377369 0.90080863
vt 0.50608635 0.85674435
vt 0.50569516 0.87476683
vt 0.08823102 0.96310532
vt 0.08764825 0.97528338
vt 0.09962497 0.97054040
vt 0.29347864 0.69576859
vt 0.28795052 0.67488420
vt 0.28252488 0.70178187
vt 0.27969116 0.95492977
vt 0.27360758 0.98210621
vt 0.40196604 0.73638868
vt 0.41290638 0.72974336
vt 0.79154748 0.18997341
vt 0.80064183 0.22069347
vt 0.78610444 0.21804702
vt 0.79703569 0.22844553
vt 0.80954355 0.94482064
vt 0.79247868 0.96962231
vt 0.80866092 0.95022488
vt 0.31028223 0.19099563
vt 0.30991101 0.19944555
vt 0.73106980 0.30442840
vt 0.71267039 0.30551732
vt 0.39300203 0.10817385
vt 0.18007274 0.77420950
vt 0.18879016 0.72792089
vt 0.17523456 0.74258506
vt 0.18620639 0.75535238
vt 0.68451881 0.53622258
vt 0.64973456 0.54585195
vt 0.95786399 0.11572206
vt 0.95525986 0.06745040
vt 0.93631035 0.05517036
vt 0.23295952 0.68132120
vt 0.23515172 0.66837454
vt 0.22576112 0.66660440
vt 0.64859504 0.82067537
vt 0.64178276 0.80970424
vt 0.63223368 0.81350458
vt 0.65438157 0.81125772
vt 0.15092038 0.96622062
vt 0.12418479 0.95191777
vt 0.14989047 0.97986627
vt 0.24756220 0.64786309
vt 0.24523760 0.66864544
vt 0.25585690 0.65690404
vt 0.78652048 0.55108207
vt 0.79486191 0.55829030
vt 0.82320058 0.59390366
vt 0.58198923 0.09801412
vt 0.51806968 0.05952549
vt 0.06347596 0.64278758
vt 0.05534755 0.61663592
vt 0.05151923 0.62860614
vt 0.35417682 0.76904553
vt 0.34366509 0.76095974
vt 0.32260570 0.76854181
vt 0.12193323 0.67176580
vt 0.12764528 0.66111064
vt 0.10897211 0.66548300
vt 0.10568719 0.64014065
vt 0.11409473 0.64137483
vt 0.10000969 0.61409187
vt 0.60288286 0.07251209
vt 0.61068690 0.05372423
vt 0.59254038 0.05957294
vt 0.64289963 0.07340807
vt 0.62353116 0.06362331
vt 0.62661344 0.07763785
vt 0.58453423 0.21377093
vt 0.76157665 0.22401643
vt 0.77260166 0.23215848
vt 0.78291708 0.23156303
vt 0.77413970 0.22356737
vt 0.66674793 0.41285115
vt 0.68149185 0.41301900
vt 0.68707073 0.40166128
vt 0.70519823 0.35234702
vt 0.70973849 0.34062910
vt 0.77822208 0.37834913
vt 0.76602328 0.38220733
vt 0.76785654 0.40096188
vt 0.76848674 0.34555048
vt 0.76465440 0.36315763
vt 0.49138010 0.87643605
vt 0.50443625 0.89794648
vt 0.52158070 0.88971913
vt 0.52720994 0.90199816
vt 0.54462510 0.89957857
vt 0.53567415 0.30227220
vt 0.52741116 0.30178642
vt 0.53130823 0.31303048
vt 0.52666563 0.33380097
vt 0.52878720 0.35902995
vt 0.53496563 0.34372771
vt 0.85276479 0.47096193
vt 0.65949267 0.72989476
vt 0.66878492 0.72024333
vt 0.65709180 0.70357102
vt 0.66927958 0.69443631
vt 0.36158150 0.41529113
vt 0.34038639 0.37331110
vt 0.33323658 0.35972530
vt 0.33326054 0.38028538
vt 0.27984428 0.10965532
vt 0.27733448 0.09944290
vt 0.27182552 0.11459136
vt 0.29133940 0.13226843
vt 0.81177658 0.86285937
vt 0.79719979 0.89115483
vt 0.79586399 0.90199327
vt 0.56010091 0.61506546
vt 0.57730210 0.63534343
vt 0.57019728 0.60715377
vt 0.56232905 0.63829708
vt 0.55415380 0.07808763
vt 0.53597510 0.09403628
vt 0.56022489 0.08576453
vt 0.39397126 0.90211844
vt 0.36742449 0.88585782
vt 0.43147030 0.27502841
vt 0.42518356 0.27543634
vt 0.43870106 0.29473585
vt 0.39124539 0.26483518
vt 0.39579931 0.27655011
vt 0.40298751 0.27288824
vt 0.28382742 0.85951096
vt 0.28796282 0.87077117
vt 0.27466452 0.89311248
vt 0.28127390 0.88223565
vt 0.26363841 0.87657607
vt 0.25754914 0.88725084
vt 0.26482296 0.89650905
vt 0.38112569 0.16074413
vt 0.32515666 0.14135730
vt 0.33453420 0.15214604
vt 0.33919245 0.13685751
vt 0.11184870 0.94925767
vt 0.11769524 0.97504735
vt 0.12765104 0.97613966
vt 0.14175524 0.98065406
vt 0.46066350 0.68812609
vt 0.46011540 0.73164707
vt 0.46373013 0.72076166
vt 0.44787970 0.70867729
vt 0.45846680 0.15566802
vt 0.38837674 0.82468903
vt 0.38011599 0.81090510
vt 0.64680135 0.41388667
vt 0.66805655 0.40260893
vt 0.65267080 0.40324396
vt 0.68285769 0.37730485
vt 0.67142677 0.40571511
vt 0.68644530 0.38231343
vt 0.57843000 0.16384536
vt 0.58160275 0.14392692
vt 0.56986380 0.16029429
vt 0.54400063 0.19016349
vt 0.56786317 0.17714250
vt 0.54916060 0.18041223
vt 0.92517889 0.19412196
vt 0.85436088 0.17514634
vt 0.38951960 0.49903452
vt 0.40242836 0.51119006
vt 0.39662731 0.48059958
vt 0.22161779 0.89613360
vt 0.23474477 0.90985763
vt 0.25992489 0.90548795
vt 0.18449518 0.91322666
vt 0.18150067 0.92877835
vt 0.19552487 0.92994148
vt 0.29338467 0.63463819
vt 0.28519139 0.63871503
vt 0.28567386 0.65762293
vt 0.30886036 0.66095746
vt 0.29963949 0.64296055
vt 0.29959908 0.05516964
vt 0.30775484 0.05740792
vt 0.30001765 0.04048795
vt 0.83393121 0.40203172
vt 0.82729292 0.42722136
vt 0.83670068 0.41442448
vt 0.51072407 0.29364681
vt 0.50513393 0.30325204
vt 0.50906801 0.31275898
vt 0.69340241 0.03771901
vt 0.69677037 0.02274418
vt 0.68390328 0.04037338
vt 0.22894509 0.34699458
vt 0.23056073 0.33211344
vt 0.59384221 0.98932016
vt 0.61001652 0.97926670
vt 0.58788198 0.97868258
vt 0.70222580 0.51801050
vt 0.70991600 0.53073633
vt 0.70708913 0.50724965
vt 0.68582243 0.52730012
vt 0.69289172 0.51789963
vt 0.68751466 0.51002729
vt 0.74339324 0.03088671
vt 0.94634891 0.77108485
vt 0.95087099 0.76423424
vt 0.92454529 0.75740874
vt 0.59943187 0.05399376
vt 0.58056486 0.05120128
vt 0.56703991 0.04654974
vt 0.55647790 0.05583262
vt 0.57223266 0.05411148
vt 0.64686137 0.38483471
vt 0.65717840 0.34601837
vt 0.96082360 0.30185920
vt 0.94154721 0.93880677
vt 0.05815099 0.40245199
vt 0.06201768 0.38909644
vt 0.18091477 0.87869859
vt 0.18410024 0.88830179
vt 0.20016363 0.86944377
vt 0.20916146 0.89560008
vt 0.21967857 0.90311599
vt 0.21735306 0.89221328
vt 0.83215320 0.02674437
vt 0.83973116 0.02106786
vt 0.30187505 0.55952299
vt 0.30216756 0.54784620
vt 0.28201982 0.26580703
vt 0.27979156 0.26880145
vt 0.29145202 0.26981825
vt 0.27568984 0.25415832
vt 0.27990559 0.24940145
vt 0.26709017 0.23620898
vt 0.86853975 0.65502012
vt 0.35362345 0.16800654
vt 0.37156159 0.16526437
vt 0.35938466 0.15800166
vt 0.16353093 0.66807276
vt 0.42811012 0.29582715
vt 0.42785263 0.28763592
vt 0.41269994 0.27984667
vt 0.31723922 0.11844832
vt 0.32625380 0.12664425
vt 0.33142135 0.12609935
vt 0.32421437 0.13485581
vt 0.53826946 0.80062860
vt 0.53425211 0.78360009
vt 0.48408228 0.74011731
vt 0.47764400 0.74839741
vt 0.50422817 0.75004381
vt 0.53870255 0.28204840
vt 0.53818339 0.29856932
vt 0.54428256 0.28248447
vt 0.55052936 0.32535648
vt 0.38960475 0.75897014
vt 0.38711384 0.76545066
vt 0.40742144 0.77196223
vt 0.37986150 0.73653805
vt 0.39854801 0.72588545
vt 0.34330353 0.72610092
vt 0.33239004 0.70841378
vt 0.35245624 0.75623262
vt 0.35144603 0.73249471
vt 0.33787784 0.75205123
vt 0.69894397 0.49906558
vt 0.69434983 0.49014157
vt 0.69423705 0.51269233
vt 0.71017063 0.46873283
vt 0.70313823 0.48834258
vt 0.04848238 0.18093365
vt 0.07125955 0.20327598
vt 0.06954453 0.19426000
vt 0.05862184 0.18043143
vt 0.96198350 0.35152704
vt 0.94865233 0.34038383
vt 0.96080965 0.37106824
vt 0.98487544 0.37592059
vt 0.97650558 0.36445051
vt 0.98477280 0.39161378
vt 0.53002125 0.19394988
vt 0.55178815 0.17511922
vt 0.53513694 0.18362272
vt 0.56395686 0.15617055
vt 0.54750204 0.16081148
vt 0.67874092 0.48874378
vt 0.68269885 0.47711837
vt 0.68609422 0.49921972
vt 0.75788766 0.18806762
vt 0.74914557 0.17281312
vt 0.74468267 0.17917490
vt 0.75160742 0.20016241
vt 0.73930281 0.20118719
vt 0.10110015 0.80871701
vt 0.10574996 0.79665220
vt 0.08661224 0.78792995
vt 0.60263896 0.76446927
vt 0.61853194 0.76020789
vt 0.50526679 0.15288311
vt 0.50669122 0.17433238
vt 0.51165104 0.15914267
vt 0.55891502 0.14574921
vt 0.80585909 0.25399482
vt 0.80038422 0.23693407
vt 0.17729659 0.50657904
vt 0.22741872 0.57684648
vt 0.23161481 0.56242639
vt 0.21187299 0.56552142
vt 0.81404859 0.88588220
vt 0.82176930 0.89078766
vt 0.83519763 0.88696259
vt 0.74584931 0.76498163
vt 0.74934316 0.74938798
vt 0.83750731 0.23455417
vt 0.84508842 0.22812015
vt 0.82762367 0.78783894
vt 0.81772351 0.76018959
vt 0.80842781 0.77904576
vt 0.82141399 0.76734483
vt 0.66729575 0.36209607
vt 0.66326904 0.38517201
vt 0.66846544 0.37027252
vt 0.67011768 0.38348275
vt 0.65973181 0.39866298
vt 0.36582294 0.39959520
vt 0.36428443 0.39232177
vt 0.35753837 0.39518148
vt 0.90835804 0.26325625
vt 0.92026711 0.27717268
vt 0.91651046 0.29327559
vt 0.92504603 0.30005568
vt 0.07641530 0.18120670
vt 0.07564493 0.16488153
vt 0.06368642 0.16372758
vt 0.68664926 0.61445791
vt 0.68367201 0.59018326
vt 0.70769465 0.58677542
vt 0.69815373 0.59406894
vt 0.87418878 0.99322999
vt 0.89432234 0.99271846
vt 0.54607296 0.53173101
vt 0.55509925 0.53908730
vt 0.87925506 0.86643994
vt 0.85415357 0.88311100
vt 0.88147801 0.87124944
vt 0.82813585 0.93682462
vt 0.83359325 0.94126040
vt 0.84959155 0.92916316
vt 0.49451849 0.25263274
vt 0.48079848 0.26317567
vt 0.48728442 0.26693922
vt 0.48388469 0.22723919
vt 0.47396260 0.23154992
vt 0.47211260 0.24767762
vt 0.45180243 0.25604159
vt 0.43935627 0.24098569
vt 0.45063683 0.26865369
vt 0.43172574 0.22700459
vt 0.41516134 0.21753508
vt 0.41573527 0.22523713
vt 0.96101254 0.40765941
vt 0.96698850 0.39379585
vt 0.94746500 0.40067071
vt 0.94203597 0.41305321
vt 0.95238853 0.42172515
vt 0.75132453 0.22603238
vt 0.74116266 0.22750956
vt 0.74315232 0.23505640
vt 0.75984424 0.24620003
vt 0.03298379 0.86872196
vt 0.03778464 0.84326148
vt 0.02850826 0.85784650
vt 0.04966138 0.81385702
vt 0.03101914 0.80983853
vt 0.05170751 0.83077568
vt 0.95846534 0.43699527
vt 0.95973694 0.41970944
vt 0.97890729 0.39078945
vt 0.73090810 0.92500949
vt 0.72889441 0.94252306
vt 0.73422706 0.94633496
vt 0.06233498 0.82796746
vt 0.38783100 0.37346691
vt 0.38575244 0.37892115
vt 0.39892572 0.38809758
vt 0.35477430 0.33530694
vt 0.37108332 0.35602635
vt 0.37249631 0.34814489
vt 0.64165038 0.40391475
vt 0.62826562 0.41777319
vt 0.64989126 0.39186460
vt 0.92755705 0.63624817
vt 0.93582207 0.65103042
vt 0.94195491 0.63626683
vt 0.92851114 0.62192237
vt 0.90951818 0.61130512
vt 0.32274187 0.80247563
vt 0.31471097 0.81117654
vt 0.33235607 0.83083808
vt 0.30232954 0.79939681
vt 0.30476379 0.78671277
vt 0.74169451 0.01546669
vt 0.75072515 0.02745122
vt 0.07295144 0.22055459
vt 0.05400307 0.21998155
vt 0.06035857 0.22667885
vt 0.08959229 0.22522575
vt 0.87228632 0.34297210
vt 0.88508284 0.31692493
vt 0.87910944 0.31645358
vt 0.88437074 0.35462743
vt 0.89526361 0.34869707
vt 0.35246632 0.09286004
vt 0.36233842 0.09891325
vt 0.36873385 0.08974016
vt 0.33543816 0.11714143
vt 0.34062365 0.10269380
vt 0.69154453 0.83222258
vt 0.67631596 0.82736611
vt 0.70496142 0.84214652
vt 0.71686506 0.83773005
vt 0.70215023 0.82688880
vt 0.43780568 0.85460508
vt 0.41250283 0.85787487
vt 0.48929557 0.70074195
vt 0.48564577 0.71515179
vt 0.50203371 0.71214890
vt 0.10030457 0.60216439
vt 0.09646188 0.58194816
vt 0.08663884 0.59900880
vt 0.88791853 0.84997034
vt 0.91149139 0.80770469
vt 0.90081966 0.80554253
vt 0.88956952 0.82284617
vt 0.75625950 0.34191859
vt 0.74748170 0.36350948
vt 0.75340188 0.35702062
vt 0.77395004 0.31883281
vt 0.76105148 0.31755352
vt 0.44990301 0.76915288
vt 0.42895478 0.80681491
vt 0.43738762 0.80390060
vt 0.42694873 0.79817712
vt 0.42567489 0.76845545
vt 0.05808822 0.45149398
vt 0.08199751 0.45680612
vt 0.44661674 0.56036973
vt 0.15652354 0.94062495
vt 0.16538014 0.94319570
vt 0.46611843 0.44008690
vt 0.96921247 0.71202636
vt 0.97920513 0.72213370
vt 0.78282183 0.03958499
vt 0.77596605 0.04876465
vt 0.77269369 0.46356392
vt 0.76393276 0.46496886
vt 0.78003633 0.47143579
vt 0.80118561 0.47099847
vt 0.50342214 0.32041478
vt 0.51738167 0.35786325
vt 0.51090837 0.33210510
vt 0.50424618 0.33669847
vt 0.88310063 0.70271260
vt 0.87590653 0.70860565
vt 0.89393258 0.70949203
vt 0.86256212 0.69906855
vt 0.86903709 0.69382179
vt 0.66672891 0.66318637
vt 0.66466075 0.64784217
vt 0.65556782 0.65250772
vt 0.62329388 0.63069344
vt 0.59963751 0.63936967
vt 0.53937453 0.25165653
vt 0.54214817 0.23478556
vt 0.53672755 0.24126607
vt 0.57070106 0.18749684
vt 0.82828844 0.75216055
vt 0.83349079 0.75680876
vt 0.84556335 0.74481541
vt 0.69619852 0.58744389
vt 0.69289833 0.60133117
vt 0.70194739 0.59649926
vt 0.69970149 0.61524558
vt 0.70534766 0.60499740
vt 0.37711158 0.65168315
vt 0.39118603 0.67636466
vt 0.38263756 0.65310144
vt 0.37791720 0.67259717
vt 0.40487686 0.27029145
vt 0.38932878 0.25536412
vt 0.37016454 0.22042125
vt 0.37388819 0.24527168
vt 0.37652877 0.23819953
vt 0.70680851 0.92800254
vt 0.71306700 0.92523313
vt 0.71291560 0.91240156
vt 0.69088209 0.94452894
vt 0.70160514 0.95915407
vt 0.69644904 0.94199914
vt 0.35796970 0.34462184
vt 0.35814452 0.36975902
vt 0.09277132 0.42177927
vt 0.08651349 0.43364090
vt 0.05336099 0.42459542
vt 0.68962902 0.21519524
vt 0.67668873 0.21765542
vt 0.71462595 0.22220594
vt 0.67279994 0.20317745
vt 0.64712930 0.18773597
vt 0.65519696 0.19936097
vt 0.24693657 0.70626485
vt 0.25469321 0.70854414
vt 0.24643871 0.68535882
vt 0.90892047 0.24379039
vt 0.91275996 0.25943065
vt 0.92072475 0.25387388
vt 0.47099918 0.41635484
vt 0.61489260 0.10185701
vt 0.61349326 0.08703870
vt 0.49827561 0.60144538
vt 0.49843830 0.61970502
vt 0.50405270 0.61116701
vt 0.50993985 0.62540984
vt 0.52957577 0.64958799
vt 0.53684080 0.64062279
vt 0.79899800 0.41031277
vt 0.79418981 0.41684246
vt 0.79317164 0.38399804
vt 0.87540752 0.34348994
vt 0.87949252 0.37601340
vt 0.87170541 0.37975186
vt 0.91347027 0.67680442
vt 0.92518127 0.67972422
vt 0.92070466 0.66387451
vt 0.77908736 0.63423526
vt 0.78035831 0.65121824
vt 0.78786761 0.62447429
vt 0.78834522 0.66887617
vt 0.25478363 0.75221938
vt 0.25708869 0.74175888
vt 0.24927089 0.75151217
vt 0.98206198 0.70854229
vt 0.16356514 0.18726850
vt 0.17953505 0.19181460
vt 0.14304410 0.18119633
vt 0.13299341 0.16771680
vt 0.80146343 0.78106046
vt 0.79988146 0.77473652
vt 0.77427536 0.81570101
vt 0.78219754 0.78317559
vt 0.77299982 0.79732442
vt 0.72735679 0.22301322
vt 0.74276644 0.21781468
vt 0.69796097 0.60570931
vt 0.69474024 0.61306393
vt 0.16311856 0.15730250
vt 0.16903706 0.15292209
vt 0.15662350 0.14450473
vt 0.16939253 0.14312494
vt 0.16239981 0.12947971
vt 0.15813422 0.13686478
vt 0.62853456 0.85940933
vt 0.18073364 0.70671773
vt 0.17105630 0.69626307
vt 0.17418817 0.71748805
vt 0.83000714 0.90693831
vt 0.84586114 0.89504355
vt 0.83647847 0.89484423
vt 0.82332200 0.90717435
vt 0.70602256 0.96633464
vt 0.72452605 0.96685755
vt 0.71909887 0.96271193
vt 0.70475984 0.94550186
vt 0.71126354 0.95211136
vt 0.19543672 0.28546309
vt 0.18793724 0.24121100
vt 0.16804184 0.22890908
vt 0.34665832 0.26184094
vt 0.35650188 0.28835601
vt 0.35350043 0.26017553
vt 0.34839803 0.24861503
vt 0.24962316 0.38347799
vt 0.25764000 0.37293190
vt 0.24524701 0.36866647
vt 0.21382844 0.36363178
vt 0.22100313 0.37125486
vt 0.22669415 0.36206633
vt 0.59111750 0.35335994
vt 0.64335352 0.31780684
vt 0.66144890 0.31102258
vt 0.92452121 0.49030411
vt 0.90612465 0.49844837
vt 0.91500044 0.50319880
vt 0.26235187 0.38788575
vt 0.58684844 0.33097881
vt 0.58272195 0.33840042
vt 0.59513599 0.33438486
vt 0.67530012 0.19119877
vt 0.66013926 0.18014801
vt 0.38441175 0.48481405
vt 0.40661746 0.45602047
vt 0.42228439 0.44676614
vt 0.41340914 0.43297613
vt 0.49013701 0.60836387
vt 0.78871399 0.44788957
vt 0.79192555 0.43616408
vt 0.76973855 0.44270754
vt 0.81608051 0.45152301
vt 0.81524926 0.45738620
vt 0.85089767 0.36244458
vt 0.84089172 0.34764522
vt 0.87769234 0.40939099
vt 0.86899894 0.38884974
vt 0.86777359 0.39735961
vt 0.52905387 0.06979364
vt 0.55777353 0.06957608
vt 0.55778742 0.06547862
vt 0.19731104 0.91469634
vt 0.70062053 0.23757857
vt 0.72525066 0.24656528
vt 0.75529158 0.25198591
vt 0.73702776 0.24387765
vt 0.81434804 0.68050468
vt 0.82244897 0.67914832
vt 0.81060708 0.66666532
vt 0.72188342 0.83266270
vt 0.71031725 0.82178855
vt 0.80292064 0.83421373
vt 0.79426914 0.86051655
vt 0.80443329 0.84449625
vt 0.81768352 0.82639742
vt 0.82522780 0.81344312
vt 0.80686235 0.82734603
vt 0.75218040 0.25631952
vt 0.75671732 0.25927114
vt 0.76104140 0.26184261
vt 0.76466769 0.25582790
vt 0.86257231 0.81014693
vt 0.86214858 0.80050945
vt 0.87088495 0.79958284
vt 0.04101823 0.63281369
vt 0.06085188 0.65051949
vt 0.06964523 0.66208315
vt 0.06014038 0.66579270
vt 0.07375236 0.67186248
vt 0.41785869 0.80189717
vt 0.40810868 0.79137200
vt 0.40466976 0.79811436
vt 0.40044126 0.79585648
vt 0.38398579 0.79165286
vt 0.80213547 0.09097564
vt 0.80261981 0.10132951
vt 0.81144238 0.10591030
vt 0.81765103 0.13256961
vt 0.10114642 0.34288263
vt 0.09502798 0.37148529
vt 0.10152127 0.38814193
vt 0.11137801 0.35211939
vt 0.07294145 0.18918651
vt 0.23483203 0.92812192
vt 0.22011505 0.91157472
vt 0.22263949 0.92850196
vt 0.23419198 0.91668332
vt 0.09218255 0.28851193
vt 0.08201910 0.28282595
vt 0.07943584 0.29175693
vt 0.61056793 0.45895857
vt 0.59702003 0.46079397
vt 0.60699403 0.46774971
vt 0.95041776 0.70358485
vt 0.37675121 0.75449020
vt 0.38748497 0.75045824
vt 0.37110215 0.74679589
vt 0.35986766 0.77041799
vt 0.37322485 0.76058316
vt 0.07115985 0.54332316
vt 0.05005301 0.53836745
vt 0.06014873 0.55158126
vt 0.17420067 0.55981618
vt 0.13062117 0.55340499
vt 0.30238137 0.28045225
vt 0.30450991 0.29836589
vt 0.31744820 0.30436552
vt 0.30210999 0.31121653
vt 0.29791582 0.31401235
vt 0.71589959 0.09572631
vt 0.72250253 0.08950567
vt 0.71850526 0.08220124
vt 0.71121174 0.08092833
vt 0.34796816 0.58204329
vt 0.35697520 0.59679770
vt 0.36788949 0.57628405
vt 0.32927465 0.60034573
vt 0.31284055 0.61236262
vt 0.33002695 0.61751521
vt 0.53477991 0.21968305
vt 0.52816439 0.21647006
vt 0.53143317 0.22482961
vt 0.49860281 0.23651600
vt 0.48739994 0.23902738
vt 0.48676562 0.24969906
vt 0.18750475 0.55115867
vt 0.19749509 0.54288256
vt 0.15369314 0.51879615
vt 0.13318640 0.54577923
vt 0.88575947 0.38486528
vt 0.88924646 0.37809020
vt 0.89327836 0.36733675
vt 0.70010942 0.46292675
vt 0.69414055 0.47649103
vt 0.71590942 0.45689243
vt 0.71595603 0.60125035
vt 0.70831525 0.61727500
vt 0.71849072 0.54152691
vt 0.46523735 0.70524788
vt 0.47444266 0.70026529
vt 0.40855592 0.33136839
vt 0.41303450 0.34596747
vt 0.40057421 0.32901335
vt 0.79442620 0.45699751
vt 0.49066129 0.75651336
vt 0.50826633 0.76499623
vt 0.48527718 0.76777476
vt 0.47929558 0.75945574
vt 0.46126232 0.75825113
vt 0.81076455 0.43499094
vt 0.81202716 0.44352883
vt 0.48954594 0.82574272
vt 0.50509131 0.81565154
vt 0.49897847 0.80520481
vt 0.57655597 0.47501218
vt 0.59778142 0.47110665
vt 0.58470720 0.46304989
vt 0.54936594 0.47852254
vt 0.53209907 0.46769112
vt 0.61925137 0.41799289
vt 0.86704981 0.29863131
vt 0.87190241 0.29963779
vt 0.53343803 0.77566814
vt 0.53086740 0.76705819
vt 0.52156132 0.77380288
vt 0.19987538 0.82194954
vt 0.20873746 0.82887679
vt 0.91369611 0.22204977
vt 0.92275870 0.23572022
vt 0.92562848 0.22379082
vt 0.90453947 0.23065728
vt 0.91190118 0.22966623
vt 0.11934724 0.20791513
vt 0.12461979 0.19325632
vt 0.11724523 0.19875777
vt 0.57059848 0.03708798
vt 0.56450117 0.03819352
vt 0.57400274 0.04727167
vt 0.55700314 0.03807807
vt 0.37119663 0.49577421
vt 0.71368521 0.40482295
vt 0.70019829 0.41090328
vt 0.71711481 0.40948480
vt 0.55168819 0.25002337
vt 0.54725087 0.23326570
vt 0.54526895 0.25295669
vt 0.53824824 0.26206297
vt 0.54632074 0.25954139
vt 0.18045735 0.44766641
vt 0.17576134 0.46126682
vt 0.80246413 0.11232764
vt 0.80729157 0.11849427
vt 0.78670299 0.10622036
vt 0.79315126 0.10967010
vt 0.71343982 0.62002486
vt 0.22364075 0.60366726
vt 0.16885832 0.60102546
vt 0.89214873 0.65853179
vt 0.89498389 0.66458583
vt 0.90974855 0.65359545
vt 0.87818539 0.66045761
vt 0.87851334 0.65534890
vt 0.86404181 0.66111809
vt 0.66525090 0.31378984
vt 0.69456744 0.29583985
vt 0.68583238 0.30190510
vt 0.69548005 0.30480337
vt 0.40882483 0.75690186
vt 0.42650589 0.74700224
vt 0.41092247 0.74409306
vt 0.39593956 0.74889159
vt 0.08102065 0.81141871
vt 0.06305648 0.77466953
vt 0.06766513 0.79281908
vt 0.07499631 0.78395236
vt 0.29145595 0.21174687
vt 0.39507973 0.10260439
vt 0.38369974 0.09260988
vt 0.32887819 0.30007559
vt 0.33648169 0.32655501
vt 0.32783452 0.31745797
vt 0.31982911 0.31392604
vt 0.32416582 0.33033055
vt 0.05256167 0.21009636
vt 0.06329042 0.21513528
vt 0.04943808 0.19732553
vt 0.04444278 0.19988561
vt 0.23131332 0.08951241
vt 0.25070253 0.10363436
vt 0.52496874 0.35937399
vt 0.32677531 0.52565867
vt 0.35922608 0.53080416
vt 0.43177402 0.32337564
vt 0.43438181 0.30250347
vt 0.51202440 0.22449315
vt 0.49923289 0.23203498
vt 0.50601238 0.21271652
vt 0.51407140 0.18953824
vt 0.74870771 0.15156692
vt 0.74313146 0.13425243
vt 0.74182057 0.14243698
vt 0.74661934 0.13065118
vt 0.73782796 0.12333202
vt 0.74596959 0.54647052
vt 0.74073446 0.54368889
vt 0.74418652 0.55569911
vt 0.72255498 0.60225171
vt 0.52880192 0.70910048
vt 0.52696854 0.72167099
vt 0.65271753 0.60513276
vt 0.64002949 0.61533797
vt 0.07699707 0.55848759
vt 0.07829739 0.56980097
vt 0.63721812 0.28031135
vt 0.65182960 0.26625538
vt 0.64666450 0.28290367
vt 0.64041394 0.29901969
vt 0.65252584 0.28283489
vt 0.72492808 0.32696205
vt 0.96101594 0.26630199
vt 0.94506961 0.26033694
vt 0.73271370 0.30918205
vt 0.72682756 0.31850266
vt 0.74597186 0.31087029
vt 0.73783588 0.30313975
vt 0.74763936 0.30099905
vt 0.32159656 0.92879474
vt 0.36257192 0.84389651
vt 0.32232866 0.15479398
vt 0.31778115 0.13778496
vt 0.31315345 0.14302564
vt 0.32242715 0.12687880
vt 0.31541100 0.13060570
vt 0.74726152 0.85091317
vt 0.72990727 0.87921745
vt 0.73561347 0.85564351
vt 0.72225690 0.87969244
vt 0.97553468 0.40618598
vt 0.96441120 0.42360973
vt 0.95137566 0.46307236
vt 0.30639282 0.13666719
vt 0.29584101 0.12397277
vt 0.30093455 0.14232802
vt 0.31053674 0.15312886
vt 0.30632332 0.14605904
vt 0.56851119 0.29578710
vt 0.55382377 0.33733356
vt 0.56030303 0.31131250
vt 0.88243401 0.30094481
vt 0.87649506 0.28778630
vt 0.47311050 0.90975249
vt 0.46397984 0.90694886
vt 0.48531106 0.91683829
vt 0.41965440 0.30993932
vt 0.42833757 0.32417059
vt 0.42073891 0.30398142
vt 0.40756330 0.29962415
vt 0.38903525 0.28522736
vt 0.88803875 0.44023353
vt 0.86710936 0.44947684
vt 0.87394607 0.42657197
vt 0.16080077 0.21741909
vt 0.15475823 0.21024472
vt 0.14812596 0.21289492
vt 0.15789089 0.20321029
vt 0.77653211 0.07152182
vt 0.17568874 0.17847365
vt 0.14930926 0.15310866
vt 0.15918519 0.17043114
vt 0.15877248 0.15986896
vt 0.60789257 0.88423097
vt 0.58191419 0.87912917
vt 0.56669974 0.88419926
vt 0.59130216 0.89028192
vt 0.16961986 0.60980690
vt 0.15041085 0.60075176
vt 0.14683433 0.61480105
vt 0.12087323 0.59660149
vt 0.11307048 0.56913924
vt 0.50656641 0.62997770
vt 0.52809429 0.65529871
vt 0.50772476 0.64452696
vt 0.17254421 0.86795920
vt 0.14748867 0.81817746
vt 0.16325274 0.30800688
vt 0.18195964 0.30486619
vt 0.16889851 0.30189854
vt 0.90066028 0.60548306
vt 0.89410341 0.61247575
vt 0.04877130 0.93226820
vt 0.09752936 0.24469173
vt 0.10783160 0.25644141
vt 0.10302337 0.24020952
vt 0.29630592 0.36767519
vt 0.30827224 0.37597001
vt 0.52285314 0.56686062
vt 0.53250796 0.58793926
vt 0.52681214 0.57538486
vt 0.52149016 0.57966757
vt 0.65263504 0.66107273
vt 0.64807135 0.64925015
vt 0.25502175 0.67954731
vt 0.26658261 0.67382932
vt 0.57313454 0.84034395
vt 0.86619115 0.34839118
vt 0.85528928 0.35159248
vt 0.70508230 0.08821887
vt 0.70667917 0.04817104
vt 0.70405972 0.03835940
vt 0.69169146 0.05531716
vt 0.99508828 0.39559799
vt 0.24953622 0.49151003
vt 0.28527868 0.48098212
vt 0.33944035 0.69192702
vt 0.34916815 0.70970380
vt 0.60266465 0.38517582
vt 0.59774256 0.40288258
vt 0.61104542 0.38782543
vt 0.62280947 0.34190071
vt 0.60702294 0.36904305
vt 0.61517012 0.36491275
vt 0.30585262 0.17684019
vt 0.34828693 0.05630881
vt 0.26283848 0.69581789
vt 0.26158968 0.67208737
vt 0.13060196 0.99804688
vt 0.48290470 0.14616144
vt 0.48802429 0.15250492
vt 0.49356139 0.12941986
vt 0.46335125 0.17121786
vt 0.62072057 0.35962397
vt 0.61121297 0.40029526
vt 0.59833604 0.41183251
vt 0.14897692 0.41670978
vt 0.24785653 0.11008900
vt 0.26746070 0.10671425
vt 0.25887066 0.11107826
vt 0.77725667 0.14509016
vt 0.76761794 0.13844377
vt 0.76462501 0.12037063
vt 0.75876045 0.11445051
vt 0.91576582 0.44862837
vt 0.92567581 0.44670343
vt 0.90953428 0.43386394
vt 0.91546863 0.43127847
vt 0.70929456 0.97522694
vt 0.58169144 0.29021788
vt 0.56155318 0.57859194
vt 0.88559568 0.77935654
vt 0.89094758 0.78991401
vt 0.89106202 0.77529085
vt 0.88721859 0.76022136
vt 0.88038081 0.75242007
vt 0.67091793 0.57431883
vt 0.67742294 0.57556468
vt 0.67767692 0.54415607
vt 0.66320616 0.55351692
vt 0.85219568 0.43988854
vt 0.85133666 0.40193462
vt 0.84574145 0.40601599
vt 0.37113228 0.42491907
vt 0.36975074 0.41798842
vt 0.38184306 0.41821891
vt 0.37466139 0.40101546
vt 0.12300546 0.34053427
vt 0.13395219 0.31737643
vt 0.52184606 0.97754335
vt 0.53157365 0.96789014
vt 0.50887489 0.96596867
vt 0.71860147 0.75960600
vt 0.72831100 0.75858188
vt 0.73655987 0.47503400
vt 0.73563981 0.50001860
vt 0.72957987 0.49588770
vt 0.72615993 0.50891721
vt 0.75245219 0.66007292
vt 0.75013191 0.67265213
vt 0.76438791 0.67303717
vt 0.76138878 0.66065955
vt 0.77327263 0.67588961
vt 0.76695275 0.65193033
vt 0.14841229 0.14421612
vt 0.14067221 0.13734263
vt 0.80099207 0.56889606
vt 0.79808420 0.58455348
vt 0.81708598 0.60264063
vt 0.79633081 0.59601051
vt 0.73462611 0.68602431
vt 0.74123776 0.69834566
vt 0.71569484 0.68004441
vt 0.25070328 0.09070498
vt 0.93873954 0.40243345
vt 0.93977511 0.41235495
vt 0.94928694 0.38476813
vt 0.93516195 0.42489678
vt 0.59376884 0.18246740
vt 0.76407081 0.43577772
vt 0.64433742 0.70381367
vt 0.62702870 0.67041880
vt 0.62686563 0.14592952
vt 0.62110442 0.12322319
vt 0.60341638 0.13032079
vt 0.62180656 0.11314076
vt 0.59994090 0.11516857
vt 0.75547987 0.26840186
vt 0.77242666 0.26557541
vt 0.75789857 0.27245945
vt 0.76794511 0.28622347
vt 0.70068932 0.16325110
vt 0.66114664 0.14485472
vt 0.65107989 0.12798244
vt 0.66108280 0.15527767
vt 0.15630059 0.49974895
vt 0.17148753 0.48953944
vt 0.15954554 0.48112082
vt 0.18443762 0.48124105
vt 0.15578187 0.45912641
vt 0.65233040 0.09561092
vt 0.66500092 0.08614808
vt 0.61837703 0.97353905
vt 0.63037342 0.98061860
vt 0.61127180 0.99121100
vt 0.56682497 0.47255665
vt 0.56934398 0.45515293
vt 0.58765352 0.44145536
vt 0.57610255 0.44649345
vt 0.53294510 0.97720176
vt 0.54345816 0.96437156
vt 0.55514729 0.97410113
vt 0.56065100 0.95710605
vt 0.68796653 0.81834078
vt 0.62353563 0.31368464
vt 0.62834531 0.29715371
vt 0.64494544 0.31151968
vt 0.62979239 0.32092196
vt 0.82838076 0.76759607
vt 0.84122962 0.75726634
vt 0.85803157 0.74336612
vt 0.07707134 0.81663203
vt 0.09443130 0.81915092
vt 0.60991710 0.78655171
vt 0.93110996 0.42319715
vt 0.92143738 0.41888070
vt 0.79582489 0.45001757
vt 0.60651582 0.15623498
vt 0.54260993 0.87211263
vt 0.56438041 0.87472653
vt 0.51879102 0.86062896
vt 0.56336141 0.56180704
vt 0.75839144 0.30349618
vt 0.76378572 0.29420185
vt 0.75613099 0.28139514
vt 0.37916657 0.42781055
vt 0.38697895 0.42593873
vt 0.39655599 0.42374498
vt 0.76695257 0.15511805
vt 0.75795305 0.13701278
vt 0.75556517 0.13935733
vt 0.77023762 0.16761404
vt 0.15120022 0.54125190
vt 0.65454918 0.48311186
vt 0.66295445 0.47150326
vt 0.65566611 0.46575612
vt 0.66932458 0.51134902
vt 0.66685158 0.50491786
vt 0.35249934 0.65723944
vt 0.33760056 0.67002904
vt 0.35129505 0.68161774
vt 0.69102728 0.56264043
vt 0.67703277 0.56156701
vt 0.68488866 0.56461465
vt 0.69362795 0.54455400
vt 0.34638685 0.61493289
vt 0.36188337 0.63373297
vt 0.52293456 0.22412050
vt 0.52417421 0.23891652
vt 0.51854742 0.18777889
vt 0.51573199 0.20316726
vt 0.52430797 0.19575113
vt 0.69251984 0.12736714
vt 0.69447356 0.13539630
vt 0.35518470 0.79324555
vt 0.74587977 0.06778169
vt 0.53617895 0.28375947
vt 0.52953225 0.29080909
vt 0.53022742 0.27364796
vt 0.52765781 0.08231258
vt 0.54001176 0.07654381
vt 0.73288822 0.09651148
vt 0.73922521 0.07989568
vt 0.74586308 0.08575654
vt 0.74881703 0.09445637
vt 0.75448275 0.08253098
vt 0.22987373 0.73770314
vt 0.24362494 0.73488820
vt 0.22057801 0.70881486
vt 0.20832264 0.71893740
vt 0.22392733 0.72091275
vt 0.52307439 0.29708683
vt 0.51716971 0.31397790
vt 0.52594638 0.31572181
vt 0.51595992 0.32700759
vt 0.97027314 0.74082863
vt 0.98278606 0.72901726
vt 0.23878931 0.74662173
vt 0.23786302 0.75225323
vt 0.47986320 0.19358158
vt 0.46285772 0.20818692
vt 0.46915293 0.19444966
vt 0.65251249 0.77013916
vt 0.61527997 0.76739079
vt 0.63573420 0.76990950
vt 0.52411056 0.16366971
vt 0.52453983 0.17649531
vt 0.53240031 0.16145778
vt 0.53616494 0.14310157
vt 0.69916016 0.97000754
vt 0.69199681 0.95899981
vt 0.68662953 0.95744938
vt 0.57764298 0.24846089
vt 0.56924182 0.25209039
vt 0.57102376 0.26391673
vt 0.25872129 0.12452930
vt 0.26087779 0.12014246
vt 0.24816433 0.11929679
vt 0.87125945 0.71300852
vt 0.88965487 0.73249745
vt 0.89568526 0.72612619
vt 0.79412967 0.24315596
vt 0.78028578 0.25781733
vt 0.90866089 0.72387588
vt 0.28594366 0.84331501
vt 0.11222024 0.15943247
vt 0.10393053 0.14531940
vt 0.09235322 0.13834399
vt 0.47057113 0.52392292
vt 0.48900327 0.52436233
vt 0.47739851 0.50857544
vt 0.42607546 0.48530936
vt 0.44250426 0.49781346
vt 0.78749561 0.57752055
vt 0.77849483 0.58139086
vt 0.79324949 0.57787871
vt 0.66726649 0.29016072
vt 0.67476666 0.28846443
vt 0.65329778 0.29435927
vt 0.66137719 0.28303367
vt 0.67112416 0.27326179
vt 0.68851030 0.26788777
vt 0.67085391 0.26951742
vt 0.86165196 0.31651407
vt 0.86187643 0.30336469
vt 0.85383874 0.33758384
vt 0.12199850 0.26948965
vt 0.15712993 0.26487637
vt 0.13339047 0.26433116
vt 0.27925903 0.33249289
vt 0.27683854 0.31343490
vt 0.27442694 0.31990325
vt 0.48415473 0.68167800
vt 0.47534102 0.67081535
vt 0.47326753 0.68261194
vt 0.45336854 0.66906238
vt 0.45419446 0.66178036
vt 0.44260120 0.66394544
vt 0.71355355 0.03386843
vt 0.72422534 0.02927983
vt 0.71753740 0.03574902
vt 0.40356144 0.75984716
vt 0.10780930 0.22206962
vt 0.11507779 0.23346913
vt 0.11741304 0.22770733
vt 0.88024300 0.80479884
vt 0.88002521 0.79493594
vt 0.87172842 0.81889582
vt 0.88026184 0.82116890
vt 0.67079824 0.90185916
vt 0.44596824 0.27516818
vt 0.44063383 0.25210661
vt 0.83697426 0.90706372
vt 0.82291257 0.92189556
vt 0.82536125 0.92446053
vt 0.81404704 0.92434049
vt 0.85771340 0.89323074
vt 0.85336083 0.90195203
vt 0.84026730 0.92147958
vt 0.84604031 0.92174464
vt 0.84847051 0.90925252
vt 0.13272889 0.28482032
vt 0.63916910 0.12835371
vt 0.64574254 0.14590323
vt 0.64548731 0.12613863
vt 0.46585882 0.23172498
vt 0.70853829 0.15770626
vt 0.69736630 0.15570468
vt 0.71404797 0.16603094
vt 0.65713131 0.96472371
vt 0.66917086 0.96002746
vt 0.55632222 0.06063050
vt 0.57453746 0.06040794
vt 0.67507160 0.19976991
vt 0.69120240 0.20386857
vt 0.69434655 0.20003563
vt 0.67783082 0.19658744
vt 0.30780807 0.25993621
vt 0.33109206 0.27670968
vt 0.33683720 0.27073157
vt 0.32315800 0.26060045
vt 0.83278990 0.50171220
vt 0.76780218 0.81868780
vt 0.44234335 0.12993699
vt 0.45479983 0.11626714
vt 0.44822815 0.11878198
vt 0.83870870 0.35098577
vt 0.81441122 0.81007439
vt 0.80929357 0.81541389
vt 0.84651321 0.80626369
vt 0.81547296 0.09360480
vt 0.19545318 0.72486627
vt 0.96653509 0.21866965
vt 0.45805767 0.67589492
vt 0.46549213 0.67756623
vt 0.46455434 0.66869479
vt 0.80365664 0.79083908
vt 0.79527003 0.79990232
vt 0.06532254 0.62875587
vt 0.88449532 0.23598373
vt 0.90495044 0.22162968
vt 0.89308143 0.22284347
vt 0.37747741 0.20035207
vt 0.37174168 0.19706732
vt 0.38070363 0.22379798
vt 0.85608912 0.91131723
vt 0.33450243 0.57922852
vt 0.32661298 0.58689153
vt 0.93290174 0.66770244
vt 0.95270336 0.67315817
vt 0.38360158 0.21237528
vt 0.38898206 0.24233800
vt 0.42208230 0.26092148
vt 0.17239383 0.24373531
vt 0.17823429 0.25185090
vt 0.19155107 0.24509531
vt 0.83212227 0.58454227
vt 0.82363653 0.58490038
vt 0.83524436 0.60015756
vt 0.81574738 0.56168389
vt 0.80895030 0.55913043
vt 0.81564283 0.58069921
vt 0.61143154 0.01643962
vt 0.61919689 0.02919298
vt 0.63038814 0.01913637
vt 0.63499045 0.03412730
vt 0.65176779 0.03784961
vt 0.63927907 0.02781725
vt 0.07424781 0.95362163
vt 0.07069505 0.96551001
vt 0.08450861 0.98226714
vt 0.06831583 0.93137109
vt 0.05885536 0.93597496
vt 0.06576797 0.94220251
vt 0.06654585 0.75461274
vt 0.07624766 0.13266999
vt 0.64451563 0.51518589
vt 0.65674680 0.49653381
vt 0.64331913 0.50716424
vt 0.63890439 0.51237106
vt 0.62771618 0.51243782
vt 0.56354624 0.07995409
vt 0.57247847 0.06720138
vt 0.57714111 0.07234997
vt 0.12838180 0.61400509
vt 0.13670999 0.60806882
vt 0.26052505 0.28778380
vt 0.26994225 0.28250474
vt 0.25997555 0.28349364
vt 0.15096344 0.29909909
vt 0.16294661 0.29933709
vt 0.16213837 0.28947407
vt 0.69826299 0.40396273
vt 0.69236970 0.74916685
vt 0.81242466 0.54700387
vt 0.81179619 0.51859856
vt 0.82257938 0.56049252
vt 0.81064731 0.55420232
vt 0.10613980 0.53163397
vt 0.07403240 0.51886368
vt 0.73923916 0.56680894
vt 0.74239272 0.58405662
vt 0.73342139 0.61461031
vt 0.72851473 0.61165392
vt 0.72292870 0.62677950
vt 0.74842441 0.58555996
vt 0.74371403 0.60732067
vt 0.74919915 0.60747874
vt 0.73849452 0.60020268
vt 0.50681043 0.18500823
vt 0.51069212 0.17380786
vt 0.51596695 0.16883099
vt 0.43918708 0.77513874
vt 0.42714372 0.77623683
vt 0.43740600 0.79305840
vt 0.52003139 0.59096181
vt 0.51536143 0.57992303
vt 0.91377228 0.28053945
vt 0.91671681 0.25985187
vt 0.92673844 0.27515352
vt 0.92324346 0.26220691
vt 0.74494368 0.11474878
vt 0.73988628 0.11548620
vt 0.73687243 0.10136044
vt 0.74204171 0.10170418
vt 0.74128294 0.08300263
vt 0.77188158 0.82398969
vt 0.76927698 0.83302915
vt 0.75666952 0.84767479
vt 0.76176482 0.83279580
vt 0.67441499 0.12534595
vt 0.67653406 0.13636935
vt 0.70053089 0.18194437
vt 0.67965585 0.17129880
vt 0.67460912 0.17327213
vt 0.39971930 0.25718629
vt 0.62107861 0.00678861
vt 0.57210279 0.90683562
vt 0.54303592 0.91003585
vt 0.19781494 0.20675963
vt 0.20933887 0.21253866
vt 0.20071146 0.19955099
vt 0.33438456 0.25925970
vt 0.34054422 0.25200796
vt 0.32677457 0.23838711
vt 0.33685672 0.25311363
vt 0.95833641 0.18950164
vt 0.96754032 0.18288308
vt 0.96097034 0.17542022
vt 0.92955059 0.86655766
vt 0.97370565 0.85374868
vt 0.92591888 0.85670447
vt 0.06297627 0.57898545
vt 0.08512489 0.60499799
vt 0.06930694 0.58952188
vt 0.08018935 0.61143607
vt 0.48128837 0.19620585
vt 0.46581033 0.21305519
vt 0.46878251 0.21942776
vt 0.47461584 0.21238887
vt 0.36283377 0.56108671
vt 0.36795363 0.55380923
vt 0.35299635 0.57047057
vt 0.69884104 0.37102902
vt 0.69501543 0.35504025
vt 0.69063079 0.38160884
vt 0.70455366 0.38332373
vt 0.09297132 0.65196669
vt 0.08763564 0.62056327
vt 0.78211617 0.31846952
vt 0.25601920 0.57305586
vt 0.27819788 0.94070357
vt 0.26627538 0.94494075
vt 0.25499597 0.04554719
vt 0.27021575 0.05614823
vt 0.66727203 0.75033319
vt 0.76091361 0.91917038
vt 0.75585258 0.94126350
vt 0.76682103 0.92101496
vt 0.78354836 0.92786783
vt 0.66831261 0.59267998
vt 0.69163793 0.34696138
vt 0.67732811 0.35604960
vt 0.68703735 0.34438968
vt 0.77813619 0.39559036
vt 0.78784043 0.41064650
vt 0.87891990 0.48090780
vt 0.86800921 0.47373217
vt 0.87373382 0.49743849
vt 0.78814173 0.64793766
vt 0.79095906 0.65826094
vt 0.79548699 0.65005940
vt 0.31344032 0.24338746
vt 0.31855196 0.23806560
vt 0.32556671 0.24909538
vt 0.54572695 0.59301603
vt 0.53703386 0.59369087
vt 0.53945196 0.60430372
vt 0.54050434 0.58438241
vt 0.52972776 0.57360518
vt 0.76676154 0.51867056
vt 0.76086026 0.51348352
vt 0.32459331 0.35412633
vt 0.33001041 0.34437758
vt 0.19026439 0.15778738
vt 0.20140488 0.17124230
vt 0.19638652 0.15702152
vt 0.18649147 0.16873074
vt 0.19475843 0.16643000
vt 0.18251260 0.15870851
vt 0.45077464 0.52078527
vt 0.46574983 0.49183929
vt 0.51425779 0.49008918
vt 0.50082713 0.47943473
vt 0.93671042 0.73498964
vt 0.91407949 0.73929256
vt 0.91271389 0.74753129
vt 0.92615408 0.73833787
vt 0.42693052 0.82805842
vt 0.40998051 0.82898450
vt 0.41418579 0.82313627
vt 0.42227018 0.81962824
vt 0.15604387 0.28267062
vt 0.42065433 0.27439469
vt 0.41825235 0.27833360
vt 0.41211170 0.26761776
vt 0.33573353 0.21905494
vt 0.34155262 0.23362768
vt 0.34724548 0.23038608
vt 0.18962368 0.62390137
vt 0.21003965 0.64290762
vt 0.69310397 0.19357461
vt 0.59014851 0.31852430
vt 0.60214067 0.31935459
vt 0.60179478 0.31233782
vt 0.42002055 0.78921282
vt 0.40493891 0.78549021
vt 0.75142699 0.12225759
vt 0.75962728 0.13392067
vt 0.75051761 0.10518265
vt 0.62009805 0.61939049
vt 0.78641033 0.89323127
vt 0.80898166 0.88075000
vt 0.64170825 0.53293461
vt 0.64715147 0.53573966
vt 0.65030092 0.52141041
vt 0.66045022 0.50418591
vt 0.81015193 0.89876169
vt 0.80222178 0.91882992
vt 0.81417519 0.90857071
vt 0.97598451 0.37594986
vt 0.96943080 0.37625486
vt 0.54166102 0.52271724
vt 0.53871661 0.55821967
vt 0.54078048 0.53501976
vt 0.53090388 0.53086090
vt 0.76487625 0.56376851
vt 0.77171433 0.53286582
vt 0.77131140 0.54233420
vt 0.43698710 0.84795868
vt 0.18134983 0.81726348
vt 0.18722871 0.81590319
vt 0.05273762 0.57772553
vt 0.06295366 0.58981490
vt 0.27871901 0.28160572
vt 0.28287306 0.31568903
vt 0.28404111 0.29282856
vt 0.30465478 0.33430076
vt 0.28714585 0.30629414
vt 0.29243433 0.32672292
vt 0.49183518 0.78335190
vt 0.13607396 0.72968251
vt 0.15733251 0.69828361
vt 0.14859179 0.71584940
vt 0.16021712 0.70552063
vt 0.18241675 0.90213925
vt 0.19252256 0.90428269
vt 0.19733547 0.90086412
vt 0.39182511 0.53721398
vt 0.41318747 0.52605087
vt 0.10583267 0.20297259
vt 0.10739025 0.19525838
vt 0.10679148 0.90444112
vt 0.09307683 0.89808780
vt 0.67399806 0.08762884
vt 0.68082130 0.07556975
vt 0.67324811 0.07566780
vt 0.43230230 0.17445993
vt 0.43482104 0.19499236
vt 0.27457544 0.61994779
vt 0.27770302 0.58848083
vt 0.29914451 0.59281099
vt 0.30927849 0.57344407
vt 0.29498723 0.58813322
vt 0.26612809 0.11808616
vt 0.27024126 0.13558209
vt 0.64061338 0.41396838
vt 0.89436215 0.31831837
vt 0.89750201 0.30858672
vt 0.88654882 0.29411137
vt 0.75006628 0.85552633
vt 0.74286777 0.86820471
vt 0.74692482 0.87466377
vt 0.73980427 0.88402694
vt 0.72219431 0.89966547
vt 0.74383569 0.89054024
vt 0.52657789 0.53509390
vt 0.52117395 0.54301190
vt 0.51481867 0.54462075
vt 0.52955502 0.56691980
vt 0.54642892 0.67032897
vt 0.41285270 0.23251957
vt 0.43032005 0.24118274
vt 0.43438414 0.23810387
vt 0.27641976 0.26954830
vt 0.26890397 0.27030802
vt 0.83237946 0.38137692
vt 0.82197219 0.37435561
vt 0.82629776 0.38840520
vt 0.82311070 0.39011711
vt 0.81724614 0.38229686
vt 0.81726223 0.40228564
vt 0.62792397 0.48178780
vt 0.62226397 0.47777134
vt 0.62414008 0.49891400
vt 0.61803335 0.48926240
vt 0.60960829 0.47799814
vt 0.62011796 0.50790954
vt 0.92240030 0.20342845
vt 0.91794544 0.21241122
vt 0.92650378 0.20796496
vt 0.90823239 0.21846718
vt 0.92187488 0.21522605
vt 0.14639956 0.74879944
vt 0.16412739 0.71204156
vt 0.69954991 0.12887353
vt 0.71786541 0.13775885
vt 0.70658797 0.12722063
vt 0.67874843 0.11477488
vt 0.68026227 0.10927093
vt 0.10877599 0.74281102
vt 0.06133278 0.90574110
vt 0.05541084 0.88194245
vt 0.05272835 0.89094442
vt 0.93023378 0.64814138
vt 0.90354699 0.64978200
vt 0.02759845 0.84224230
vt 0.02546757 0.83854580
vt 0.02395788 0.82421070
vt 0.01856264 0.83904034
vt 0.61536342 0.07497478
vt 0.61903781 0.04428440
vt 0.62601793 0.05688733
vt 0.72924155 0.57029098
vt 0.72319180 0.55978251
vt 0.71841151 0.58103818
vt 0.73662525 0.57459700
vt 0.72855759 0.55198312
vt 0.64909810 0.47954518
vt 0.64338583 0.49391294
vt 0.89991349 0.43273336
vt 0.89728779 0.42308939
vt 0.89190805 0.42567730
vt 0.04648162 0.38759702
vt 0.03937380 0.39893061
vt 0.80339229 0.87775362
vt 0.77779466 0.88703048
vt 0.78161383 0.89170396
vt 0.87358671 0.61798143
vt 0.88719785 0.62175566
vt 0.86855316 0.63262314
vt 0.87130088 0.63648832
vt 0.50022584 0.19639343
vt 0.48877537 0.20563948
vt 0.47998139 0.21415997
vt 0.52435333 0.76482570
vt 0.52134353 0.75031042
vt 0.53695583 0.75776011
vt 0.53711218 0.74528623
vt 0.85373718 0.67990416
vt 0.85977870 0.66669250
vt 0.55127484 0.14861858
vt 0.53222656 0.17411202
vt 0.52523714 0.18302989
vt 0.05372298 0.55222964
vt 0.05803949 0.56463695
vt 0.59029943 0.74883986
vt 0.57999122 0.71739006
vt 0.57201922 0.72674048
vt 0.58717388 0.76035798
vt 0.93104529 0.44018739
vt 0.93010110 0.45808715
vt 0.93729585 0.45106602
vt 0.57144272 0.86903429
vt 0.59451038 0.87241328
vt 0.48593780 0.56389225
vt 0.29229623 0.41411811
vt 0.91840500 0.47627014
vt 0.22510444 0.49144524
vt 0.29892823 0.78000176
vt 0.28716651 0.78263903
vt 0.28677371 0.04475576
vt 0.29650441 0.03106087
vt 0.75125086 0.98294652
vt 0.74299550 0.99460977
vt 0.75584012 0.98473406
vt 0.65315592 0.15536577
vt 0.45290226 0.63804591
vt 0.22814375 0.87030220
vt 0.24885866 0.86898273
vt 0.23865102 0.85862035
vt 0.24538104 0.84523940
vt 0.25666764 0.86376548
vt 0.87047100 0.45467436
vt 0.87621671 0.43315208
vt 0.87535882 0.44831258
vt 0.88148415 0.46536660
vt 0.04483412 0.90000916
vt 0.53851444 0.27040261
vt 0.87469959 0.36592484
vt 0.34582782 0.53581154
vt 0.35485142 0.52501476
vt 0.33693457 0.52642035
vt 0.67971927 0.67882341
vt 0.68988162 0.69095886
vt 0.66636699 0.09396106
vt 0.69502378 0.11315441
vt 0.70739883 0.12193823
vt 0.72193420 0.13612384
vt 0.49927178 0.30607224
vt 0.49598792 0.29521871
vt 0.49405223 0.31090856
vt 0.49879766 0.31800228
vt 0.73143691 0.50990760
vt 0.73345882 0.52429807
vt 0.66793525 0.33121294
vt 0.67159808 0.34664375
vt 0.08237589 0.17601556
vt 0.48564065 0.28172231
vt 0.48706183 0.29947090
vt 0.49276733 0.27803516
vt 0.50692993 0.26362896
vt 0.50868601 0.25777680
vt 0.49393454 0.26183426
vt 0.06560712 0.32659751
vt 0.07053861 0.33316743
vt 0.07973269 0.31663847
vt 0.75899142 0.03723776
vt 0.75522619 0.02603316
vt 0.72190225 0.06824899
vt 0.70156491 0.07015592
vt 0.70669341 0.07398844
vt 0.70891714 0.05898935
vt 0.15873106 0.40766180
vt 0.21400300 0.39588779
vt 0.22585945 0.38902766
vt 0.27908811 0.62954050
vt 0.28395593 0.60496354
vt 0.53462541 0.57082713
vt 0.54330617 0.57712436
vt 0.53051353 0.55165511
vt 0.36874887 0.79973787
vt 0.92346770 0.74724984
vt 0.23876305 0.10832393
vt 0.75986344 0.80799019
vt 0.75412601 0.78965348
vt 0.76091862 0.68493080
vt 0.19902939 0.96045107
vt 0.18875444 0.96524715
vt 0.19912311 0.97013736
vt 0.93693304 0.19323152
vt 0.72732198 0.69284713
vt 0.70010167 0.69777131
vt 0.71195543 0.69955492
vt 0.70808893 0.68605566
vt 0.77409506 0.94091219
vt 0.79070389 0.92181432
vt 0.79145676 0.91322196
vt 0.36059433 0.30047637
vt 0.12999734 0.65701282
vt 0.15411833 0.64824808
vt 0.13202235 0.65149629
vt 0.12017320 0.65557122
vt 0.11411109 0.66066575
vt 0.38075787 0.36239868
vt 0.38250107 0.35652071
vt 0.40337041 0.36480927
vt 0.38540870 0.35542905
vt 0.39788958 0.36649638
vt 0.78790206 0.29244083
vt 0.81611037 0.27013803
vt 0.80275410 0.26286453
vt 0.79705429 0.27645290
vt 0.35685775 0.13036895
vt 0.35457349 0.14377850
vt 0.36596668 0.13600415
vt 0.36841547 0.15001398
vt 0.10588590 0.81811452
vt 0.11077170 0.83014262
vt 0.28695861 0.33600599
vt 0.81680268 0.36513466
vt 0.96586651 0.38169789
vt 0.95262456 0.38932896
vt 0.76766711 0.47282952
vt 0.75125843 0.48769939
vt 0.74155235 0.50707865
vt 0.64698076 0.46563846
vt 0.62874776 0.49793011
vt 0.63728017 0.49196941
vt 0.64083380 0.47877246
vt 0.66819227 0.20928586
vt 0.65179878 0.20583802
vt 0.63950360 0.17959988
vt 0.72535878 0.20292431
vt 0.71122575 0.19314045
vt 0.69820863 0.17417353
vt 0.56217211 0.30126643
vt 0.55040240 0.30434203
vt 0.01762503 0.81274462
vt 0.71488225 0.05214554
vt 0.71933186 0.91308725
vt 0.69402122 0.06212419
vt 0.22149745 0.24801368
vt 0.23494612 0.26189899
vt 0.84409988 0.56979203
vt 0.84048015 0.57091451
vt 0.85314739 0.59489030
vt 0.21272968 0.19274867
vt 0.20339988 0.18615967
vt 0.58127964 0.62887287
vt 0.58756202 0.64890784
vt 0.53384173 0.43486786
vt 0.51170075 0.43380815
vt 0.52540505 0.42482007
vt 0.55163759 0.42059332
vt 0.51108104 0.24271661
vt 0.51755178 0.24697804
vt 0.51848567 0.23402691
vt 0.50862759 0.25315368
vt 0.50447983 0.24889034
vt 0.29960054 0.25958955
vt 0.29251891 0.25745308
vt 0.86156690 0.01871288
vt 0.23843814 0.24900937
vt 0.23098892 0.24088460
vt 0.23766027 0.25610101
vt 0.22651526 0.22600520
vt 0.93199557 0.32867467
vt 0.94317651 0.34132934
vt 0.93976533 0.34569973
vt 0.94428998 0.35971850
vt 0.10262269 0.98266894
vt 0.96015388 0.64539909
vt 0.97469163 0.67715526
vt 0.98031038 0.69305968
vt 0.97872806 0.67526615
vt 0.54781103 0.74480402
vt 0.44693735 0.89114052
vt 0.45113629 0.89996397
vt 0.46574274 0.88948214
vt 0.80558801 0.24292636
vt 0.34716141 0.13373441
vt 0.35149890 0.13695639
vt 0.35470960 0.11980516
vt 0.34479624 0.14614534
vt 0.34778947 0.15589195
vt 0.75968993 0.32528561
vt 0.74913371 0.32798350
vt 0.46498469 0.84141088
vt 0.43626380 0.82259643
vt 0.42817080 0.81417394
vt 0.66644216 0.21723157
vt 0.66085565 0.20787024
vt 0.59192628 0.37753069
vt 0.58868653 0.37540442
vt 0.58035141 0.39898962
vt 0.09800087 0.29637563
vt 0.09611642 0.27992266
vt 0.47661531 0.17581487
vt 0.48182729 0.17550004
vt 0.49172536 0.16149765
vt 0.49585846 0.14695948
vt 0.04600103 0.37384361
vt 0.06259720 0.36267400
vt 0.05596443 0.34139842
vt 0.05750772 0.35577297
vt 0.75595856 0.88520205
vt 0.76447004 0.87084574
vt 0.76851755 0.85238266
vt 0.75772440 0.87370700
vt 0.53914505 0.31586355
vt 0.54173672 0.33719212
vt 0.54532754 0.31273979
vt 0.53730530 0.33471465
vt 0.53533345 0.31680274
vt 0.87188506 0.88809168
vt 0.85602075 0.88731676
vt 0.19648017 0.21918422
vt 0.18780118 0.20733881
vt 0.17969151 0.20990568
vt 0.17284800 0.19893348
vt 0.15300108 0.67635012
vt 0.13819794 0.68916237
vt 0.11911876 0.70583719
vt 0.14148438 0.69286311
vt 0.24681978 0.89147103
vt 0.21333477 0.88037205
vt 0.21035144 0.88967448
vt 0.63484174 0.64312363
vt 0.69362432 0.06846130
vt 0.69817877 0.09930724
vt 0.58163583 0.16625893
vt 0.58780587 0.17813897
vt 0.58319622 0.40154594
vt 0.53552914 0.95728993
vt 0.51059252 0.95712990
vt 0.74025804 0.25250548
vt 0.74732167 0.25923568
vt 0.68009168 0.16720265
vt 0.67102909 0.15659553
vt 0.61703360 0.09173983
vt 0.25221020 0.72700220
vt 0.25946990 0.72142577
vt 0.23585910 0.72065556
vt 0.27163640 0.72333777
vt 0.27765429 0.72748053
vt 0.20473264 0.53760302
vt 0.16796282 0.51960284
vt 0.24547914 0.54678094
vt 0.71273470 0.52309716
vt 0.76310217 0.33492607
vt 0.03316755 0.19882119
vt 0.04253149 0.20462161
vt 0.33775878 0.42286652
vt 0.85738844 0.38303024
vt 0.85746461 0.41713780
vt 0.86802077 0.40996969
vt 0.09759820 0.25677842
vt 0.28344211 0.34365988
vt 0.28860787 0.36174196
vt 0.04079580 0.57810676
vt 0.03284286 0.57599437
vt 0.21733822 0.40534544
vt 0.20304114 0.41485268
vt 0.07223088 0.72750705
vt 0.08428289 0.73421240
vt 0.09154768 0.72609860
vt 0.09421258 0.73158085
vt 0.49962854 0.17488837
vt 0.49933526 0.14771861
vt 0.49578598 0.12310350
vt 0.55520725 0.80582678
vt 0.56181771 0.80088270
vt 0.55643219 0.79306751
vt 0.57101417 0.82243025
vt 0.57103956 0.80995953
vt 0.48591077 0.85414821
vt 0.49496961 0.86793494
vt 0.48817775 0.84391266
vt 0.65606606 0.89495647
vt 0.63913727 0.89233059
vt 0.62760395 0.88501728
vt 0.88415140 0.68098152
vt 0.88163161 0.68943238
vt 0.88925219 0.68831813
vt 0.89475393 0.70230150
vt 0.84008050 0.64070743
vt 0.83348799 0.63111687
vt 0.83576602 0.65537101
vt 0.84814513 0.64253712
vt 0.83973038 0.65743202
vt 0.84294003 0.66412640
vt 0.48078129 0.28556329
vt 0.49041137 0.32736009
vt 0.50045562 0.34254545
vt 0.49738759 0.32673126
vt 0.70175689 0.93127197
vt 0.70078766 0.94841129
vt 0.69780457 0.92568403
vt 0.70775157 0.91910768
vt 0.95393836 0.71318841
vt 0.94260317 0.70392156
vt 0.94492173 0.71112859
vt 0.90736824 0.39675778
vt 0.90824294 0.38154048
vt 0.51729590 0.37261528
vt 0.50991642 0.35148871
vt 0.51361156 0.37217748
vt 0.87972647 0.22270310
vt 0.86214733 0.21963912
vt 0.87195623 0.24220484
vt 0.33466750 0.40164065
vt 0.34569523 0.41450036
vt 0.34836939 0.40197277
vt 0.35147774 0.41169369
vt 0.03333422 0.47766811
vt 0.04985877 0.47663742
vt 0.03609488 0.45908743
vt 0.03107314 0.49743861
vt 0.03602919 0.51487339
vt 0.05078586 0.48350060
vt 0.25226304 0.62980855
vt 0.91041213 0.03053498
vt 0.58581960 0.59786594
vt 0.60053122 0.60671210
vt 0.95080245 0.43672383
vt 0.94488943 0.43677467
vt 0.45791876 0.23879033
vt 0.44927847 0.21253574
vt 0.44278014 0.20130014
vt 0.45057184 0.22797388
vt 0.88442820 0.84670705
vt 0.89484000 0.83170319
vt 0.89132994 0.83009052
vt 0.87455398 0.85559005
vt 0.87433326 0.84796906
vt 0.86339855 0.86556149
vt 0.19341230 0.79922116
vt 0.18556038 0.80792916
vt 0.19351484 0.81046969
vt 0.54333335 0.78705579
vt 0.56633812 0.89168221
vt 0.54772955 0.88412017
vt 0.75599927 0.62790543
vt 0.75414848 0.62292612
vt 0.74964118 0.63787627
vt 0.90790445 0.48710281
vt 0.88599110 0.48028523
vt 0.49311265 0.46034259
vt 0.58780241 0.27948183
vt 0.58903164 0.26152366
vt 0.12267052 0.18154562
vt 0.11058235 0.17143214
vt 0.10905008 0.18276966
vt 0.20546654 0.72330868
vt 0.24798305 0.73107928
vt 0.88005805 0.42602044
vt 0.87921643 0.43841535
vt 0.87754512 0.39682841
vt 0.67872238 0.29854393
vt 0.50465173 0.35492665
vt 0.69784832 0.28499717
vt 0.71179307 0.26905853
vt 0.69535768 0.28158873
vt 0.51832646 0.22785228
vt 0.50966936 0.23185247
vt 0.57826012 0.18443215
vt 0.27099922 0.08894509
vt 0.26255608 0.07880235
vt 0.26374736 0.09451681
vt 0.27569264 0.08271164
vt 0.76872104 0.05190152
vt 0.76979393 0.06850952
vt 0.58756661 0.83591700
vt 0.58703446 0.82087851
vt 0.17486380 0.75490183
vt 0.18313764 0.76528257
vt 0.08923220 0.39482772
vt 0.08033033 0.37823498
vt 0.40227231 0.33812279
vt 0.38721824 0.32455087
vt 0.39042881 0.33505565
vt 0.36670861 0.31583422
vt 0.36855438 0.33078158
vt 0.20643929 0.21800560
vt 0.19942203 0.21869338
vt 0.70279217 0.62553895
vt 0.69317943 0.62325174
vt 0.70446742 0.63756263
vt 0.05599567 0.65569532
vt 0.04498397 0.66004050
vt 0.03810923 0.68654615
vt 0.05205969 0.66325563
vt 0.10749266 0.78893197
vt 0.11591934 0.80661750
vt 0.12496355 0.78950381
vt 0.09649496 0.79102653
vt 0.83848393 0.24228710
vt 0.81330991 0.22927099
vt 0.81111497 0.23321223
vt 0.13012446 0.77803457
vt 0.14286424 0.77156466
vt 0.12265270 0.78207797
vt 0.94004416 0.26033729
vt 0.92943996 0.26276022
vt 0.73664546 0.87274998
vt 0.73054540 0.88265425
vt 0.31182009 0.34838289
vt 0.71921200 0.26075751
vt 0.70009416 0.25443280
vt 0.69951844 0.28674877
vt 0.71838331 0.26750833
vt 0.69484115 0.04115909
vt 0.70986849 0.03121251
vt 0.91632962 0.35570776
vt 0.91947836 0.35996741
vt 0.39927590 0.37960649
vt 0.37509018 0.39368778
vt 0.39863321 0.40505391
vt 0.66354728 0.77871913
vt 0.66948640 0.79045302
vt 0.49515584 0.59108138
vt 0.48328003 0.59026945
vt 0.76478344 0.07733130
vt 0.76714915 0.06251311
vt 0.69659710 0.34094131
vt 0.70680368 0.32059062
vt 0.37434018 0.22090167
vt 0.35528558 0.19045019
vt 0.33911437 0.18631542
vt 0.36411431 0.20072484
vt 0.34293476 0.26655966
vt 0.35129929 0.28289276
vt 0.35839507 0.20813638
vt 0.10171845 0.21313787
vt 0.95281184 0.15041822
vt 0.93977779 0.16522938
vt 0.23327503 0.94656795
vt 0.24110392 0.95845056
vt 0.24194956 0.94018102
vt 0.28864995 0.61179042
vt 0.29409730 0.62026155
vt 0.88818455 0.74523246
vt 0.88197112 0.74018204
vt 0.14021946 0.86887664
vt 0.13807768 0.84917939
vt 0.14623734 0.86346745
vt 0.88481504 0.63553488
vt 0.87973070 0.62719381
vt 0.93455726 0.27365232
vt 0.93306613 0.29607302
vt 0.64217466 0.96113658
vt 0.64475739 0.97230119
vt 0.18182673 0.39077437
vt 0.16821581 0.37614763
vt 0.16358858 0.35260934
vt 0.70379221 0.19510102
vt 0.70669585 0.20237082
vt 0.72511446 0.20923018
vt 0.70464379 0.20888495
vt 0.23135555 0.36664176
vt 0.23790969 0.37665606
vt 0.25108892 0.36288899
vt 0.24719602 0.24859416
vt 0.25546363 0.26500589
vt 0.25131816 0.28424942
vt 0.07211879 0.92535865
vt 0.45763156 0.17958015
vt 0.36292723 0.74134153
vt 0.81643939 0.66332698
vt 0.82607257 0.65846288
vt 0.51559633 0.29165703
vt 0.53388828 0.25922680
vt 0.52206105 0.28192806
vt 0.68533617 0.48188168
vt 0.87607169 0.81108868
vt 0.33702329 0.09636468
vt 0.58322108 0.24744689
vt 0.57615650 0.27236992
vt 0.53372020 0.14933830
vt 0.70702976 0.66724575
vt 0.11140742 0.67408955
vt 0.59282458 0.10533625
vt 0.61685437 0.10941237
vt 0.14485261 0.36773700
vt 0.16327141 0.36600733
vt 0.88183534 0.59597528
vt 0.37974253 0.43200380
vt 0.31947961 0.77558726
vt 0.30859309 0.77421987
vt 0.28390238 0.51229411
vt 0.30034271 0.51073110
vt 0.27694157 0.49665463
vt 0.79379970 0.09771729
vt 0.39633453 0.35482705
vt 0.41331521 0.35916662
vt 0.84087789 0.49123669
vt 0.82248843 0.49175847
vt 0.82642782 0.48280519
vt 0.80024350 0.21118760
vt 0.80928081 0.21864814
vt 0.78501630 0.20382732
vt 0.79154873 0.21202439
vt 0.81903189 0.46811497
vt 0.83151472 0.47433907
vt 0.82556027 0.47876334
vt 0.71182048 0.57874084
vt 0.71708536 0.56287622
vt 0.31125727 0.31888437
vt 0.41816062 0.79504395
vt 0.37630874 0.13684660
vt 0.37479788 0.14163893
vt 0.39139652 0.13479125
vt 0.84857953 0.42908186
vt 0.40765983 0.48482460
vt 0.44713071 0.72516823
vt 0.43638834 0.72023523
vt 0.43333894 0.70647472
vt 0.80476809 0.20148462
vt 0.80187255 0.20593762
vt 0.78943449 0.19509888
vt 0.78735137 0.19952059
vt 0.58460808 0.23776305
vt 0.60190910 0.21754277
vt 0.10123618 0.92024839
vt 0.10074340 0.93008810
vt 0.11229132 0.92983663
vt 0.55262285 0.19490916
vt 0.56902021 0.20060766
vt 0.56419832 0.19694930
vt 0.94057614 0.27315992
vt 0.94110447 0.29863971
vt 0.75436044 0.64627671
vt 0.58305943 0.92309529
vt 0.58922112 0.92811304
vt 0.57286048 0.95654964
vt 0.58546805 0.93919075
vt 0.57149982 0.93975747
vt 0.43990853 0.20855469
vt 0.63582349 0.29051894
vt 0.62990844 0.29543245
vt 0.62888050 0.28422225
vt 0.97247189 0.24885345
vt 0.97111392 0.23772979
vt 0.97500587 0.25328654
vt 0.35219741 0.24496073
vt 0.34235567 0.24591559
vt 0.88340241 0.66609401
vt 0.52210873 0.15366948
vt 0.53666312 0.12934428
vt 0.52006525 0.13762170
vt 0.51465547 0.15035647
vt 0.21191294 0.91858625
vt 0.20762935 0.93697411
vt 0.82379979 0.13671541
vt 0.83363765 0.15517044
vt 0.39517865 0.46503103
vt 0.40308106 0.44741404
vt 0.26386872 0.91440272
vt 0.64872235 0.06665343
vt 0.37360623 0.10244697
vt 0.35975212 0.11942232
vt 0.36732855 0.11851120
vt 0.36782336 0.10968786
vt 0.79041952 0.55898190
vt 0.50711334 0.29081535
vt 0.50901353 0.27848297
vt 0.51698643 0.28011465
vt 0.55137640 0.26579577
vt 0.55803537 0.25244963
vt 0.75596994 0.72840679
vt 0.36885875 0.79274285
vt 0.73064166 0.90146858
vt 0.12322532 0.86775857
vt 0.13182746 0.86071104
vt 0.54487735 0.71745443
vt 0.54372638 0.61578113
vt 0.32775038 0.75722879
vt 0.31571713 0.75555122
vt 0.05243181 0.94600868
vt 0.06224150 0.95851928
vt 0.76386392 0.34596503
vt 0.76338655 0.36071390
vt 0.77292144 0.33541834
vt 0.21235959 0.90781844
vt 0.20454551 0.90044940
vt 0.20635335 0.90999591
vt 0.79927063 0.81387055
vt 0.36059991 0.37523258
vt 0.35276842 0.37981635
vt 0.36207804 0.38443846
vt 0.84838825 0.85439396
vt 0.85829610 0.83942437
vt 0.76984769 0.36965764
vt 0.77882159 0.36079836
vt 0.75839227 0.36269516
vt 0.65723109 0.67554283
vt 0.50650531 0.65423316
vt 0.49583244 0.64426208
vt 0.49637681 0.62399924
vt 0.49790728 0.62840354
vt 0.98275280 0.68155277
vt 0.77182084 0.48531121
vt 0.49124214 0.22098368
vt 0.48533735 0.21743470
vt 0.80959690 0.79326570
vt 0.80070293 0.80781698
vt 0.81945497 0.77884734
vt 0.81468552 0.77890110
vt 0.81640464 0.79189080
vt 0.79086381 0.87708378
vt 0.79954851 0.86357254
vt 0.15711737 0.18665445
vt 0.14327967 0.18660223
vt 0.56078678 0.10979587
vt 0.54526460 0.11958820
vt 0.54232740 0.10466397
vt 0.53138745 0.10416943
vt 0.78388381 0.87931532
vt 0.24133831 0.68769896
vt 0.24302983 0.70719749
vt 0.25364190 0.27379006
vt 0.25088009 0.28089666
vt 0.26501745 0.27588773
vt 0.48500422 0.48450971
vt 0.46029320 0.48844999
vt 0.49318549 0.47203678
vt 0.79630190 0.93728089
vt 0.78602761 0.93350649
vt 0.77655870 0.97094989
vt 0.78914464 0.93937105
vt 0.77748555 0.94858676
vt 0.55371249 0.45975661
vt 0.54286700 0.45594132
vt 0.34042421 0.16138643
vt 0.33086139 0.16618580
vt 0.34163392 0.16610581
vt 0.82539207 0.86091310
vt 0.83504039 0.84171158
vt 0.77126229 0.65306723
vt 0.77718472 0.65361392
vt 0.77558988 0.63585603
vt 0.71808302 0.22705173
vt 0.72300023 0.23061037
vt 0.25784510 0.94876128
vt 0.66820437 0.17680645
vt 0.65407753 0.16353571
vt 0.65835220 0.17454636
vt 0.66661495 0.13736898
vt 0.68423700 0.14499229
vt 0.56341136 0.97047538
vt 0.57117277 0.96800369
vt 0.81042886 0.08924323
vt 0.79424268 0.08049107
vt 0.16463478 0.33395934
vt 0.16253069 0.32796770
vt 0.14973515 0.32095611
vt 0.33003423 0.69615602
vt 0.33431420 0.64694715
vt 0.32723290 0.64954209
vt 0.39711571 0.81229889
vt 0.38655049 0.81533033
vt 0.35729188 0.78051943
vt 0.37167141 0.77704942
vt 0.48953807 0.72822189
vt 0.51500267 0.62302864
vt 0.52077073 0.61920470
vt 0.48116452 0.85872447
vt 0.67262095 0.51695561
vt 0.66432995 0.53757882
vt 0.67266440 0.52399075
vt 0.68119615 0.50284493
vt 0.67292780 0.48861265
vt 0.48202679 0.88371181
vt 0.46328804 0.89993536
vt 0.69332278 0.55451107
vt 0.12122356 0.77516973
vt 0.12444396 0.76408857
vt 0.32000726 0.18320495
vt 0.33648774 0.20310640
vt 0.31446663 0.20561111
vt 0.52595967 0.92734200
vt 0.55768144 0.68985474
vt 0.55284899 0.10580963
vt 0.55972832 0.09293276
vt 0.53867757 0.09770900
vt 0.90468729 0.24819815
vt 0.89140952 0.23490405
vt 0.72715461 0.71275115
vt 0.78202510 0.61319745
vt 0.78517336 0.60877764
vt 0.78342038 0.62338161
vt 0.44427246 0.23931444
vt 0.66381210 0.57343984
vt 0.75926596 0.50727689
vt 0.77184564 0.49730927
vt 0.74770111 0.50159842
vt 0.75111359 0.51053756
vt 0.70302540 0.02962524
vt 0.70076180 0.02589291
vt 0.81759787 0.55286932
vt 0.82066083 0.54845113
vt 0.08202936 0.77804297
vt 0.07021017 0.77026945
vt 0.63309562 0.16302186
vt 0.63874948 0.16857785
vt 0.65076339 0.20922524
vt 0.79967093 0.43128526
vt 0.31602430 0.18216252
vt 0.76625806 0.20182121
vt 0.77744502 0.20585769
vt 0.43902943 0.65861458
vt 0.44487891 0.64325690
vt 0.62989557 0.74472159
vt 0.62444419 0.75524402
vt 0.26414484 0.26375675
vt 0.37398380 0.76840878
vt 0.38663507 0.77465260
vt 0.40211195 0.77647090
vt 0.91659725 0.40320659
vt 0.92768979 0.39304966
vt 0.92795920 0.41675562
vt 0.35576949 0.70126808
vt 0.37238008 0.72370702
vt 0.41934422 0.71726191
vt 0.29264709 0.99804688
vt 0.76843452 0.59414881
vt 0.11053038 0.65886939
vt 0.22671697 0.88037384
vt 0.24215238 0.87985295
vt 0.21992400 0.22997022
vt 0.22920537 0.23353970
vt 0.83654451 0.54668856
vt 0.40704924 0.77950597
vt 0.41859737 0.78292400
vt 0.62057400 0.08240449
vt 0.41909808 0.81050843
vt 0.73440218 0.13876253
vt 0.73547518 0.15765291
vt 0.74323636 0.15947515
vt 0.73959774 0.16573811
vt 0.17641069 0.61415464
vt 0.19998421 0.62579256
vt 0.18871367 0.61270821
vt 0.77000016 0.12717789
vt 0.77201712 0.11192447
vt 0.76703304 0.10917985
vt 0.77828169 0.11439925
vt 0.79373926 0.14464206
vt 0.78385454 0.13574672
vt 0.78074908 0.14168143
vt 0.77702510 0.12596619
vt 0.94762677 0.95212704
vt 0.95272297 0.45028210
vt 0.96796727 0.45173156
vt 0.16973102 0.26548767
vt 0.40655139 0.46955568
vt 0.41536108 0.47913462
vt 0.40070194 0.34888387
vt 0.55887270 0.26696944
vt 0.55056655 0.28689778
vt 0.82698822 0.54780245
vt 0.83053249 0.55822003
vt 0.83911824 0.55312246
vt 0.57514989 0.09428412
vt 0.57825994 0.08782583
vt 0.12701391 0.71080881
vt 0.40818119 0.41005194
vt 0.71969110 0.39313656
vt 0.73034042 0.36455822
vt 0.73852134 0.34603179
vt 0.61090845 0.30318880
vt 0.60025477 0.30849183
vt 0.65066200 0.34328204
vt 0.61683089 0.29170865
vt 0.60904706 0.29957706
vt 0.62214333 0.28975362
vt 0.62757003 0.29180717
vt 0.73468089 0.34654021
vt 0.74153435 0.33246732
vt 0.51675910 0.25765777
vt 0.52941006 0.24715382
vt 0.51828462 0.25174677
vt 0.69421482 0.11825770
vt 0.76698470 0.89195597
vt 0.76560062 0.90356684
vt 0.75510275 0.93605632
vt 0.75213099 0.93259460
vt 0.86001599 0.87523144
vt 0.87805068 0.86082220
vt 0.85251856 0.87406117
vt 0.82789868 0.88038915
vt 0.83963168 0.88314110
vt 0.70799708 0.14310974
vt 0.81618661 0.64061320
vt 0.26968974 0.90469611
vt 0.94419408 0.19780046
vt 0.95347500 0.19686502
vt 0.95513391 0.18261951
vt 0.37632424 0.32928944
vt 0.38433039 0.33886850
vt 0.75218326 0.91122246
vt 0.74580210 0.90699160
vt 0.75708526 0.91433918
vt 0.73486328 0.55393970
vt 0.72485048 0.53429699
vt 0.57261896 0.97709495
vt 0.56566197 0.98685515
vt 0.57638097 0.99804688
vt 0.57680625 0.98301852
vt 0.32533073 0.59164143
vt 0.34521666 0.57566488
vt 0.64409047 0.69046438
vt 0.65327024 0.69246173
vt 0.67566508 0.54013026
vt 0.66921926 0.54182136
vt 0.67654747 0.53283596
vt 0.67651439 0.52004087
vt 0.83913118 0.39787197
vt 0.83867431 0.37782967
vt 0.20014924 0.28934216
vt 0.70304060 0.49855703
vt 0.71157807 0.50132680
vt 0.72955245 0.14494538
vt 0.72336346 0.12934458
vt 0.70915788 0.11881083
vt 0.92327988 0.73438287
vt 0.72087532 0.34732974
vt 0.19079764 0.37157369
vt 0.17844658 0.36555791
vt 0.72975391 0.03559256
vt 0.36366442 0.40335047
vt 0.35171196 0.39245504
vt 0.35903135 0.40673763
vt 0.34464443 0.39269578
vt 0.55111641 0.31183398
vt 0.55718732 0.29435122
vt 0.49090376 0.67481780
vt 0.15325905 0.84330881
vt 0.17379682 0.85592186
vt 0.16454670 0.83548313
vt 0.18098184 0.86450011
vt 0.17969921 0.84735352
vt 0.92574394 0.87381274
vt 0.95589298 0.20284510
vt 0.97147101 0.19851303
vt 0.86609882 0.36067212
vt 0.86106402 0.35638458
vt 0.59970737 0.21305829
vt 0.60716569 0.19845384
vt 0.57076979 0.08628464
vt 0.16374275 0.75447989
vt 0.99804688 0.38455367
vt 0.53152657 0.91323596
vt 0.50088227 0.90301991
vt 0.90722638 0.73435205
vt 0.90423059 0.73950839
vt 0.03765617 0.19552398
vt 0.20115763 0.34201306
vt 0.19420992 0.35468155
vt 0.06142434 0.20676756
vt 0.07499211 0.20950329
vt 0.06017967 0.19803101
vt 0.05455561 0.18820155
vt 0.05505095 0.18353641
vt 0.45250294 0.78919309
vt 0.33238885 0.86898774
vt 0.33608401 0.85789502
vt 0.46656936 0.40343827
vt 0.84152818 0.87408835
vt 0.55584413 0.28362894
vt 0.32432789 0.70187593
vt 0.32026941 0.67255801
vt 0.53986865 0.19996238
vt 0.49696454 0.54546857
vt 0.51123977 0.54730821
vt 0.50565267 0.53863245
vt 0.40531579 0.86744004
vt 0.42089275 0.86452901
vt 0.50237679 0.12791061
vt 0.50617844 0.14300996
vt 0.80133218 0.36127383
vt 0.48062658 0.30193013
vt 0.67108357 0.83129722
vt 0.64937484 0.49758899
vt 0.64636856 0.49542958
vt 0.19149202 0.71341014
vt 0.19523682 0.73238909
vt 0.19476914 0.70925748
vt 0.25770241 0.09987998
vt 0.73039180 0.25980449
vt 0.72458786 0.27021062
vt 0.72848052 0.28187478
vt 0.75705057 0.07288587
vt 0.39908385 0.29819310
vt 0.29773507 0.87547934
vt 0.30563915 0.87984139
vt 0.30758223 0.86886936
vt 0.32737267 0.88208824
vt 0.31289044 0.87920046
vt 0.31526881 0.88789099
vt 0.54552203 0.19959927
vt 0.55208051 0.22931606
vt 0.97468281 0.27000839
vt 0.97057045 0.26701683
vt 0.97604394 0.26386642
vt 0.81601262 0.35645676
vt 0.17169894 0.21933371
vt 0.18887220 0.23416442
vt 0.18148497 0.23275381
vt 0.63803548 0.09274173
vt 0.54019111 0.06076199
vt 0.68325138 0.77141893
vt 0.69608223 0.77759665
vt 0.33851701 0.62571788
vt 0.41523653 0.31250447
vt 0.66335416 0.50700790
vt 0.72073734 0.26553226
vt 0.74332893 0.26204687
vt 0.86591136 0.88431215
vt 0.88380766 0.88160580
vt 0.39402214 0.20742947
vt 0.40375328 0.21961653
vt 0.53559321 0.04004747
vt 0.51883858 0.04230613
vt 0.62860823 0.32588869
vt 0.60511231 0.34982556
vt 0.61310565 0.33352798
vt 0.77129668 0.42329049
vt 0.76486486 0.43080986
vt 0.03845640 0.40736496
vt 0.05538762 0.41309643
vt 0.70943099 0.88798594
vt 0.73184937 0.17440069
vt 0.73618495 0.17313635
vt 0.60088187 0.90736550
vt 0.32233301 0.55763853
vt 0.86047196 0.91623247
vt 0.86991847 0.90009928
vt 0.66871953 0.46899122
vt 0.67447376 0.48199439
vt 0.67353284 0.46070600
vt 0.66850990 0.48632872
vt 0.18096352 0.60263181
vt 0.18938839 0.60306692
vt 0.20786776 0.69682777
vt 0.21602339 0.68392766
vt 0.35454994 0.62092686
vt 0.57791191 0.36244673
vt 0.60082293 0.33740389
vt 0.61312318 0.32663691
vt 0.71934330 0.30432981
vt 0.16595826 0.95612305
vt 0.89101481 0.85365832
vt 0.88618362 0.87472486
vt 0.87507933 0.87720275
vt 0.94987935 0.28717786
vt 0.73524642 0.38783783
vt 0.72492516 0.40431148
vt 0.73466659 0.40286994
vt 0.83959126 0.85145104
vt 0.83322436 0.85989940
vt 0.25292832 0.83975428
vt 0.73445356 0.10612923
vt 0.73198289 0.11226153
vt 0.72812289 0.09070742
vt 0.70163095 0.56785464
vt 0.76888883 0.55855131
vt 0.76377428 0.54225862
vt 0.78294909 0.56135046
vt 0.72992516 0.82937002
vt 0.72456318 0.80754524
vt 0.36267141 0.71585906
vt 0.47014692 0.18785101
vt 0.28021321 0.23556590
vt 0.27450144 0.22872645
vt 0.39297393 0.08771688
vt 0.62552726 0.91933274
vt 0.60174859 0.91584462
vt 0.19183099 0.25410438
vt 0.24764128 0.82354701
vt 0.25381395 0.82906348
vt 0.38786086 0.59729427
vt 0.37972626 0.56673908
vt 0.30052894 0.70388448
vt 0.10106903 0.99461865
vt 0.84759927 0.82852089
vt 0.84088564 0.83482331
vt 0.61702001 0.90934241
vt 0.41293621 0.22642922
vt 0.28239328 0.79988086
vt 0.51561201 0.90584838
vt 0.59406543 0.64592284
vt 0.79232389 0.97424722
vt 0.77101719 0.97729725
vt 0.80087209 0.94736123
vt 0.79280150 0.96287692
vt 0.73502094 0.95336485
vt 0.72653121 0.96107751
vt 0.23961525 0.34102637
vt 0.62515229 0.98406792
vt 0.92774832 0.25438827
vt 0.08233118 0.20452881
vt 0.09762381 0.20750797
vt 0.10336799 0.18442249
vt 0.80392206 0.55239737
vt 0.79831380 0.55144405
vt 0.74498987 0.01183140
vt 0.51521790 0.37962240
vt 0.52312982 0.37111938
vt 0.19164100 0.26499134
vt 0.17453521 0.26325434
vt 0.18784656 0.27015394
vt 0.16106252 0.27682883
vt 0.17279334 0.27456188
vt 0.64901960 0.86566281
vt 0.63532692 0.85664535
vt 0.62687176 0.84961015
vt 0.05454832 0.75548625
vt 0.04690050 0.74413234
vt 0.03802880 0.74957860
vt 0.30174237 0.37849981
vt 0.33263314 0.39147967
vt 0.47465411 0.71748102
vt 0.47553891 0.73532081
vt 0.61714423 0.58434725
vt 0.88605016 0.41386044
vt 0.13624518 0.59566784
vt 0.59496748 0.15216273
vt 0.59921771 0.16373158
vt 0.01347406 0.73630059
vt 0.00195319 0.73901725
vt 0.02665326 0.75018448
vt 0.12473780 0.15925139
vt 0.73329413 0.59617531
vt 0.72205991 0.61662966
vt 0.72734767 0.60337955
vt 0.53209966 0.08725512
vt 0.58949202 0.84576333
vt 0.59084123 0.85874081
vt 0.18533127 0.20031947
vt 0.82990068 0.22655708
vt 0.14358900 0.79229754
vt 0.15523888 0.81805193
vt 0.21138084 0.59477079
vt 0.20962611 0.58079839
vt 0.20063700 0.60274249
vt 0.11440455 0.99393982
vt 0.12226380 0.99267828
vt 0.36714464 0.40951514
vt 0.37117773 0.40904897
vt 0.66410899 0.48309427
vt 0.65871668 0.48519683
vt 0.66159666 0.49493831
vt 0.90084678 0.46266377
vt 0.89134949 0.47396123
vt 0.73223251 0.58008075
vt 0.30942023 0.82258040
vt 0.32284167 0.83328408
vt 0.31046957 0.78340811
vt 0.84103251 0.33125883
vt 0.83694720 0.32038367
vt 0.83269268 0.34040439
vt 0.88049012 0.67583823
vt 0.87335080 0.66908163
vt 0.55231208 0.20169431
vt 0.56131268 0.20769209
vt 0.54966772 0.21683240
vt 0.24183819 0.39172614
vt 0.75751609 0.19458628
vt 0.74145913 0.18575227
vt 0.67878550 0.23073745
vt 0.66576266 0.21993160
vt 0.58100337 0.36655003
vt 0.42664191 0.78596807
vt 0.52313447 0.59979177
vt 0.60573822 0.68573976
vt 0.35900903 0.72657192
vt 0.77323592 0.83722848
vt 0.29269806 0.06043875
vt 0.28843206 0.05355752
vt 0.28413323 0.06662416
vt 0.65810865 0.04952079
vt 0.66580236 0.04695362
vt 0.08010937 0.30215114
vt 0.08558647 0.29921144
vt 0.08762439 0.31187576
vt 0.77020627 0.57826889
vt 0.54445010 0.21134949
vt 0.40140218 0.25037998
vt 0.39973071 0.25397277
vt 0.28360409 0.39022052
vt 0.28977957 0.37691945
vt 0.27752706 0.36594534
vt 0.27905881 0.37545907
vt 0.74204761 0.62715077
vt 0.73632562 0.64683199
vt 0.75387192 0.69634229
vt 0.14337885 0.17531633
vt 0.14208652 0.15695268
vt 0.15348004 0.17222798
vt 0.77744794 0.54665023
vt 0.77601194 0.55792081
vt 0.74860704 0.62687528
vt 0.75380182 0.60147411
vt 0.77340668 0.56430018
vt 0.77718562 0.56869483
vt 0.90851665 0.71391153
vt 0.91511488 0.71290243
vt 0.90754431 0.70702803
vt 0.50967377 0.12831038
vt 0.51170731 0.13890398
vt 0.84173113 0.46928656
vt 0.84293807 0.46429938
vt 0.84524655 0.44221711
vt 0.84736657 0.46029073
vt 0.50155318 0.68859744
vt 0.49077535 0.68942547
vt 0.39026892 0.58363909
vt 0.40586141 0.59750193
vt 0.72976011 0.37634361
vt 0.72958428 0.38960665
vt 0.56813264 0.23493201
vt 0.56685418 0.22188407
vt 0.56020278 0.23917663
vt 0.15130797 0.17399067
vt 0.30082414 0.25260937
vt 0.29770407 0.23881060
vt 0.28684533 0.25529873
vt 0.37026730 0.44087785
vt 0.38150418 0.43832874
vt 0.78630841 0.12716633
vt 0.42066056 0.77344602
vt 0.78363127 0.46369082
vt 0.06087389 0.83824122
vt 0.05429533 0.83854854
vt 0.31043226 0.21264887
vt 0.77505183 0.57260329
vt 0.36440489 0.23739386
vt 0.36843064 0.25265819
vt 0.73265475 0.69874454
vt 0.72565234 0.70132899
vt 0.22915539 0.37643319
vt 0.35652229 0.23857456
vt 0.36193022 0.23919588
vt 0.35681388 0.22902507
vt 0.34889740 0.22878301
vt 0.90467179 0.35044426
vt 0.11287308 0.61315465
vt 0.73451382 0.53774577
vt 0.73769599 0.54465866
vt 0.52985460 0.59848464
vt 0.52622235 0.59050822
vt 0.12005262 0.95146763
vt 0.78298187 0.93887752
vt 0.72600019 0.45232880
vt 0.71144456 0.48105478
vt 0.76677376 0.92926019
vt 0.59273213 0.25125712
vt 0.59712833 0.23240262
vt 0.59099030 0.23733282
vt 0.78555161 0.78606719
vt 0.78035349 0.80885088
vt 0.78614038 0.80113828
vt 0.74619019 0.15842307
vt 0.03911395 0.15886015
vt 0.03754181 0.16548890
vt 0.06334566 0.87784630
vt 0.06061642 0.86746192
vt 0.05807577 0.87474912
vt 0.73385447 0.06426865
vt 0.72456145 0.07447314
vt 0.72791940 0.07772875
vt 0.05838807 0.76460791
vt 0.03642130 0.55443120
vt 0.03019301 0.53745997
vt 0.81775075 0.23617911
vt 0.21890114 0.75319409
vt 0.20891814 0.74938345
vt 0.13980183 0.78283054
vt 0.14938350 0.78055328
vt 0.73887163 0.49250919
vt 0.73861450 0.48406529
vt 0.74456722 0.48825336
vt 0.30300561 0.08140510
vt 0.86733699 0.92530131
vt 0.89669216 0.91315693
vt 0.87778419 0.91479015
vt 0.46866652 0.63105696
vt 0.46319997 0.61797988
vt 0.45730603 0.62922943
vt 0.19363964 0.97444379
vt 0.96252280 0.10864025
vt 0.80292988 0.91215807
vt 0.80433363 0.90297711
vt 0.79234082 0.92516774
vt 0.72225028 0.73275554
vt 0.73854977 0.76611203
vt 0.28066409 0.77110207
vt 0.71293068 0.18839991
vt 0.32605395 0.34151173
vt 0.33181196 0.18633831
vt 0.34378126 0.19757664
vt 0.08311745 0.16438729
vt 0.72774118 0.91933227
vt 0.73416126 0.92634815
vt 0.73849946 0.92776090
vt 0.73794758 0.91641110
vt 0.43623492 0.26877576
vt 0.73546416 0.51110303
vt 0.56235009 0.22045571
vt 0.55549842 0.23060441
vt 0.55675387 0.23766392
vt 0.55213535 0.22008467
vt 0.55945116 0.21530735
vt 0.93229276 0.84789002
vt 0.57133090 0.20500320
vt 0.77230591 0.24753863
vt 0.79872704 0.90530127
vt 0.31747288 0.07386106
vt 0.31364763 0.05439705
vt 0.30545822 0.06996560
vt 0.60698634 0.86840922
vt 0.19873115 0.25430858
vt 0.20488228 0.24647748
vt 0.21933651 0.26283175
vt 0.67838669 0.37699872
vt 0.72287858 0.95418203
vt 0.71434015 0.96207929
vt 0.11231734 0.75142741
vt 0.70995456 0.59700298
vt 0.82902294 0.81532192
vt 0.81787652 0.83319759
vt 0.57699281 0.69216257
vt 0.58165044 0.70564097
vt 0.87393671 0.75650632
vt 0.86998409 0.74946594
vt 0.89050788 0.73978102
vt 0.67102611 0.89485240
vt 0.66505420 0.87747252
vt 0.24571073 0.58390045
vt 0.56415534 0.97909307
vt 0.54274487 0.97509807
vt 0.64405453 0.30592757
vt 0.63371170 0.31085497
vt 0.13500096 0.30970550
vt 0.13614121 0.30106068
vt 0.37270156 0.82057905
vt 0.37122458 0.81590688
vt 0.86338228 0.85649967
vt 0.26174319 0.26693439
vt 0.65932083 0.57346988
vt 0.27523360 0.29194814
vt 0.27613509 0.30492508
vt 0.56740642 0.24427146
vt 0.68299723 0.15338832
vt 0.68455935 0.16135079
vt 0.68383080 0.14855087
vt 0.66656065 0.14176208
vt 0.20637730 0.97548062
vt 0.20568667 0.98482805
vt 0.21337825 0.98006243
vt 0.77028465 0.14784640
vt 0.80383587 0.60914856
vt 0.79918134 0.61353862
vt 0.79927361 0.63559890
vt 0.80511916 0.58506185
vt 0.78379804 0.53283441
vt 0.77771676 0.53140134
vt 0.78101462 0.54196846
vt 0.79089731 0.50578439
vt 0.61012983 0.77774692
vt 0.60027790 0.77908957
vt 0.07171065 0.80672163
vt 0.47948927 0.92022562
vt 0.48308116 0.92924672
vt 0.39131826 0.34095532
vt 0.39430514 0.34965932
vt 0.87608749 0.72549552
vt 0.85609543 0.70872021
vt 0.12639850 0.84299219
vt 0.13800007 0.85769904
vt 0.84110010 0.94674551
vt 0.85102379 0.93852592
vt 0.82543486 0.94494843
vt 0.82596850 0.95850313
vt 0.83822006 0.94974297
vt 0.56317157 0.09915036
vt 0.74671662 0.21463770
vt 0.70939964 0.63956630
vt 0.47432277 0.16135675
vt 0.79638177 0.77145147
vt 0.62660998 0.77472347
vt 0.60910088 0.77349430
vt 0.72917873 0.51997280
vt 0.49909696 0.69763464
vt 0.16788444 0.44765699
vt 0.17806520 0.42980146
vt 0.13377337 0.78632069
vt 0.90580332 0.37120086
vt 0.26654372 0.86599863
vt 0.68210500 0.30225241
vt 0.67997581 0.30442566
vt 0.68736112 0.28668475
vt 0.84790236 0.97684902
vt 0.85182500 0.98147935
vt 0.88122010 0.77988160
vt 0.87530547 0.77364033
vt 0.02933821 0.39637846
vt 0.03286986 0.38574660
vt 0.38154662 0.23952949
vt 0.04121134 0.85764593
vt 0.04110475 0.87102950
vt 0.03595285 0.88389271
vt 0.44815466 0.75618130
vt 0.47708240 0.77448756
vt 0.54856300 0.49142754
vt 0.53027320 0.48948556
vt 0.07322209 0.29833966
vt 0.06145769 0.31374007
vt 0.75535095 0.96449888
vt 0.77472550 0.45652139
vt 0.78079528 0.45045280
vt 0.71998125 0.51311123
vt 0.74880141 0.27414763
vt 0.75116384 0.26410002
vt 0.40050015 0.84339023
vt 0.35095385 0.11871094
vt 0.36195999 0.11017853
vt 0.35754856 0.10745358
vt 0.82862955 0.92540723
vt 0.80977929 0.93351161
vt 0.88220155 0.83804178
vt 0.87897754 0.83655518
vt 0.49364224 0.27087802
vt 0.35187572 0.36827224
vt 0.35850248 0.35784692
vt 0.35789880 0.36214000
vt 0.36908230 0.36957061
vt 0.20260400 0.36130744
vt 0.89094138 0.33182436
vt 0.25963452 0.70901948
vt 0.13683516 0.98171955
vt 0.18532769 0.71548939
vt 0.56241876 0.25662625
vt 0.79879761 0.51592398
vt 0.79631966 0.53466952
vt 0.48918101 0.63875818
vt 0.49656010 0.63566697
vt 0.44563699 0.75837243
vt 0.29538098 0.63728404
vt 0.52680552 0.87026316
vt 0.32478234 0.06833577
vt 0.33657384 0.06666058
vt 0.44569835 0.50366747
vt 0.32828078 0.08236778
vt 0.45700324 0.40115935
vt 0.36354694 0.20737219
vt 0.18658654 0.25853699
vt 0.17121823 0.25764287
vt 0.16172935 0.26217228
vt 0.79260725 0.51822001
vt 0.93897110 0.30854535
vt 0.92593443 0.30541408
vt 0.50378257 0.24214900
vt 0.07862818 0.93219733
vt 0.07284230 0.94133586
vt 0.09008330 0.93360078
vt 0.50799507 0.69489729
vt 0.02205448 0.18719077
vt 0.02927716 0.18753278
vt 0.87048966 0.27538884
vt 0.61712879 0.40552306
vt 0.60158640 0.41521215
vt 0.61088508 0.41768473
vt 0.93231565 0.39479285
vt 0.92322981 0.40570277
vt 0.46845245 0.15625829
vt 0.10532816 0.40221947
vt 0.82180452 0.22378850
vt 0.80267596 0.13477671
vt 0.79938549 0.11485273
vt 0.03372489 0.21014959
vt 0.31416714 0.39485192
vt 0.41250631 0.28962523
vt 0.76066035 0.23861748
vt 0.83922464 0.56168854
vt 0.82680768 0.56007230
vt 0.88390154 0.33066249
vt 0.88155705 0.34949249
vt 0.88753468 0.33097136
vt 0.89155382 0.31273484
vt 0.08105037 0.54782432
vt 0.06199804 0.56484520
vt 0.36615103 0.10532343
vt 0.42435205 0.30298984
vt 0.51489371 0.31879336
vt 0.51362234 0.30309355
vt 0.86847359 0.61692125
vt 0.86403286 0.63298404
vt 0.87146968 0.61422318
vt 0.83535326 0.38652414
vt 0.84424323 0.38852447
vt 0.53689951 0.22875649
vt 0.54008347 0.22048748
vt 0.41778779 0.91652930
vt 0.60629827 0.13996553
vt 0.42801610 0.55616999
vt 0.16918808 0.71574253
vt 0.15846169 0.71934247
vt 0.14603390 0.72714555
vt 0.15108193 0.73146462
vt 0.70328051 0.31354308
vt 0.71344489 0.31361908
vt 0.16348055 0.72556663
vt 0.15932620 0.75137639
vt 0.16045932 0.73842049
vt 0.59799725 0.93605918
vt 0.58682394 0.95175833
vt 0.68984520 0.84972543
vt 0.44472799 0.13390273
vt 0.45898533 0.12162638
vt 0.65399629 0.30313849
vt 0.65868551 0.30379677
vt 0.58435607 0.45554078
vt 0.60248750 0.45142901
vt 0.83971179 0.45074278
vt 0.84487706 0.42926490
vt 0.37537149 0.32383156
vt 0.38429949 0.33473825
vt 0.18404134 0.95244926
vt 0.18392006 0.96132183
vt 0.43522266 0.14639872
vt 0.45558619 0.12918866
vt 0.43338740 0.13985175
vt 0.61514467 0.40357059
vt 0.62219930 0.40407717
vt 0.49131355 0.29437065
vt 0.86219388 0.81644642
vt 0.69771779 0.98424822
vt 0.03879407 0.80756807
vt 0.33572769 0.51818526
vt 0.34249252 0.51082695
vt 0.72326797 0.63463938
vt 0.90598053 0.29842240
vt 0.91997999 0.30423492
vt 0.66607744 0.28468537
vt 0.57221395 0.73543030
vt 0.56890893 0.74924278
vt 0.55184406 0.72999048
vt 0.80784935 0.65371776
vt 0.80386221 0.65053231
vt 0.80523324 0.63993120
vt 0.86200339 0.45153767
vt 0.91026366 0.28678876
vt 0.70103890 0.18693751
vt 0.74453998 0.04422694
vt 0.74973303 0.03737342
vt 0.20039962 0.83390409
vt 0.92080998 0.33611083
vt 0.62535828 0.39387584
vt 0.17230730 0.22346920
vt 0.09925039 0.28684312
vt 0.59957558 0.77172500
vt 0.70021427 0.34848416
vt 0.32901636 0.66793567
vt 0.93031865 0.94871026
vt 0.20166802 0.89024347
vt 0.18880983 0.89307028
vt 0.69547504 0.18894988
vt 0.67537290 0.18754059
vt 0.68875295 0.18373692
vt 0.46202204 0.13318270
vt 0.47757354 0.12036264
vt 0.46917707 0.11898023
vt 0.44430724 0.14534611
vt 0.70497406 0.36201769
vt 0.69500494 0.39038390
vt 0.53204411 0.13615406
vt 0.81647676 0.35020286
vt 0.82989788 0.65259790
vt 0.83551878 0.66474581
vt 0.79720640 0.82849956
vt 0.79457337 0.84603953
vt 0.22097565 0.88777417
vt 0.75062865 0.55626959
vt 0.11080180 0.97158235
vt 0.75446695 0.77203584
vt 0.75449318 0.75461489
vt 0.39767361 0.40007281
vt 0.67884481 0.18578637
vt 0.81080461 0.81855977
vt 0.92948788 0.04291272
vt 0.23648374 0.65110338
vt 0.69790411 0.20970100
vt 0.12559362 0.24499673
vt 0.13829356 0.24766392
vt 0.14334640 0.25644875
vt 0.40055925 0.67983395
vt 0.40769637 0.66787541
vt 0.95311838 0.16812462
vt 0.14742750 0.25314838
vt 0.85548645 0.64149272
vt 0.85476112 0.65873611
vt 0.86231327 0.64540291
vt 0.65443540 0.39173508
vt 0.11730218 0.26485968
vt 0.95106661 0.35837132
vt 0.95697504 0.70581532
vt 0.97158110 0.70239192
vt 0.84658253 0.61317050
vt 0.20201670 0.17870653
vt 0.70023513 0.21497977
vt 0.71440864 0.21570706
vt 0.24251448 0.77327222
vt 0.25447795 0.78518426
vt 0.19100326 0.55869853
vt 0.54662991 0.79493111
vt 0.98681587 0.70176077
vt 0.98693454 0.69429588
vt 0.05830636 0.14941424
vt 0.04446941 0.83242977
vt 0.03366249 0.83547175
vt 0.08432714 0.92098403
vt 0.08834819 0.91885406
vt 0.34881264 0.19768322
vt 0.52441883 0.71693146
vt 0.51805300 0.70480198
vt 0.13259476 0.83608305
vt 0.73015958 0.08093131
vt 0.69499916 0.95547080
vt 0.61241859 0.16933811
vt 0.76199335 0.45454204
vt 0.94954139 0.36128128
vt 0.94521159 0.37942922
vt 0.63623869 0.46628612
vt 0.89239025 0.60033000
vt 0.63560820 0.48163646
vt 0.38940880 0.36842352
vt 0.59191662 0.32474548
vt 0.73338521 0.20970738
vt 0.61560231 0.18878871
vt 0.60975218 0.18346792
vt 0.95393074 0.37803423
vt 0.74463022 0.81974626
vt 0.32116535 0.30253959
vt 0.17294762 0.80633605
vt 0.17271453 0.82046920
vt 0.68478113 0.39442790
vt 0.77337211 0.03149384
vt 0.76656908 0.03531897
vt 0.39014962 0.12582946
vt 0.40574202 0.84891272
vt 0.40514556 0.84566230
vt 0.07711107 0.18840134
vt 0.69605845 0.10872060
vt 0.76161402 0.15656406
vt 0.20537987 0.19619948
vt 0.66075397 0.34637529
vt 0.66042823 0.37206709
vt 0.66920996 0.34544390
vt 0.67528623 0.33368969
vt 0.15783693 0.62128913
vt 0.75837493 0.69205284
vt 0.75006402 0.68219608
vt 0.74947530 0.83206141
vt 0.88884866 0.22994298
vt 0.89955306 0.30114853
vt 0.69038409 0.58966017
vt 0.97323012 0.22925293
vt 0.88942921 0.21940696
vt 0.84679890 0.38268930
vt 0.70282340 0.30578011
vt 0.09055054 0.36612171
vt 0.67843878 0.18212008
vt 0.66702747 0.17364919
vt 0.80703533 0.58364701
vt 0.81465614 0.58783573
vt 0.80828136 0.56694102
vt 0.43153277 0.86965525
vt 0.63584358 0.63844323
vt 0.80175883 0.51353252
vt 0.78821295 0.50078142
vt 0.17596640 0.67730749
vt 0.93984830 0.62551045
vt 0.94625837 0.63237488
vt 0.95383811 0.63782179
vt 0.07043367 0.64456117
vt 0.20864064 0.42303675
vt 0.66496068 0.05605215
vt 0.53209585 0.20372820
vt 0.35719493 0.54545736
vt 0.57333362 0.55370849
vt 0.33927831 0.30101639
vt 0.34505692 0.30380082
vt 0.33737886 0.28567559
vt 0.33122203 0.28371459
vt 0.32105979 0.27643037
vt 0.83815140 0.87138772
vt 0.65703648 0.36611521
vt 0.65923673 0.38901639
vt 0.08498997 0.20285553
vt 0.77008188 0.52143335
vt 0.71224833 0.93756342
vt 0.71579951 0.94728136
vt 0.71009248 0.38862407
vt 0.52045929 0.07122266
vt 0.52269179 0.08568859
vt 0.67712671 0.60519624
vt 0.55467963 0.78532434
vt 0.54251331 0.78313982
vt 0.80607879 0.85484815
vt 0.81075251 0.85574454
vt 0.80565530 0.86532247
vt 0.30929989 0.11889493
vt 0.83025146 0.77344733
vt 0.36914250 0.05869031
vt 0.34599766 0.04389316
vt 0.43038318 0.51428425
vt 0.45332292 0.16407543
vt 0.48074934 0.14160097
vt 0.44413909 0.16853774
vt 0.89403480 0.49620712
vt 0.38412485 0.79603207
vt 0.52908039 0.23840111
vt 0.17476268 0.21354192
vt 0.19731502 0.22555310
vt 0.68223304 0.78481025
vt 0.21681991 0.94638371
vt 0.43396655 0.39947897
vt 0.40114939 0.78115195
vt 0.84480524 0.59404534
vt 0.84676313 0.60471547
vt 0.83964455 0.57533091
vt 0.23947160 0.35538357
vt 0.63712978 0.55451369
vt 0.67144793 0.24597675
vt 0.59630269 0.37647188
vt 0.58841467 0.39923042
vt 0.36929309 0.30222583
vt 0.36503664 0.30595624
vt 0.37610024 0.31433851
vt 0.37597734 0.31915522
vt 0.84283781 0.64019668
vt 0.83096331 0.61657298
vt 0.83781648 0.62885380
vt 0.79928380 0.96978581
vt 0.80813634 0.96604568
vt 0.28528684 0.15812963
vt 0.29043353 0.16811693
vt 0.85111374 0.63556951
vt 0.84908897 0.60886919
vt 0.57059681 0.71030861
vt 0.54407018 0.17562014
vt 0.55498219 0.16930836
vt 0.42959467 0.25707650
vt 0.43921402 0.26015747
vt 0.64398175 0.38289672
vt 0.59796935 0.38657326
vt 0.25436169 0.11542654
vt 0.82348835 0.41022772
vt 0.83079386 0.40159088
vt 0.81424206 0.42433470
vt 0.38535839 0.38134801
vt 0.37831959 0.36499369
vt 0.76882404 0.93573707
vt 0.75540537 0.94868922
vt 0.69927961 0.84775198
vt 0.61817199 0.47461444
vt 0.29288900 0.42282730
vt 0.27167875 0.41860539
vt 0.92392403 0.45983362
vt 0.85272866 0.66995788
vt 0.09348778 0.67068082
vt 0.26228467 0.62287992
vt 0.03595595 0.36845654
vt 0.37495515 0.37084740
vt 0.52346855 0.41971916
vt 0.62487733 0.51962447
vt 0.51569855 0.57525337
vt 0.39347932 0.23264116
vt 0.54706419 0.57898223
vt 0.39095137 0.23872936
vt 0.29121310 0.52169681
vt 0.86265522 0.37481207
vt 0.86803663 0.38155156
vt 0.81064224 0.83432662
vt 0.85607201 0.36079919
vt 0.91271818 0.35364830
vt 0.36779663 0.35739470
vt 0.35687381 0.35217643
vt 0.13620193 0.19463325
vt 0.13474776 0.19820940
vt 0.72966260 0.97073662
vt 0.82141423 0.11154789
vt 0.71022809 0.09670287
vt 0.88720518 0.59396839
vt 0.40477988 0.11716163
vt 0.39648551 0.10641515
vt 0.17542364 0.83147633
vt 0.21087274 0.55253345
vt 0.55143732 0.58872801
vt 0.68242937 0.51417768
vt 0.68212301 0.52603078
vt 0.68095875 0.50578690
vt 0.92069399 0.63224876
vt 0.92523575 0.64791632
vt 0.91482359 0.64268804
vt 0.56446731 0.16931200
vt 0.28944239 0.11061263
vt 0.28360036 0.10337973
vt 0.81311059 0.63563967
vt 0.81064969 0.62788582
vt 0.81263149 0.65569592
vt 0.57764184 0.19178379
vt 0.89995760 0.67844242
vt 0.89162767 0.67807579
vt 0.79534411 0.36280608
vt 0.87031710 0.83953691
vt 0.22387461 0.23460591
vt 0.21774147 0.23654890
vt 0.90058625 0.82997018
vt 0.90498078 0.83961940
vt 0.79791719 0.94275522
vt 0.80724436 0.93836749
vt 0.27796766 0.99200797
vt 0.77544248 0.94629258
vt 0.63368624 0.86177731
vt 0.63991207 0.86746871
vt 0.64292067 0.85937750
vt 0.63505912 0.87997025
vt 0.78782582 0.47416329
vt 0.80873185 0.48597217
vt 0.36738586 0.12962788
vt 0.37511697 0.13226104
vt 0.72196388 0.58908427
vt 0.72842753 0.58415198
vt 0.11401780 0.15100884
vt 0.14283597 0.73689765
vt 0.14267157 0.72199464
vt 0.47544008 0.26227194
vt 0.48093030 0.24335051
vt 0.24542505 0.33009708
vt 0.80651700 0.27993625
vt 0.23303215 0.60950619
vt 0.26830456 0.37623364
vt 0.49750870 0.22937733
vt 0.50767362 0.21893603
vt 0.49445608 0.22565728
vt 0.04415854 0.17413676
vt 0.04840338 0.17538583
vt 0.53946906 0.15048093
vt 0.45898280 0.25094759
vt 0.08308940 0.24331272
vt 0.68861192 0.07036233
vt 0.35608688 0.56659174
vt 0.49253047 0.55255008
vt 0.49295768 0.53972924
vt 0.48541945 0.55457544
vt 0.58439517 0.37115186
vt 0.18525459 0.29118013
vt 0.18782416 0.29936779
vt 0.19367290 0.30506575
vt 0.19893140 0.29611051
vt 0.13669230 0.71898258
vt 0.40956008 0.36060476
vt 0.46259516 0.23707813
vt 0.19218014 0.43240511
vt 0.59459138 0.55974877
vt 0.59201884 0.56993848
vt 0.59795761 0.56737471
vt 0.28126970 0.57213604
vt 0.27315909 0.58363163
vt 0.26610574 0.59685415
vt 0.28904080 0.38700867
vt 0.73653203 0.59018719
vt 0.15496279 0.23938441
vt 0.69207042 0.08099341
vt 0.37810236 0.08069885
vt 0.22209218 0.86280990
vt 0.72455418 0.47543013
vt 0.70729142 0.94457662
vt 0.55668181 0.90418684
vt 0.51164162 0.78234446
vt 0.74682540 0.10305905
vt 0.16591784 0.25072968
vt 0.11341885 0.28470397
vt 0.16362509 0.73099804
vt 0.15276316 0.73947471
vt 0.29235953 0.33870625
vt 0.54324657 0.29660940
vt 0.19535553 0.81636596
vt 0.52669311 0.15740323
vt 0.38338789 0.34843934
vt 0.07020372 0.81320012
vt 0.19481206 0.26215833
vt 0.19633143 0.25908804
vt 0.33102167 0.22948641
vt 0.51240075 0.37612706
vt 0.73672509 0.01345140
vt 0.82040012 0.41351265
vt 0.48538083 0.20190847
vt 0.49687111 0.19336212
vt 0.37640801 0.28036940
vt 0.38963610 0.29111892
vt 0.78599083 0.95437467
vt 0.43010160 0.35684752
vt 0.42391247 0.32891464
vt 0.79790300 0.37617975
vt 0.79731214 0.38721418
vt 0.79011714 0.40018111
vt 0.79294395 0.40445352
vt 0.88945073 0.65076470
vt 0.90795505 0.64161706
vt 0.64756715 0.16344112
vt 0.22751504 0.75473446
vt 0.13613050 0.70965385
vt 0.14878578 0.69873989
vt 0.44336033 0.81375778
vt 0.68576974 0.16481930
vt 0.39052391 0.68606460
vt 0.57487756 0.41713279
vt 0.57516313 0.42539167
vt 0.41877887 0.17535424
vt 0.39440128 0.31016243
vt 0.43370989 0.33984178
vt 0.27937770 0.05407739
vt 0.27516422 0.06245446
vt 0.27723694 0.07268006
vt 0.63016599 0.17644560
vt 0.94511527 0.71752232
vt 0.22731756 0.93414849
vt 0.48330224 0.19778442
vt 0.56044918 0.07483542
vt 0.38425124 0.54786921
vt 0.08460429 0.67078781
vt 0.32862920 0.77862328
vt 0.04308769 0.61571383
vt 0.03385384 0.60027099
vt 0.33326897 0.42794371
vt 0.82719749 0.48631680
vt 0.51627016 0.75802654
vt 0.29538846 0.55419302
vt 0.80745876 0.04767418
vt 0.74535936 0.96179837
vt 0.74219376 0.98208952
vt 0.74343663 0.96893704
vt 0.73740482 0.96978110
vt 0.10117452 0.45210183
vt 0.86074656 0.78351760
vt 0.85294664 0.77593398
vt 0.84783167 0.79088843
vt 0.96663195 0.67180479
vt 0.84564131 0.80016053
vt 0.18608263 0.78529692
vt 0.58070439 0.81196815
vt 0.10600538 0.71972203
vt 0.42569435 0.59700567
vt 0.50903702 0.22291851
vt 0.75137484 0.95196116
vt 0.15258244 0.83352643
vt 0.48553726 0.17881000
vt 0.53370404 0.76287842
vt 0.75049096 0.24200308
vt 0.05682050 0.78147542
vt 0.06269985 0.80201423
vt 0.80278963 0.37202817
vt 0.80293548 0.38547343
vt 0.88912666 0.69600308
vt 0.87911421 0.36375409
vt 0.28308800 0.26260102
vt 0.84030008 0.84348559
vt 0.84924495 0.77359551
vt 0.91722006 0.72225690
vt 0.92828327 0.71991020
vt 0.53233755 0.76759142
vt 0.87639344 0.35170507
vt 0.19417793 0.71806580
vt 0.68301916 0.32861072
vt 0.57573473 0.08117205
vt 0.50211632 0.63282895
vt 0.51383179 0.27626711
vt 0.83702290 0.85971022
vt 0.83879042 0.86510062
vt 0.31369829 0.31259757
vt 0.81264722 0.95171672
vt 0.74219298 0.53227496
vt 0.80530810 0.97291440
vt 0.04473734 0.76538295
vt 0.89352393 0.68293506
vt 0.18468948 0.29546613
vt 0.15261878 0.76531750
vt 0.30474669 0.30421579
vt 0.29894543 0.28868067
vt 0.21564709 0.26964855
vt 0.75126237 0.52750230
vt 0.75121415 0.53530329
vt 0.64950454 0.62869966
vt 0.02726091 0.40827268
vt 0.03237096 0.42708302
vt 0.75646776 0.51587892
vt 0.78084052 0.59896880
vt 0.74822390 0.55030841
vt 0.02611397 0.86614722
vt 0.31023380 0.88487107
vt 0.90659773 0.60776293
vt 0.16581666 0.82004565
vt 0.80714023 0.61226624
vt 0.80790740 0.62269258
vt 0.96164912 0.24472421
vt 0.57681417 0.29590464
vt 0.56530535 0.30253267
vt 0.68892485 0.46646738
vt 0.68238074 0.48997551
vt 0.59435451 0.38936740
vt 0.58540082 0.40723479
vt 0.29673615 0.49522293
vt 0.30237153 0.50405598
vt 0.88175309 0.28644830
vt 0.29909658 0.06290668
vt 0.77473575 0.41807687
vt 0.07264458 0.21488142
vt 0.49699974 0.72104394
vt 0.22223479 0.21795458
vt 0.87822157 0.28061390
vt 0.78989422 0.26649076
vt 0.64751434 0.27653825
vt 0.38622099 0.29192120
vt 0.81751317 0.52355021
vt 0.78396291 0.03266507
vt 0.76560491 0.02341509
vt 0.88078547 0.63021040
vt 0.87983823 0.64424908
vt 0.86803091 0.70431030
vt 0.87206858 0.70100415
vt 0.21858355 0.69648409
vt 0.16556509 0.18255389
vt 0.74588686 0.88498813
vt 0.83704686 0.67834270
vt 0.16711685 0.12256056
vt 0.51507545 0.81459844
vt 0.82896525 0.48938483
vt 0.57883227 0.03814101
vt 0.87839574 0.69719839
vt 0.87267029 0.69344592
vt 0.63596821 0.40118480
vt 0.06448355 0.48915982
vt 0.38895392 0.51650071
vt 0.71759206 0.62412822
vt 0.78185600 0.30168056
vt 0.79142147 0.79445839
vt 0.78997272 0.78621626
vt 0.70741904 0.56610721
vt 0.82460952 0.61365354
vt 0.31096092 0.74644309
vt 0.72011417 0.69884902
vt 0.71628791 0.69157094
vt 0.11870023 0.75483298
vt 0.32519192 0.56929708
vt 0.84385139 0.48750466
vt 0.49869615 0.24096978
vt 0.11065117 0.75687534
vt 0.24804984 0.71672606
vt 0.99228805 0.41722488
vt 0.12274142 0.18500173
vt 0.11341773 0.17632830
vt 0.11381554 0.18347770
vt 0.36672279 0.61416483
vt 0.64867842 0.52781153
vt 0.92806059 0.47541124
vt 0.27448574 0.91318399
vt 0.27558088 0.90345001
vt 0.28381416 0.88658553
vt 0.66877103 0.67507023
vt 0.69497007 0.65393728
vt 0.70603460 0.65539384
vt 0.82392102 0.46423954
vt 0.80920118 0.46589804
vt 0.00904409 0.16482401
vt 0.85698944 0.42853421
vt 0.84023899 0.91083765
vt 0.83904684 0.91642588
vt 0.05031522 0.19110632
vt 0.84599918 0.16832060
vt 0.39581147 0.39216161
vt 0.13472080 0.23453420
vt 0.82185155 0.34665221
vt 0.82183534 0.35227501
vt 0.82568705 0.33475500
vt 0.82372779 0.34286505
vt 0.82229954 0.77993035
vt 0.82120317 0.42768884
vt 0.81859964 0.43681175
vt 0.72184300 0.77145010
vt 0.33831230 0.25981933
vt 0.68900239 0.22159892
vt 0.76369405 0.81353021
vt 0.60303450 0.22125059
vt 0.61699545 0.19392377
vt 0.79434085 0.46675605
vt 0.28195658 0.74037850
vt 0.57830560 0.13291794
vt 0.27790642 0.34126806
vt 0.49820259 0.85597664
vt 0.39757228 0.30254561
vt 0.40781131 0.31204474
vt 0.41657138 0.32170254
vt 0.44236326 0.28686297
vt 0.77303189 0.07432646
vt 0.91602874 0.71806479
vt 0.75633013 0.50326890
vt 0.27462047 0.96150267
vt 0.87038749 0.89361596
vt 0.43594393 0.15003085
vt 0.43617463 0.15771925
vt 0.42790934 0.17024934
vt 0.91809356 0.70809430
vt 0.68380302 0.22591227
vt 0.06100971 0.91952670
vt 0.83526266 0.58055508
vt 0.68649924 0.26227301
vt 0.70090663 0.39355630
vt 0.29393628 0.70804191
vt 0.78848088 0.23896468
vt 0.77732378 0.23613453
vt 0.67494822 0.36870915
vt 0.52801675 0.09714150
vt 0.25810048 0.24562293
vt 0.75029451 0.22953570
vt 0.80322862 0.56917131
vt 0.80064589 0.55670303
vt 0.34998143 0.33678627
vt 0.14096534 0.14811170
vt 0.85658377 0.63225538
vt 0.79120672 0.28042579
vt 0.34705889 0.35209709
vt 0.35168785 0.34866238
vt 0.95042109 0.29919314
vt 0.94436598 0.30759645
vt 0.22671142 0.24185973
vt 0.05244451 0.74015868
vt 0.39874572 0.24206281
vt 0.82891983 0.63109541
vt 0.46494853 0.74203193
vt 0.48717609 0.23158675
vt 0.86158133 0.51049960
vt 0.88067263 0.51556635
vt 0.34594792 0.16667640
vt 0.89074194 0.65530062
vt 0.86095828 0.75564402
vt 0.26829019 0.28979397
vt 0.18434900 0.28647667
vt 0.66925919 0.26525980
vt 0.65877634 0.27288771
vt 0.93613964 0.39949781
vt 0.37722695 0.42254561
vt 0.94158238 0.37729108
vt 0.67935091 0.96033913
vt 0.67677462 0.94632268
vt 0.75695205 0.60983777
vt 0.75343943 0.61593413
vt 0.59448498 0.55229169
vt 0.58430046 0.53977704
vt 0.90770662 0.43766499
vt 0.67120463 0.91867244
vt 0.67275262 0.91194171
vt 0.68633932 0.94671220
vt 0.91161567 0.46005601
vt 0.90938467 0.45166302
vt 0.05082262 0.73103005
vt 0.22500929 0.63770378
vt 0.75702333 0.59395790
vt 0.47373083 0.17390889
vt 0.54227108 0.35691988
vt 0.60670912 0.87752759
vt 0.91972548 0.95796752
vt 0.59459585 0.54669613
vt 0.85721904 0.90530348
vt 0.22008823 0.64785480
vt 0.80858946 0.52483213
vt 0.77062178 0.63939655
vt 0.76595563 0.63588345
vt 0.67308086 0.14925992
vt 0.67193383 0.15369457
vt 0.66372114 0.14340776
vt 0.80495262 0.85199118
vt 0.83572239 0.57653320
vt 0.17852496 0.69411802
vt 0.16603930 0.69425070
vt 0.17527997 0.68640506
vt 0.04435713 0.14897352
vt 0.13670491 0.66364193
vt 0.15131743 0.65335405
vt 0.22151735 0.65531766
vt 0.21563432 0.66321033
vt 0.28091028 0.08203763
vt 0.28337896 0.07135397
vt 0.28593168 0.07432097
vt 0.77387857 0.60437024
vt 0.82025903 0.27922732
vt 0.81079465 0.28597778
vt 0.25478029 0.58041108
vt 0.28445971 0.07798523
vt 0.14035264 0.31701642
vt 0.38466898 0.29799473
vt 0.88752067 0.80045521
vt 0.75422609 0.38814425
vt 0.06174533 0.86155802
vt 0.74615204 0.99804682
vt 0.93950838 0.94664824
vt 0.94326776 0.95020026
vt 0.93784118 0.94649792
vt 0.57664597 0.26265812
vt 0.58566397 0.26040465
vt 0.43507889 0.22494322
vt 0.34552273 0.10325456
vt 0.37564006 0.12500715
vt 0.28831825 0.87991852
vt 0.21428074 0.22222549
vt 0.93452752 0.16694337
vt 0.26273161 0.94646925
vt 0.58278883 0.25371885
vt 0.24322337 0.74157143
vt 0.25833783 0.73614621
vt 0.28282878 0.46265107
vt 0.27833119 0.44589782
vt 0.87681037 0.63381928
vt 0.87466979 0.63073063
vt 0.53296107 0.56508923
vt 0.70090783 0.47745854
vt 0.17001413 0.27062017
vt 0.91811877 0.47010678
vt 0.19685374 0.14983249
vt 0.18550409 0.13477880
vt 0.16748919 0.14658374
vt 0.21816912 0.37957180
vt 0.88491750 0.69715822
vt 0.82768232 0.32426691
vt 0.98499590 0.71790445
vt 0.70262980 0.33513081
vt 0.18538307 0.77348840
vt 0.81301004 0.96646410
vt 0.81677246 0.97168291
vt 0.29015929 0.40116888
vt 0.83071619 0.95964670
vt 0.47686729 0.16354090
vt 0.27748021 0.93207109
vt 0.35781428 0.51662111
vt 0.35231808 0.49958163
vt 0.36701304 0.50608677
vt 0.35959551 0.49127370
vt 0.42435154 0.62863100
vt 0.15081386 0.13476431
vt 0.16089031 0.14331114
vt 0.43153274 0.19312537
vt 0.37313664 0.48005372
vt 0.73469889 0.96030045
vt 0.07019085 0.83433938
vt 0.06675004 0.83204818
vt 0.06099654 0.85699892
vt 0.79894555 0.64775956
vt 0.80321360 0.66484070
vt 0.09288747 0.82380736
vt 0.75106907 0.16980070
vt 0.58702123 0.42217451
vt 0.17433290 0.33359939
vt 0.78442204 0.36334640
vt 0.34778741 0.89413631
vt 0.35181990 0.88947982
vt 0.57052577 0.07571548
vt 0.26438078 0.29093862
vt 0.68186784 0.27420473
vt 0.12610359 0.27807438
vt 0.40334371 0.85978711
vt 0.04336437 0.44111931
vt 0.26209995 0.73207092
vt 0.30986342 0.13131171
vt 0.71495283 0.65805125
vt 0.32601228 0.92319947
vt 0.32552058 0.92626035
vt 0.51933175 0.05001622
vt 0.75244689 0.38639224
vt 0.51945937 0.04691195
vt 0.90478426 0.64136815
vt 0.24812593 0.80554557
vt 0.24015667 0.78120071
vt 0.97947669 0.22332788
vt 0.97702521 0.23214006
vt 0.98484677 0.22374016
vt 0.43460795 0.65698880
vt 0.75561929 0.73964250
vt 0.87980413 0.41098827
vt 0.97241157 0.18912566
vt 0.97916937 0.19894838
vt 0.91821253 0.87651640
vt 0.97717375 0.19397789
vt 0.23023905 0.76061720
vt 0.35712236 0.82412559
vt 0.38311622 0.20154196
vt 0.26833805 0.69379151
vt 0.78945816 0.15257514
vt 0.79804075 0.15000236
vt 0.78776944 0.16059005
vt 0.77222687 0.68192184
vt 0.93641120 0.71803510
vt 0.93885440 0.71172893
vt 0.24560650 0.79380524
vt 0.58799440 0.13534218
vt 0.67686999 0.66512501
vt 0.87465304 0.32344544
vt 0.87158912 0.31607032
vt 0.15569694 0.68868041
vt 0.49570537 0.16194952
vt 0.25762561 0.38026404
vt 0.98507237 0.72385752
vt 0.12875304 0.25275499
vt 0.28631869 0.56461477
vt 0.81362414 0.13258630
vt 0.80513912 0.12806958
vt 0.25003445 0.93429077
vt 0.85245508 0.66553116
vt 0.47583196 0.69168681
vt 0.23475879 0.23745757
vt 0.22211671 0.61225462
vt 0.64160758 0.46508294
vt 0.78311038 0.16306591
vt 0.11925297 0.16031569
vt 0.91570103 0.89691061
vt 0.99229348 0.21605378
vt 0.99509978 0.22256416
vt 0.06669629 0.13645202
vt 0.38145897 0.14313787
vt 0.04659289 0.84865379
vt 0.05144087 0.84044659
vt 0.05021893 0.85166574
vt 0.84346735 0.88669097
vt 0.76797765 0.16586751
vt 0.30086735 0.22800720
vt 0.60295844 0.15046173
vt 0.58990180 0.15126985
vt 0.90293145 0.99336576
vt 0.53127629 0.52410364
vt 0.03200166 0.44735765
vt 0.33663830 0.12586957
vt 0.26548502 0.50101447
vt 0.61083668 0.32289153
vt 0.02721710 0.19763649
vt 0.26292571 0.22590965
vt 0.27728385 0.21985912
vt 0.86540347 0.28538203
vt 0.85871434 0.29675412
vt 0.73534930 0.83981085
vt 0.24237676 0.23819906
vt 0.82579911 0.26344806
vt 0.53930628 0.71727574
vt 0.88827819 0.67047632
vt 0.89786172 0.67352879
vt 0.67668068 0.64780128
vt 0.66569579 0.64359677
vt 0.45166469 0.63286257
vt 0.31203979 0.36210960
vt 0.24493216 0.25915974
vt 0.58833385 0.99692976
vt 0.70919377 0.97961438
vt 0.60020512 0.42004073
vt 0.22137673 0.66777980
vt 0.23270072 0.64814568
vt 0.38357225 0.34267056
vt 0.96120650 0.46144956
vt 0.26668027 0.49097747
vt 0.71957666 0.89021021
vt 0.85503799 0.93231368
vt 0.53775066 0.77956992
vt 0.28161186 0.22203916
vt 0.28496003 0.21752048
vt 0.27803743 0.20374256
vt 0.78646928 0.33979970
vt 0.28780147 0.21389222
vt 0.61922824 0.84553146
vt 0.88422829 0.44522524
vt 0.86550021 0.91684109
vt 0.75065970 0.81412768
vt 0.68828398 0.08354527
vt 0.94902229 0.18301028
vt 0.94117320 0.18941033
vt 0.36595285 0.44477636
vt 0.74989164 0.40892553
vt 0.76492304 0.40767461
vt 0.04346824 0.84933555
vt 0.24494591 0.64032954
vt 0.85289931 0.01755679
vt 0.57712036 0.39694893
vt 0.40081215 0.20567966
vt 0.98214424 0.21800089
vt 0.91000205 0.90089107
vt 0.59009933 0.81924415
vt 0.88008726 0.99804688
vt 0.88759929 0.99669093
vt 0.34139368 0.43362451
vt 0.34298128 0.43823236
vt 0.50482708 0.53222322
vt 0.98795921 0.21073860
vt 0.15192924 0.30649984
vt 0.15345775 0.97797608
vt 0.52953190 0.12864447
vt 0.51561970 0.12969881
vt 0.93309915 0.74195635
vt 0.14550702 0.24824703
vt 0.15181623 0.28873187
vt 0.95967424 0.30539948
vt 0.76572037 0.44927043
vt 0.56138396 0.21657276
vt 0.23591904 0.76220018
vt 0.84383965 0.96598554
vt 0.95433086 0.47426927
vt 0.43744031 0.31799138
vt 0.98666334 0.70752192
vt 0.19145499 0.34094900
vt 0.15689592 0.96576810
vt 0.48717234 0.86485571
vt 0.29023659 0.52911067
vt 0.00866734 0.81910437
vt 0.40713388 0.85225827
vt 0.31460893 0.14934224
vt 0.31724900 0.15555197
vt 0.58657908 0.33982730
vt 0.02507087 0.84873301
vt 0.00679656 0.14443511
vt 0.39890406 0.44250554
vt 0.72482312 0.96967238
vt 0.37417033 0.44428235
vt 0.38334048 0.44184989
vt 0.25643834 0.49696386
vt 0.61162192 0.47217989
vt 0.69439352 0.23669338
vt 0.72736686 0.44617891
vt 0.30768901 0.02974397
vt 0.46037072 0.57004702
vt 0.83365434 0.32689220
vt 0.39063850 0.46283948
vt 0.27909029 0.35726172
vt 0.24815385 0.50292754
vt 0.71842468 0.64701074
vt 0.67130554 0.84853232
vt 0.66400176 0.84972262
vt 0.49080157 0.90223002
vt 0.02308561 0.74324048
vt 0.14422889 0.29897481
vt 0.14400358 0.30268443
vt 0.97155714 0.30300146
vt 0.68625021 0.05322886
vt 0.39426610 0.72513616
vt 0.73861009 0.20702970
vt 0.73396283 0.97170538
vt 0.24197888 0.63771009
vt 0.13586153 0.99541420
vt 0.39066315 0.12060082
vt 0.94984078 0.30620122
vt 0.95154220 0.30588979
vt 0.22379984 0.08664256
vt 0.02528967 0.18926233
vt 0.96197391 0.94431293
vt 0.14534733 0.28241569
vt 0.62401444 0.15935493
vt 0.06938760 0.84782207
vt 0.29623911 0.07061583
vt 0.28205046 0.09245211
vt 0.92802125 0.70200217
vt 0.28394234 0.08583027
vt 0.28599104 0.08711886
vt 0.28862801 0.08344465
vt 0.92612290 0.71733350
vt 0.93279779 0.71385562
vt 0.92283130 0.71159232
vt 0.92673248 0.71310425
vt 0.92476720 0.70991194
vt 0.29887491 0.07410860
vt 0.29367581 0.07698274
vt 0.92247432 0.71999329
vt 0.92361081 0.70544088
vt 0.92005759 0.71074784
vt 0.29714531 0.07902926
vt 0.30018008 0.07524002
vt 0.29025307 0.08856952
vt 0.29415199 0.09093219
vt 0.28973866 0.08556694
vt 0.28936577 0.07941544
vt 0.93548226 0.70788562
vt 0.93396771 0.70092297
vt 0.92799848 0.70335567
vt 0.93152100 0.70335227
vt 0.91778558 0.71584839
vt 0.29610437 0.08838707
vt 0.29878518 0.08427268
vt 0.29301429 0.08408409
vt 0.29282895 0.08122963
vt 0.28511664 0.09195560
vt 0.29220599 0.09689313
vt 0.28907874 0.09732109
vt 0.92224699 0.71531135
vt 0.92531979 0.71573806
vt 0.29363540 0.09360594
vt 0.29083675 0.09167933
vt 0.29007131 0.09517753
vt 0.28826132 0.08909756
vt 0.28591698 0.09060103
vt 0.28764260 0.09379417
vt 0.30140281 0.07783520
vt 0.91930872 0.71354389
vt 0.93366814 0.70554221
vt 0.93284458 0.71133924
vt 0.92867577 0.70665395
vt 0.93206578 0.70776618
vt 0.92932063 0.71060681
vt 0.93067789 0.71262497
vt 0.29057518 0.08046395
vt 0.29356101 0.08659601
vt 0.29768386 0.08133155
vt 0.29930827 0.08011681
vt 0.30050978 0.08538735
vt 0.29759291 0.08944052
vt 0.81668013 0.08288479
vt 0.88389069 0.91032964
vt 0.32358959 0.91426086
vt 0.33791715 0.89618921
vt 0.33275303 0.90782177
f 1/1 2/2 3/3
f 4/4 2/2 1/1
f 5/5 6/6 7/7
f 8/8 9/9 10/10
f 11/11 12/12 13/13
f 14/14 15/15 16/16
f 17/17 18/18 19/19
f 20/20 21/21 22/22
f 23/23 24/24 25/25
f 25/25 26/26 23/23
f 27/27 28/28 29/29
f 30/30 31/31 32/32
f 33/33 34/34 35/35
f 36/36 37/37 38/38
f 39/39 40/40 41/41
f 42/42 43/43 44/44
f 45/45 46/46 47/47
f 48/48 49/49 50/50
f 51/51 52/52 53/53
f 54/54 55/55 56/56
f 57/57 58/58 56/56
f 59/59 60/60 61/61
f 62/62 63/63 64/64
f 65/65 66/66 67/67
f 68/68 69/69 70/70
f 64/64 71/71 72/72
f 73/73 74/74 75/75
f 76/76 77/77 78/78
f 79/79 80/80 81/81
f 82/82 83/83 84/84
f 85/85 86/86 87/87
f 88/88 89/89 90/90
f 91/91 92/92 93/93
f 94/94 95/95 96/96
f 97/97 98/98 99/99
f 100/100 101/101 102/102
f 103/103 104/104 105/105
f 106/106 107/107 108/108
f 109/109 110/110 111/111
f 112/112 113/113 114/114
f 115/115 116/116 117/117
f 118/118 119/119 120/120
f 121/121 122/122 123/123
f 124/124 125/125 126/126
f 28/28 26/26 29/29
f 127/127 128/128 129/129
f 130/130 131/131 132/132
f 133/133 134/134 135/135
f 136/136 137/137 138/138
f 139/139 140/140 141/141
f 142/142 67/67 66/66
f 143/143 144/144 145/145
f 146/146 147/147 148/148
f 149/149 150/150 151/151
f 152/152 153/153 154/154
f 155/155 156/156 157/157
f 158/158 159/159 160/160
f 161/161 162/162 163/163
f 164/164 165/165 166/166
f 167/167 168/168 169/169
f 170/170 171/171 172/172
f 173/173 174/174 175/175
f 176/176 177/177 178/178
f 179/179 180/180 181/181
f 182/182 183/183 184/184
f 185/185 186/186 187/187
f 188/188 189/189 190/190
f 191/191 192/192 193/193
f 98/98 194/194 195/195
f 196/196 58/58 57/57
f 197/197 198/198 199/199
f 200/200 201/201 202/202
f 203/203 204/204 205/205
f 206/206 207/207 208/208
f 209/209 210/210 211/211
f 210/210 212/212 213/213
f 214/214 215/215 216/216
f 217/217 218/218 219/219
f 220/220 221/221 222/222
f 130/130 223/223 131/131
f 139/139 224/224 225/225
f 226/226 227/227 228/228
f 229/229 230/230 228/228
f 231/231 232/232 233/233
f 234/234 235/235 236/236
f 237/237 238/238 239/239
f 240/240 241/241 242/242
f 243/243 244/244 245/245
f 246/246 247/247 248/248
f 182/182 184/184 249/249
f 250/250 251/251 252/252
f 253/253 254/254 255/255
f 256/256 257/257 258/258
f 259/259 260/260 261/261
f 262/262 263/263 264/264
f 265/265 266/266 267/267
f 268/268 269/269 270/270
f 226/226 271/271 227/227
f 272/272 273/273 274/274
f 275/275 276/276 277/277
f 278/278 279/279 280/280
f 281/281 282/282 283/283
f 284/284 285/285 286/286
f 287/287 288/288 289/289
f 290/290 291/291 292/292
f 293/293 294/294 295/295
f 296/296 297/297 293/293
f 298/298 299/299 300/300
f 301/301 302/302 303/303
f 304/304 305/305 306/306
f 307/307 308/308 309/309
f 310/310 311/311 312/312
f 126/126 313/313 124/124
f 314/314 315/315 316/316
f 47/47 317/317 318/318
f 319/319 320/320 321/321
f 322/322 323/323 324/324
f 325/325 326/326 327/327
f 328/328 329/329 330/330
f 331/331 332/332 333/333
f 334/334 335/335 336/336
f 337/337 338/338 339/339
f 340/340 341/341 342/342
f 343/343 344/344 345/345
f 346/346 347/347 348/348
f 349/349 350/350 351/351
f 352/352 353/353 354/354
f 355/355 356/356 357/357
f 358/358 359/359 360/360
f 361/361 362/362 363/363
f 364/364 365/365 366/366
f 367/367 368/368 369/369
f 370/370 371/371 372/372
f 373/373 374/374 375/375
f 376/376 377/377 378/378
f 379/379 380/380 381/381
f 382/382 383/383 384/384
f 385/385 386/386 387/387
f 388/388 389/389 390/390
f 157/157 156/156 391/391
f 392/392 393/393 394/394
f 395/395 396/396 397/397
f 398/398 399/399 400/400
f 401/401 402/402 403/403
f 404/404 405/405 406/406
f 407/407 408/408 409/409
f 410/410 411/411 412/412
f 413/413 70/70 414/414
f 223/223 130/130 415/415
f 416/416 417/417 418/418
f 419/419 420/420 421/421
f 422/422 423/423 424/424
f 425/425 426/426 427/427
f 428/428 429/429 430/430
f 431/431 432/432 433/433
f 434/434 435/435 436/436
f 437/437 438/438 439/439
f 440/440 441/441 442/442
f 443/443 444/444 445/445
f 446/446 447/447 448/448
f 449/449 450/450 451/451
f 452/452 269/269 268/268
f 453/453 341/341 454/454
f 455/455 456/456 457/457
f 458/458 459/459 460/460
f 461/461 462/462 463/463
f 464/464 465/465 466/466
f 467/467 328/328 468/468
f 469/469 470/470 471/471
f 472/472 473/473 474/474
f 223/223 475/475 131/131
f 476/476 477/477 478/478
f 479/479 480/480 481/481
f 482/482 483/483 484/484
f 485/485 486/486 487/487
f 488/488 489/489 490/490
f 491/491 492/492 493/493
f 494/494 495/495 414/414
f 222/222 221/221 496/496
f 497/497 498/498 499/499
f 500/500 501/501 502/502
f 503/503 504/504 505/505
f 324/324 506/506 322/322
f 507/507 508/508 509/509
f 510/510 439/439 438/438
f 511/511 512/512 513/513
f 514/514 515/515 516/516
f 51/51 53/53 517/517
f 518/518 519/519 520/520
f 521/521 159/159 158/158
f 522/522 523/523 524/524
f 525/525 526/526 527/527
f 528/528 529/529 530/530
f 531/531 532/532 533/533
f 534/534 535/535 536/536
f 537/537 538/538 539/539
f 540/540 541/541 542/542
f 543/543 172/172 544/544
f 419/419 545/545 546/546
f 547/547 548/548 549/549
f 550/550 551/551 552/552
f 500/500 553/553 554/554
f 555/555 556/556 557/557
f 558/558 559/559 560/560
f 561/561 562/562 563/563
f 564/564 14/14 565/565
f 566/566 567/567 568/568
f 569/569 570/570 48/48
f 455/455 457/457 571/571
f 338/338 337/337 572/572
f 573/573 574/574 575/575
f 576/576 577/577 578/578
f 579/579 580/580 581/581
f 582/582 583/583 584/584
f 585/585 586/586 587/587
f 588/588 589/589 590/590
f 591/591 562/562 558/558
f 218/218 217/217 155/155
f 592/592 593/593 594/594
f 595/595 596/596 597/597
f 598/598 599/599 600/600
f 601/601 602/602 603/603
f 604/604 605/605 606/606
f 607/607 608/608 609/609
f 610/610 611/611 101/101
f 612/612 613/613 614/614
f 615/615 616/616 617/617
f 618/618 619/619 620/620
f 621/621 622/622 623/623
f 624/624 625/625 626/626
f 385/385 627/627 628/628
f 629/629 630/630 222/222
f 631/631 632/632 633/633
f 634/634 635/635 636/636
f 637/637 638/638 639/639
f 640/640 641/641 642/642
f 643/643 644/644 645/645
f 646/646 647/647 648/648
f 649/649 650/650 347/347
f 651/651 652/652 653/653
f 654/654 504/504 655/655
f 416/416 74/74 417/417
f 656/656 657/657 658/658
f 659/659 660/660 661/661
f 662/662 663/663 664/664
f 665/665 666/666 667/667
f 668/668 669/669 670/670
f 671/671 672/672 673/673
f 674/674 675/675 676/676
f 677/677 678/678 679/679
f 680/680 681/681 682/682
f 683/683 684/684 685/685
f 686/686 687/687 688/688
f 689/689 690/690 691/691
f 692/692 693/693 694/694
f 695/695 696/696 697/697
f 698/698 699/699 700/700
f 701/701 702/702 703/703
f 704/704 705/705 706/706
f 707/707 708/708 709/709
f 710/710 711/711 712/712
f 713/713 714/714 715/715
f 716/716 717/717 718/718
f 719/719 720/720 721/721
f 347/347 722/722 723/723
f 724/724 725/725 726/726
f 727/727 728/728 729/729
f 730/730 731/731 732/732
f 733/733 734/734 735/735
f 736/736 737/737 738/738
f 739/739 740/740 741/741
f 742/742 743/743 744/744
f 427/427 745/745 425/425
f 746/746 747/747 748/748
f 749/749 147/147 146/146
f 750/750 751/751 733/733
f 92/92 752/752 93/93
f 738/738 753/753 754/754
f 755/755 756/756 757/757
f 758/758 759/759 760/760
f 761/761 762/762 763/763
f 764/764 765/765 766/766
f 767/767 768/768 769/769
f 770/770 771/771 772/772
f 773/773 774/774 775/775
f 776/776 777/777 778/778
f 38/38 37/37 779/779
f 780/780 781/781 782/782
f 783/783 445/445 444/444
f 784/784 785/785 786/786
f 784/784 787/787 785/785
f 788/788 789/789 790/790
f 791/791 792/792 793/793
f 175/175 794/794 173/173
f 767/767 795/795 796/796
f 797/797 798/798 799/799
f 800/800 801/801 802/802
f 519/519 803/803 520/520
f 50/50 49/49 804/804
f 805/805 806/806 807/807
f 808/808 809/809 810/810
f 811/811 812/812 813/813
f 814/814 815/815 816/816
f 817/817 818/818 819/819
f 820/820 821/821 822/822
f 823/823 824/824 825/825
f 826/826 827/827 828/828
f 829/829 830/830 831/831
f 832/832 833/833 834/834
f 835/835 836/836 537/537
f 837/837 838/838 839/839
f 840/840 841/841 842/842
f 843/843 844/844 845/845
f 846/846 847/847 848/848
f 849/849 850/850 851/851
f 852/852 823/823 853/853
f 854/854 855/855 856/856
f 618/618 857/857 619/619
f 858/858 859/859 860/860
f 861/861 862/862 863/863
f 863/863 864/864 865/865
f 693/693 692/692 866/866
f 867/867 868/868 869/869
f 870/870 692/692 871/871
f 872/872 873/873 180/180
f 874/874 875/875 876/876
f 877/877 878/878 879/879
f 880/880 881/881 882/882
f 883/883 884/884 885/885
f 886/886 887/887 888/888
f 889/889 890/890 891/891
f 892/892 893/893 894/894
f 895/895 896/896 897/897
f 898/898 899/899 900/900
f 901/901 902/902 544/544
f 903/903 904/904 905/905
f 906/906 907/907 502/502
f 908/908 909/909 910/910
f 911/911 912/912 913/913
f 914/914 915/915 916/916
f 917/917 343/343 345/345
f 918/918 290/290 292/292
f 919/919 920/920 921/921
f 895/895 922/922 923/923
f 924/924 925/925 922/922
f 926/926 927/927 928/928
f 929/929 930/930 931/931
f 932/932 933/933 934/934
f 935/935 936/936 937/937
f 938/938 939/939 940/940
f 321/321 571/571 941/941
f 942/942 943/943 944/944
f 236/236 945/945 946/946
f 947/947 80/80 79/79
f 948/948 100/100 949/949
f 950/950 951/951 952/952
f 953/953 826/826 954/954
f 955/955 701/701 703/703
f 956/956 957/957 958/958
f 959/959 756/756 960/960
f 961/961 959/959 644/644
f 962/962 963/963 964/964
f 965/965 334/334 966/966
f 967/967 968/968 969/969
f 970/970 971/971 972/972
f 973/973 974/974 975/975
f 976/976 977/977 978/978
f 256/256 979/979 257/257
f 980/980 981/981 982/982
f 983/983 984/984 985/985
f 986/986 987/987 988/988
f 989/989 990/990 991/991
f 992/992 993/993 994/994
f 995/995 996/996 997/997
f 812/812 998/998 999/999
f 682/682 1000/1000 680/680
f 1001/1001 1002/1002 1003/1003
f 1004/1004 1005/1005 1006/1006
f 1007/1007 1008/1008 1009/1009
f 893/893 1010/1010 894/894
f 1011/1011 92/92 91/91
f 1012/1012 1013/1013 1014/1014
f 1015/1015 1016/1016 1017/1017
f 203/203 1018/1018 204/204
f 1019/1019 1020/1020 1021/1021
f 1022/1022 1023/1023 1024/1024
f 1025/1025 1026/1026 1027/1027
f 1028/1028 1029/1029 1030/1030
f 1031/1031 1032/1032 774/774
f 1033/1033 1034/1034 1035/1035
f 1036/1036 1037/1037 1038/1038
f 1039/1039 1040/1040 1024/1024
f 1041/1041 1042/1042 1043/1043
f 1044/1044 1045/1045 1046/1046
f 1047/1047 1048/1048 1049/1049
f 1050/1050 1051/1051 1052/1052
f 1053/1053 1054/1054 766/766
f 1055/1055 1056/1056 1057/1057
f 977/977 1058/1058 41/41
f 1059/1059 1060/1060 1061/1061
f 1062/1062 1063/1063 1064/1064
f 739/739 1065/1065 1066/1066
f 1067/1067 1068/1068 1069/1069
f 1070/1070 1071/1071 1072/1072
f 1073/1073 1074/1074 1075/1075
f 55/55 57/57 56/56
f 1076/1076 1077/1077 1078/1078
f 1079/1079 1080/1080 1081/1081
f 1082/1082 1031/1031 770/770
f 1083/1083 1084/1084 1085/1085
f 1086/1086 54/54 1087/1087
f 1088/1088 507/507 509/509
f 1089/1089 1090/1090 1091/1091
f 1092/1092 1093/1093 1094/1094
f 1095/1095 1096/1096 1097/1097
f 1098/1098 1099/1099 1100/1100
f 1101/1101 1102/1102 1103/1103
f 1104/1104 1105/1105 1106/1106
f 1107/1107 1108/1108 1109/1109
f 1110/1110 1111/1111 1112/1112
f 1113/1113 1114/1114 1115/1115
f 136/136 138/138 1116/1116
f 1117/1117 36/36 38/38
f 1118/1118 858/858 860/860
f 1119/1119 1120/1120 1121/1121
f 1122/1122 1123/1123 1124/1124
f 1125/1125 1126/1126 1127/1127
f 1128/1128 1129/1129 1130/1130
f 1131/1131 336/336 335/335
f 1132/1132 1133/1133 1134/1134
f 1135/1135 1136/1136 1137/1137
f 1138/1138 700/700 1139/1139
f 1140/1140 1141/1141 1142/1142
f 443/443 1143/1143 253/253
f 1144/1144 1145/1145 1146/1146
f 1147/1147 1148/1148 1149/1149
f 1150/1150 1151/1151 1152/1152
f 1153/1153 1072/1072 1071/1071
f 103/103 1154/1154 104/104
f 481/481 480/480 1155/1155
f 1156/1156 1157/1157 1158/1158
f 1159/1159 1160/1160 1161/1161
f 1162/1162 1163/1163 1164/1164
f 1165/1165 1166/1166 1167/1167
f 1168/1168 1169/1169 1170/1170
f 88/88 1171/1171 1172/1172
f 1173/1173 1174/1174 1175/1175
f 1176/1176 1177/1177 1178/1178
f 1179/1179 1180/1180 1181/1181
f 1182/1182 1183/1183 1184/1184
f 1185/1185 1186/1186 1187/1187
f 1188/1188 1189/1189 1190/1190
f 1188/1188 1191/1191 1189/1189
f 113/113 346/346 1192/1192
f 1193/1193 1194/1194 1195/1195
f 1196/1196 456/456 455/455
f 1197/1197 32/32 321/321
f 1198/1198 1199/1199 1200/1200
f 1201/1201 1202/1202 1203/1203
f 1204/1204 1205/1205 1206/1206
f 1207/1207 1208/1208 1209/1209
f 335/335 1210/1210 1131/1131
f 1211/1211 1212/1212 1213/1213
f 1214/1214 1215/1215 1216/1216
f 1217/1217 1218/1218 1219/1219
f 1220/1220 617/617 616/616
f 1221/1221 1222/1222 1223/1223
f 1224/1224 1225/1225 1226/1226
f 356/356 1227/1227 1228/1228
f 1229/1229 1230/1230 1231/1231
f 1232/1232 1233/1233 1234/1234
f 1235/1235 1236/1236 196/196
f 1237/1237 1238/1238 1239/1239
f 1240/1240 1241/1241 1242/1242
f 1243/1243 1244/1244 1245/1245
f 1246/1246 1247/1247 1248/1248
f 1249/1249 1250/1250 1251/1251
f 1252/1252 1253/1253 1254/1254
f 1255/1255 1256/1256 1257/1257
f 1117/1117 1258/1258 1259/1259
f 1260/1260 1261/1261 1262/1262
f 1263/1263 1264/1264 1265/1265
f 1266/1266 1267/1267 1268/1268
f 1269/1269 1270/1270 1271/1271
f 1272/1272 1098/1098 1100/1100
f 1273/1273 1274/1274 1275/1275
f 1025/1025 171/171 170/170
f 1276/1276 1277/1277 1278/1278
f 1279/1279 1280/1280 1281/1281
f 1282/1282 925/925 1283/1283
f 1209/1209 1282/1282 1283/1283
f 1284/1284 1285/1285 1286/1286
f 1287/1287 1288/1288 463/463
f 1289/1289 449/449 1290/1290
f 1291/1291 1292/1292 1293/1293
f 1294/1294 1295/1295 1296/1296
f 1297/1297 1252/1252 1254/1254
f 832/832 1298/1298 1299/1299
f 1300/1300 374/374 1301/1301
f 1302/1302 1303/1303 1304/1304
f 1305/1305 1306/1306 1262/1262
f 1307/1307 1308/1308 15/15
f 1309/1309 1310/1310 1311/1311
f 1312/1312 1313/1313 1314/1314
f 1315/1315 176/176 178/178
f 1316/1316 1317/1317 1318/1318
f 1319/1319 1320/1320 1321/1321
f 1322/1322 1323/1323 1324/1324
f 1325/1325 1326/1326 1327/1327
f 998/998 1328/1328 1329/1329
f 816/816 1330/1330 1331/1331
f 1332/1332 1333/1333 1334/1334
f 1335/1335 1336/1336 1288/1288
f 1337/1337 1338/1338 821/821
f 1339/1339 1340/1340 286/286
f 1341/1341 1342/1342 1343/1343
f 1344/1344 1345/1345 1342/1342
f 1346/1346 1347/1347 1298/1298
f 1347/1347 1348/1348 1349/1349
f 1350/1350 620/620 619/619
f 1351/1351 1352/1352 1353/1353
f 1354/1354 1355/1355 1356/1356
f 1357/1357 1358/1358 1359/1359
f 1360/1360 1361/1361 1362/1362
f 140/140 273/273 141/141
f 1363/1363 1364/1364 1365/1365
f 1366/1366 1367/1367 1368/1368
f 1369/1369 1370/1370 1371/1371
f 1372/1372 1371/1371 1373/1373
f 1374/1374 1375/1375 1376/1376
f 1198/1198 1377/1377 1378/1378
f 1379/1379 1380/1380 1381/1381
f 1382/1382 1383/1383 1384/1384
f 1385/1385 1386/1386 1387/1387
f 1388/1388 1389/1389 1390/1390
f 1391/1391 1392/1392 1393/1393
f 1394/1394 1395/1395 1396/1396
f 1397/1397 1398/1398 1399/1399
f 452/452 268/268 1400/1400
f 1294/1294 1296/1296 1401/1401
f 1402/1402 1403/1403 1404/1404
f 1405/1405 1406/1406 1407/1407
f 1408/1408 1268/1268 1409/1409
f 1410/1410 1411/1411 829/829
f 1107/1107 1412/1412 1413/1413
f 1414/1414 1415/1415 239/239
f 1414/1414 1416/1416 1417/1417
f 1418/1418 1419/1419 1420/1420
f 1421/1421 1422/1422 1423/1423
f 1424/1424 1425/1425 1426/1426
f 1427/1427 1428/1428 1429/1429
f 1430/1430 1431/1431 1432/1432
f 1433/1433 1434/1434 1435/1435
f 1436/1436 1437/1437 901/901
f 74/74 1438/1438 1439/1439
f 1440/1440 1441/1441 1065/1065
f 1214/1214 1442/1442 1215/1215
f 1443/1443 1444/1444 1445/1445
f 1194/1194 1446/1446 1195/1195
f 1447/1447 1448/1448 1449/1449
f 1450/1450 1451/1451 1452/1452
f 1453/1453 653/653 652/652
f 1454/1454 556/556 1455/1455
f 1456/1456 38/38 1457/1457
f 82/82 1458/1458 1459/1459
f 660/660 1460/1460 1461/1461
f 1462/1462 1463/1463 1464/1464
f 1465/1465 1466/1466 1467/1467
f 1468/1468 1469/1469 1470/1470
f 1471/1471 1472/1472 1277/1277
f 1473/1473 1120/1120 1474/1474
f 1475/1475 1476/1476 1477/1477
f 1478/1478 1475/1475 546/546
f 1479/1479 1480/1480 1481/1481
f 1482/1482 1483/1483 1484/1484
f 1485/1485 1486/1486 1487/1487
f 1488/1488 1489/1489 1490/1490
f 1491/1491 1492/1492 1493/1493
f 644/644 643/643 961/961
f 1435/1435 1434/1434 1494/1494
f 1495/1495 1496/1496 1497/1497
f 546/546 1498/1498 657/657
f 172/172 171/171 1499/1499
f 912/912 911/911 1500/1500
f 333/333 332/332 1501/1501
f 1502/1502 1503/1503 1504/1504
f 1505/1505 1506/1506 1144/1144
f 1507/1507 1508/1508 1509/1509
f 1510/1510 1511/1511 1512/1512
f 1513/1513 1233/1233 1514/1514
f 1515/1515 1516/1516 1517/1517
f 1518/1518 1519/1519 1520/1520
f 1521/1521 1522/1522 1523/1523
f 1524/1524 1525/1525 890/890
f 1526/1526 6/6 5/5
f 1527/1527 1528/1528 1529/1529
f 1530/1530 206/206 1531/1531
f 916/916 1532/1532 914/914
f 203/203 1533/1533 1018/1018
f 1534/1534 1535/1535 1536/1536
f 1537/1537 970/970 1538/1538
f 1539/1539 1540/1540 1541/1541
f 1533/1533 1542/1542 1018/1018
f 1421/1421 694/694 1422/1422
f 1543/1543 1544/1544 1545/1545
f 1048/1048 1047/1047 1546/1546
f 1547/1547 1548/1548 1549/1549
f 1550/1550 195/195 1551/1551
f 1552/1552 1553/1553 1554/1554
f 1452/1452 1555/1555 1556/1556
f 1557/1557 1127/1127 1558/1558
f 1559/1559 1560/1560 1561/1561
f 1562/1562 1563/1563 1564/1564
f 1565/1565 157/157 1566/1566
f 1567/1567 1568/1568 1566/1566
f 1569/1569 428/428 430/430
f 1514/1514 1570/1570 1571/1571
f 1522/1522 1572/1572 1573/1573
f 1574/1574 287/287 289/289
f 1575/1575 187/187 1576/1576
f 1577/1577 1578/1578 1579/1579
f 1285/1285 1580/1580 1581/1581
f 1174/1174 1582/1582 1175/1175
f 1583/1583 1584/1584 1585/1585
f 1059/1059 1061/1061 1586/1586
f 932/932 934/934 1587/1587
f 1588/1588 1589/1589 1590/1590
f 1591/1591 1592/1592 1593/1593
f 975/975 974/974 1594/1594
f 1595/1595 1596/1596 1552/1552
f 1595/1595 1597/1597 1596/1596
f 1598/1598 1599/1599 1600/1600
f 1601/1601 1602/1602 756/756
f 1603/1603 1604/1604 1072/1072
f 1605/1605 1606/1606 1033/1033
f 1607/1607 1608/1608 1609/1609
f 1610/1610 1611/1611 1612/1612
f 1613/1613 1614/1614 1615/1615
f 1616/1616 1617/1617 1618/1618
f 1619/1619 1620/1620 1621/1621
f 1622/1622 1623/1623 1624/1624
f 1625/1625 1626/1626 1627/1627
f 1628/1628 1629/1629 1630/1630
f 1631/1631 1632/1632 1633/1633
f 1634/1634 1635/1635 1636/1636
f 940/940 1637/1637 1638/1638
f 1639/1639 1640/1640 1641/1641
f 1642/1642 1643/1643 1644/1644
f 39/39 1645/1645 1646/1646
f 1647/1647 664/664 1648/1648
f 325/325 1649/1649 326/326
f 1650/1650 1651/1651 1652/1652
f 1653/1653 1654/1654 1655/1655
f 1656/1656 283/283 1657/1657
f 1270/1270 1658/1658 1271/1271
f 1469/1469 1659/1659 1470/1470
f 818/818 1660/1660 819/819
f 820/820 1660/1660 818/818
f 305/305 1661/1661 306/306
f 1662/1662 1663/1663 1664/1664
f 1512/1512 1511/1511 1665/1665
f 1666/1666 759/759 708/708
f 1667/1667 1668/1668 1669/1669
f 1670/1670 1671/1671 1672/1672
f 1673/1673 1674/1674 1675/1675
f 1676/1676 1674/1674 1673/1673
f 1677/1677 1678/1678 1679/1679
f 1680/1680 1681/1681 1682/1682
f 1097/1097 1683/1683 1684/1684
f 1506/1506 1505/1505 1685/1685
f 1686/1686 77/77 76/76
f 381/381 1687/1687 379/379
f 1688/1688 1689/1689 1690/1690
f 1691/1691 1692/1692 1693/1693
f 1694/1694 1695/1695 1696/1696
f 1697/1697 1698/1698 1699/1699
f 1700/1700 1701/1701 1702/1702
f 1703/1703 1704/1704 1705/1705
f 1706/1706 340/340 1590/1590
f 1706/1706 341/341 340/340
f 1707/1707 1708/1708 1709/1709
f 1710/1710 1652/1652 1651/1651
f 1711/1711 1712/1712 1713/1713
f 1543/1543 1714/1714 1715/1715
f 1716/1716 1717/1717 1718/1718
f 1719/1719 1720/1720 1366/1366
f 1721/1721 1722/1722 1723/1723
f 1724/1724 1725/1725 1723/1723
f 1726/1726 1727/1727 1728/1728
f 1729/1729 1730/1730 1731/1731
f 1556/1556 1555/1555 1732/1732
f 1448/1448 1732/1732 1449/1449
f 1733/1733 1734/1734 1735/1735
f 1623/1623 1736/1736 1735/1735
f 1737/1737 589/589 588/588
f 1738/1738 1739/1739 1740/1740
f 1741/1741 1742/1742 1743/1743
f 1744/1744 1741/1741 1743/1743
f 1128/1128 1130/1130 1745/1745
f 1746/1746 1398/1398 1747/1747
f 1748/1748 1749/1749 1750/1750
f 1751/1751 1432/1432 1748/1748
f 1752/1752 1753/1753 1754/1754
f 1755/1755 1756/1756 90/90
f 1757/1757 1758/1758 1759/1759
f 1760/1760 1761/1761 1762/1762
f 1763/1763 1764/1764 85/85
f 1764/1764 1763/1763 1592/1592
f 1765/1765 1766/1766 1767/1767
f 1767/1767 1768/1768 1769/1769
f 1338/1338 1337/1337 1770/1770
f 1771/1771 1772/1772 1773/1773
f 1774/1774 1775/1775 1776/1776
f 1678/1678 1777/1777 1679/1679
f 42/42 1778/1778 43/43
f 1779/1779 1780/1780 1781/1781
f 1350/1350 619/619 1782/1782
f 1547/1547 1549/1549 1782/1782
f 696/696 1783/1783 21/21
f 1784/1784 1141/1141 1140/1140
f 1785/1785 1786/1786 1787/1787
f 1788/1788 1789/1789 1790/1790
f 1791/1791 1792/1792 1793/1793
f 1794/1794 1795/1795 1796/1796
f 1797/1797 102/102 1798/1798
f 1799/1799 1800/1800 1801/1801
f 1802/1802 1803/1803 1804/1804
f 1805/1805 1806/1806 1807/1807
f 1808/1808 1809/1809 1810/1810
f 1811/1811 1812/1812 250/250
f 1813/1813 1814/1814 1815/1815
f 1557/1557 1125/1125 1127/1127
f 1816/1816 1817/1817 1818/1818
f 1819/1819 1820/1820 1821/1821
f 1822/1822 1823/1823 1824/1824
f 1320/1320 1825/1825 1826/1826
f 1827/1827 1828/1828 1829/1829
f 1830/1830 1831/1831 1832/1832
f 1833/1833 1834/1834 1835/1835
f 1836/1836 769/769 768/768
f 1837/1837 1838/1838 1839/1839
f 1840/1840 1841/1841 59/59
f 1842/1842 1843/1843 1844/1844
f 1466/1466 1465/1465 178/178
f 181/181 1845/1845 1846/1846
f 1416/1416 1847/1847 1417/1417
f 38/38 779/779 1848/1848
f 1577/1577 1579/1579 1849/1849
f 1849/1849 1579/1579 1850/1850
f 1851/1851 1852/1852 1853/1853
f 1854/1854 1855/1855 1856/1856
f 1857/1857 100/100 1858/1858
f 1859/1859 1137/1137 1860/1860
f 1861/1861 1862/1862 1863/1863
f 1864/1864 1865/1865 1866/1866
f 1867/1867 286/286 1340/1340
f 1868/1868 1869/1869 1870/1870
f 13/13 1871/1871 11/11
f 1872/1872 1873/1873 1874/1874
f 1875/1875 1876/1876 1523/1523
f 1877/1877 1876/1876 1878/1878
f 1879/1879 1880/1880 309/309
f 1881/1881 1882/1882 1883/1883
f 1884/1884 1885/1885 1886/1886
f 514/514 516/516 1887/1887
f 1888/1888 1889/1889 1890/1890
f 1891/1891 1647/1647 1892/1892
f 749/749 1893/1893 1894/1894
f 1895/1895 1896/1896 1897/1897
f 1898/1898 1899/1899 1900/1900
f 1901/1901 1899/1899 1902/1902
f 681/681 1903/1903 682/682
f 1904/1904 1905/1905 1906/1906
f 1907/1907 1908/1908 1909/1909
f 1910/1910 1911/1911 1912/1912
f 1913/1913 1914/1914 1915/1915
f 1916/1916 1917/1917 1793/1793
f 1918/1918 1919/1919 710/710
f 1920/1920 1835/1835 1900/1900
f 1921/1921 1922/1922 1923/1923
f 1924/1924 1606/1606 1925/1925
f 1926/1926 1927/1927 1928/1928
f 1929/1929 1930/1930 594/594
f 1931/1931 1932/1932 1933/1933
f 1917/1917 1916/1916 1934/1934
f 1012/1012 1935/1935 1013/1013
f 1936/1936 1652/1652 1709/1709
f 942/942 1279/1279 1937/1937
f 1938/1938 1939/1939 1940/1940
f 1941/1941 1942/1942 1943/1943
f 1747/1747 1941/1941 1746/1746
f 1944/1944 1945/1945 720/720
f 856/856 1946/1946 1947/1947
f 1480/1480 1479/1479 1948/1948
f 1949/1949 1950/1950 1951/1951
f 1952/1952 1953/1953 1954/1954
f 1955/1955 1956/1956 1786/1786
f 398/398 400/400 1738/1738
f 1957/1957 1958/1958 1959/1959
f 1960/1960 1459/1459 1458/1458
f 1961/1961 1962/1962 1963/1963
f 1536/1536 1964/1964 1534/1534
f 1964/1964 1965/1965 1966/1966
f 1967/1967 1968/1968 1429/1429
f 1969/1969 360/360 1970/1970
f 1558/1558 1818/1818 1557/1557
f 1818/1818 1817/1817 1557/1557
f 475/475 1971/1971 1972/1972
f 1973/1973 1974/1974 1309/1309
f 1975/1975 1976/1976 1977/1977
f 1978/1978 1979/1979 1980/1980
f 1981/1981 1982/1982 1983/1983
f 1984/1984 1985/1985 1986/1986
f 1987/1987 1988/1988 1989/1989
f 1990/1990 1991/1991 1992/1992
f 1993/1993 1994/1994 1995/1995
f 1995/1995 1996/1996 1997/1997
f 1708/1708 1707/1707 1998/1998
f 1999/1999 2000/2000 2001/2001
f 2002/2002 2003/2003 2004/2004
f 2005/2005 2006/2006 2007/2007
f 300/300 299/299 2008/2008
f 2009/2009 2010/2010 1994/1994
f 2011/2011 2012/2012 2013/2013
f 2014/2014 2005/2005 2007/2007
f 2015/2015 2016/2016 2017/2017
f 2018/2018 2019/2019 2020/2020
f 2021/2021 1845/1845 2022/2022
f 2023/2023 1846/1846 1845/1845
f 2024/2024 2025/2025 2026/2026
f 2027/2027 2028/2028 2024/2024
f 2029/2029 2030/2030 2031/2031
f 1515/1515 2032/2032 2033/2033
f 1561/1561 513/513 512/512
f 2034/2034 1836/1836 2035/2035
f 2036/2036 2037/2037 2038/2038
f 2039/2039 1537/1537 678/678
f 2040/2040 2041/2041 2042/2042
f 1160/1160 2043/2043 2044/2044
f 2045/2045 2046/2046 2047/2047
f 1522/1522 2048/2048 2049/2049
f 1374/1374 2050/2050 2051/2051
f 2052/2052 2053/2053 2054/2054
f 2055/2055 1250/1250 2056/2056
f 2057/2057 2058/2058 2059/2059
f 1598/1598 1697/1697 1699/1699
f 2060/2060 2061/2061 2062/2062
f 1975/1975 1977/1977 2063/2063
f 2064/2064 2065/2065 2066/2066
f 2067/2067 2068/2068 2069/2069
f 2070/2070 691/691 2071/2071
f 664/664 19/19 18/18
f 1461/1461 1460/1460 2072/2072
f 2073/2073 2074/2074 2075/2075
f 660/660 2076/2076 1460/1460
f 2077/2077 99/99 2078/2078
f 186/186 2079/2079 187/187
f 70/70 2080/2080 2081/2081
f 2080/2080 70/70 413/413
f 1582/1582 687/687 2082/2082
f 687/687 686/686 2082/2082
f 2083/2083 625/625 2084/2084
f 2085/2085 2086/2086 1176/1176
f 2087/2087 2088/2088 2089/2089
f 1080/1080 2090/2090 1081/1081
f 1820/1820 2091/2091 1821/1821
f 2092/2092 2093/2093 2094/2094
f 2095/2095 2096/2096 2097/2097
f 2098/2098 2099/2099 446/446
f 2100/2100 2101/2101 2102/2102
f 214/214 2103/2103 2104/2104
f 2105/2105 2106/2106 2107/2107
f 1795/1795 1794/1794 2108/2108
f 806/806 362/362 807/807
f 2109/2109 2110/2110 2111/2111
f 2112/2112 2113/2113 1970/1970
f 2114/2114 2115/2115 2116/2116
f 1531/1531 2117/2117 1530/1530
f 2118/2118 2119/2119 2120/2120
f 1760/1760 2121/2121 2122/2122
f 2123/2123 2124/2124 2125/2125
f 2126/2126 2127/2127 2128/2128
f 2129/2129 2130/2130 2131/2131
f 2132/2132 2019/2019 2018/2018
f 440/440 442/442 2133/2133
f 1577/1577 2134/2134 1578/1578
f 2077/2077 2135/2135 2136/2136
f 2137/2137 2138/2138 2139/2139
f 2140/2140 2141/2141 2142/2142
f 2143/2143 2144/2144 2145/2145
f 2146/2146 2147/2147 2148/2148
f 2149/2149 1582/1582 2082/2082
f 77/77 2150/2150 2151/2151
f 2152/2152 2153/2153 2154/2154
f 2155/2155 2156/2156 2157/2157
f 2158/2158 2159/2159 735/735
f 991/991 2160/2160 989/989
f 2040/2040 2161/2161 2041/2041
f 1163/1163 2162/2162 2163/2163
f 2164/2164 2165/2165 2166/2166
f 449/449 451/451 279/279
f 2167/2167 2168/2168 2169/2169
f 2170/2170 997/997 996/996
f 2171/2171 2172/2172 2173/2173
f 2174/2174 2083/2083 2084/2084
f 2175/2175 1241/1241 2176/2176
f 1245/1245 2177/2177 2178/2178
f 2179/2179 1949/1949 2180/2180
f 2181/2181 2182/2182 2183/2183
f 2184/2184 1998/1998 2185/2185
f 2186/2186 2187/2187 2115/2115
f 2188/2188 2189/2189 2190/2190
f 2191/2191 2192/2192 2193/2193
f 1357/1357 2194/2194 1358/1358
f 2195/2195 2196/2196 2197/2197
f 2198/2198 2199/2199 2200/2200
f 1943/1943 392/392 2201/2201
f 2202/2202 2203/2203 2204/2204
f 2205/2205 2202/2202 2206/2206
f 2207/2207 1392/1392 1391/1391
f 2208/2208 2209/2209 245/245
f 2210/2210 2211/2211 2212/2212
f 2213/2213 654/654 655/655
f 2214/2214 2215/2215 2216/2216
f 2217/2217 2218/2218 2219/2219
f 311/311 310/310 2220/2220
f 985/985 2221/2221 2222/2222
f 2223/2223 2224/2224 2225/2225
f 1121/1121 1120/1120 2226/2226
f 2227/2227 2228/2228 2229/2229
f 2230/2230 2231/2231 572/572
f 1799/1799 1801/1801 2232/2232
f 2233/2233 2234/2234 2235/2235
f 129/129 128/128 522/522
f 2153/2153 2152/2152 2236/2236
f 2237/2237 2238/2238 2239/2239
f 1127/1127 2240/2240 2241/2241
f 2242/2242 2243/2243 955/955
f 2244/2244 2245/2245 2246/2246
f 76/76 78/78 60/60
f 2247/2247 2248/2248 2249/2249
f 2250/2250 1805/1805 1807/1807
f 1855/1855 1803/1803 1802/1802
f 2251/2251 2252/2252 1426/1426
f 2253/2253 1424/1424 2254/2254
f 2255/2255 2256/2256 2257/2257
f 2053/2053 2258/2258 2259/2259
f 2260/2260 2261/2261 2262/2262
f 2263/2263 2264/2264 2265/2265
f 2253/2253 2254/2254 2266/2266
f 2267/2267 2268/2268 2269/2269
f 962/962 964/964 2270/2270
f 2271/2271 2272/2272 1273/1273
f 1688/1688 2273/2273 2274/2274
f 2275/2275 2276/2276 2277/2277
f 2278/2278 2279/2279 2280/2280
f 2281/2281 10/10 2282/2282
f 2283/2283 2284/2284 2285/2285
f 2284/2284 2286/2286 2285/2285
f 1379/1379 2287/2287 1380/1380
f 2288/2288 2289/2289 2290/2290
f 1906/1906 1489/1489 1488/1488
f 1906/1906 1905/1905 2291/2291
f 2292/2292 79/79 81/81
f 2293/2293 2294/2294 2295/2295
f 2296/2296 2297/2297 2298/2298
f 2299/2299 2300/2300 2301/2301
f 385/385 2302/2302 627/627
f 2303/2303 2304/2304 2305/2305
f 2306/2306 2307/2307 2305/2305
f 2308/2308 2309/2309 2310/2310
f 96/96 2311/2311 2312/2312
f 2313/2313 2314/2314 2315/2315
f 2316/2316 2317/2317 111/111
f 2318/2318 2319/2319 2320/2320
f 2318/2318 2320/2320 2321/2321
f 2322/2322 2323/2323 2324/2324
f 2325/2325 2326/2326 2327/2327
f 2328/2328 2329/2329 2330/2330
f 2331/2331 2332/2332 2333/2333
f 2334/2334 2335/2335 2336/2336
f 2311/2311 2337/2337 2312/2312
f 2338/2338 1162/1162 1207/1207
f 2162/2162 2339/2339 2340/2340
f 1899/1899 1920/1920 1900/1900
f 2341/2341 2342/2342 2343/2343
f 2344/2344 2116/2116 2345/2345
f 1831/1831 358/358 2346/2346
f 42/42 2347/2347 1778/1778
f 2348/2348 2058/2058 2057/2057
f 1412/1412 2349/2349 2350/2350
f 2351/2351 1300/1300 1301/1301
f 2240/2240 2352/2352 2241/2241
f 1081/1081 2090/2090 2087/2087
f 1883/1883 2353/2353 2354/2354
f 2355/2355 2356/2356 2357/2357
f 1125/1125 2358/2358 1126/1126
f 2359/2359 2238/2238 2237/2237
f 2360/2360 2361/2361 1196/1196
f 1463/1463 2362/2362 458/458
f 2363/2363 2364/2364 2365/2365
f 1336/1336 2366/2366 2367/2367
f 872/872 2368/2368 873/873
f 2369/2369 1045/1045 2370/2370
f 2371/2371 2372/2372 2373/2373
f 2374/2374 1235/1235 2375/2375
f 2376/2376 2377/2377 2378/2378
f 2379/2379 2377/2377 2380/2380
f 2381/2381 969/969 968/968
f 1240/1240 2382/2382 2383/2383
f 2384/2384 2385/2385 2386/2386
f 2387/2387 381/381 380/380
f 2388/2388 1799/1799 2232/2232
f 2388/2388 1067/1067 1069/1069
f 2389/2389 2390/2390 2391/2391
f 2068/2068 667/667 666/666
f 2392/2392 2393/2393 2394/2394
f 2395/2395 2396/2396 2392/2392
f 2397/2397 2398/2398 1471/1471
f 2397/2397 1552/1552 1554/1554
f 2399/2399 2400/2400 2284/2284
f 837/837 2401/2401 2402/2402
f 2344/2344 2345/2345 2403/2403
f 1618/1618 792/792 1616/1616
f 2404/2404 950/950 952/952
f 235/235 234/234 2405/2405
f 2406/2406 2407/2407 2408/2408
f 2409/2409 2410/2410 2411/2411
f 2412/2412 176/176 1315/1315
f 2413/2413 2414/2414 2415/2415
f 2416/2416 2417/2417 2418/2418
f 1891/1891 2419/2419 1647/1647
f 1926/1926 1928/1928 2420/2420
f 2421/2421 2422/2422 2423/2423
f 406/406 2424/2424 404/404
f 819/819 2425/2425 2426/2426
f 2427/2427 2428/2428 1220/1220
f 2429/2429 2430/2430 2431/2431
f 2432/2432 2037/2037 2433/2433
f 2434/2434 2435/2435 2433/2433
f 745/745 2436/2436 2437/2437
f 2438/2438 1729/1729 2092/2092
f 740/740 2439/2439 741/741
f 1632/1632 1631/1631 2440/2440
f 1413/1413 1108/1108 1107/1107
f 1872/1872 2441/2441 2442/2442
f 2443/2443 2444/2444 2331/2331
f 622/622 2445/2445 2446/2446
f 2447/2447 2448/2448 2449/2449
f 1563/1563 2450/2450 2451/2451
f 2452/2452 2453/2453 2454/2454
f 2455/2455 2344/2344 2403/2403
f 2456/2456 2457/2457 388/388
f 2458/2458 46/46 2459/2459
f 2312/2312 2460/2460 96/96
f 2061/2061 2461/2461 2062/2062
f 586/586 2462/2462 2463/2463
f 2464/2464 2465/2465 2466/2466
f 1715/1715 1714/1714 871/871
f 2467/2467 694/694 1421/1421
f 2468/2468 1414/1414 239/239
f 67/67 2469/2469 778/778
f 2470/2470 2471/2471 2472/2472
f 1271/1271 2473/2473 2474/2474
f 2475/2475 1058/1058 977/977
f 2476/2476 20/20 22/22
f 2477/2477 2478/2478 2479/2479
f 1878/1878 2480/2480 2481/2481
f 2482/2482 1113/1113 1115/1115
f 2483/2483 2484/2484 2485/2485
f 2486/2486 2009/2009 2487/2487
f 859/859 858/858 2488/2488
f 2489/2489 2490/2490 2491/2491
f 2492/2492 2479/2479 2493/2493
f 912/912 2494/2494 913/913
f 1887/1887 2495/2495 2496/2496
f 2042/2042 2497/2497 2498/2498
f 2042/2042 2041/2041 2497/2497
f 2499/2499 1636/1636 2500/2500
f 1634/1634 1636/1636 2501/2501
f 2502/2502 2503/2503 2504/2504
f 2505/2505 1105/1105 2506/2506
f 92/92 2507/2507 752/752
f 1450/1450 2508/2508 2509/2509
f 2510/2510 471/471 2511/2511
f 1240/1240 2512/2512 2513/2513
f 1181/1181 2514/2514 1179/1179
f 2086/2086 2514/2514 1176/1176
f 1327/1327 2515/2515 1325/1325
f 2516/2516 2517/2517 2518/2518
f 1355/1355 2519/2519 1356/1356
f 2520/2520 2521/2521 2522/2522
f 2523/2523 2524/2524 2525/2525
f 2526/2526 2527/2527 2060/2060
f 2528/2528 2156/2156 2155/2155
f 391/391 2529/2529 2530/2530
f 1239/1239 1238/1238 2531/2531
f 165/165 2532/2532 166/166
f 2533/2533 2534/2534 2535/2535
f 1394/1394 2536/2536 2537/2537
f 748/748 747/747 2538/2538
f 877/877 1639/1639 878/878
f 2539/2539 2540/2540 2541/2541
f 560/560 2542/2542 2543/2543
f 2544/2544 888/888 887/887
f 2545/2545 2546/2546 2547/2547
f 1736/1736 1623/1623 1622/1622
f 2548/2548 2549/2549 214/214
f 2144/2144 2550/2550 2145/2145
f 2551/2551 144/144 143/143
f 30/30 2552/2552 31/31
f 2522/2522 2519/2519 2520/2520
f 2245/2245 1163/1163 2163/2163
f 2553/2553 1046/1046 2554/2554
f 794/794 175/175 2555/2555
f 2556/2556 2557/2557 2558/2558
f 2559/2559 2486/2486 298/298
f 2560/2560 2561/2561 1278/1278
f 2562/2562 1894/1894 2563/2563
f 1219/1219 1812/1812 1811/1811
f 2564/2564 2565/2565 2566/2566
f 2567/2567 2568/2568 2569/2569
f 2570/2570 283/283 1656/1656
f 1574/1574 289/289 2571/2571
f 2572/2572 2551/2551 2573/2573
f 1776/1776 1775/1775 2574/2574
f 2575/2575 2576/2576 2577/2577
f 2578/2578 1351/1351 1353/1353
f 181/181 2579/2579 179/179
f 2580/2580 2566/2566 2581/2581
f 2134/2134 2582/2582 1578/1578
f 1554/1554 1473/1473 1474/1474
f 2436/2436 2583/2583 2437/2437
f 2584/2584 2585/2585 1743/1743
f 2586/2586 530/530 529/529
f 2587/2587 2588/2588 2589/2589
f 2590/2590 808/808 2591/2591
f 1207/1207 2592/2592 2593/2593
f 2594/2594 2203/2203 2202/2202
f 913/913 2494/2494 2595/2595
f 274/274 273/273 140/140
f 566/566 568/568 2596/2596
f 2597/2597 2598/2598 2599/2599
f 2600/2600 2601/2601 2597/2597
f 2602/2602 1429/1429 2603/2603
f 2604/2604 2605/2605 758/758
f 1555/1555 2606/2606 1732/1732
f 1558/1558 2607/2607 2608/2608
f 1737/1737 2609/2609 2610/2610
f 2611/2611 548/548 2612/2612
f 2613/2613 1157/1157 2614/2614
f 2615/2615 2616/2616 2617/2617
f 917/917 2618/2618 343/343
f 2619/2619 2618/2618 723/723
f 836/836 835/835 2620/2620
f 2621/2621 2622/2622 2623/2623
f 2624/2624 2625/2625 2626/2626
f 2627/2627 2628/2628 2629/2629
f 2516/2516 2518/2518 2630/2630
f 2631/2631 1183/1183 1182/1182
f 2632/2632 1684/1684 2633/2633
f 2634/2634 2633/2633 2635/2635
f 508/508 2636/2636 2637/2637
f 2638/2638 507/507 1088/1088
f 2584/2584 1743/1743 1742/1742
f 425/425 745/745 2639/2639
f 2640/2640 2641/2641 2642/2642
f 1997/1997 1996/1996 2643/2643
f 1587/1587 934/934 2644/2644
f 2645/2645 2239/2239 2238/2238
f 1496/1496 1733/1733 2646/2646
f 150/150 149/149 2647/2647
f 2648/2648 2649/2649 2650/2650
f 2651/2651 2652/2652 2649/2649
f 2653/2653 1271/1271 2474/2474
f 2654/2654 2655/2655 2656/2656
f 1033/1033 2657/2657 1034/1034
f 2658/2658 2659/2659 2660/2660
f 2661/2661 2662/2662 184/184
f 2663/2663 2664/2664 2665/2665
f 2666/2666 1074/1074 1073/1073
f 2666/2666 1073/1073 2667/2667
f 2668/2668 2669/2669 902/902
f 1827/1827 2670/2670 1828/1828
f 2671/2671 2365/2365 2672/2672
f 2673/2673 462/462 2674/2674
f 193/193 192/192 2675/2675
f 2676/2676 2677/2677 2678/2678
f 2679/2679 113/113 112/112
f 2050/2050 2052/2052 2054/2054
f 2680/2680 2681/2681 988/988
f 2682/2682 2683/2683 2221/2221
f 2111/2111 2684/2684 2685/2685
f 2686/2686 1317/1317 1316/1316
f 2420/2420 2687/2687 2688/2688
f 2689/2689 205/205 204/204
f 2641/2641 2640/2640 2690/2690
f 1204/1204 2691/2691 1205/1205
f 2240/2240 2692/2692 2352/2352
f 2693/2693 936/936 935/935
f 2694/2694 2695/2695 319/319
f 941/941 1637/1637 2696/2696
f 1307/1307 15/15 1974/1974
f 1310/1310 15/15 2697/2697
f 2472/2472 690/690 2698/2698
f 2474/2474 2699/2699 2700/2700
f 2701/2701 2702/2702 2611/2611
f 724/724 726/726 2703/2703
f 2704/2704 2705/2705 2706/2706
f 528/528 530/530 2707/2707
f 2336/2336 184/184 183/183
f 2708/2708 2334/2334 2336/2336
f 2709/2709 2710/2710 2711/2711
f 709/709 2712/2712 2713/2713
f 1527/1527 1529/1529 2714/2714
f 2715/2715 2716/2716 2714/2714
f 1427/1427 2717/2717 1428/1428
f 2718/2718 2719/2719 2720/2720
f 2325/2325 2721/2721 2323/2323
f 753/753 738/738 2722/2722
f 2723/2723 2724/2724 2329/2329
f 2725/2725 2726/2726 2727/2727
f 574/574 2728/2728 2729/2729
f 2728/2728 1074/1074 2729/2729
f 1056/1056 2730/2730 1057/1057
f 2282/2282 10/10 9/9
f 2318/2318 1564/1564 2319/2319
f 1560/1560 2731/2731 1561/1561
f 2732/2732 2733/2733 1726/1726
f 2733/2733 2732/2732 2734/2734
f 2247/2247 2735/2735 2736/2736
f 2737/2737 2738/2738 1560/1560
f 2739/2739 2740/2740 2741/2741
f 2742/2742 717/717 2743/2743
f 2744/2744 2745/2745 2746/2746
f 2747/2747 2748/2748 2749/2749
f 2750/2750 2092/2092 1729/1729
f 2084/2084 2751/2751 2752/2752
f 2172/2172 2753/2753 2754/2754
f 1407/1407 1406/1406 2755/2755
f 2756/2756 2757/2757 1267/1267
f 1018/1018 2758/2758 1539/1539
f 2759/2759 2760/2760 1930/1930
f 2761/2761 2762/2762 2763/2763
f 2764/2764 993/993 992/992
f 2765/2765 2766/2766 2767/2767
f 2768/2768 2769/2769 2770/2770
f 2771/2771 2772/2772 2773/2773
f 2774/2774 2775/2775 2776/2776
f 605/605 2777/2777 1103/1103
f 121/121 2778/2778 122/122
f 2097/2097 2096/2096 2779/2779
f 1763/1763 1593/1593 1592/1592
f 1517/1517 2780/2780 87/87
f 1243/1243 1245/1245 2781/2781
f 2782/2782 2783/2783 254/254
f 2784/2784 2785/2785 2786/2786
f 2787/2787 2788/2788 1333/1333
f 2789/2789 2790/2790 2635/2635
f 2791/2791 2789/2789 2635/2635
f 2792/2792 983/983 2793/2793
f 2466/2466 2794/2794 2795/2795
f 2796/2796 2797/2797 2798/2798
f 763/763 585/585 587/587
f 2799/2799 1045/1045 2800/2800
f 958/958 957/957 2801/2801
f 2802/2802 2803/2803 2804/2804
f 2805/2805 2806/2806 2807/2807
f 2808/2808 2809/2809 2810/2810
f 2811/2811 2812/2812 2813/2813
f 2814/2814 2815/2815 535/535
f 2816/2816 2814/2814 2556/2556
f 2419/2419 2416/2416 2418/2418
f 661/661 2817/2817 1888/1888
f 1537/1537 487/487 2818/2818
f 2819/2819 971/971 2820/2820
f 2270/2270 2821/2821 2822/2822
f 2065/2065 2823/2823 2824/2824
f 678/678 677/677 2039/2039
f 487/487 2541/2541 485/485
f 1027/1027 2825/2825 506/506
f 2826/2826 1989/1989 2827/2827
f 2828/2828 2829/2829 2830/2830
f 392/392 2831/2831 2201/2201
f 2832/2832 2828/2828 2833/2833
f 2834/2834 2835/2835 2836/2836
f 1383/1383 2837/2837 1384/1384
f 2499/2499 2501/2501 1636/1636
f 2838/2838 2839/2839 2840/2840
f 1985/1985 2841/2841 1986/1986
f 2842/2842 2843/2843 2844/2844
f 2844/2844 1603/1603 2842/2842
f 543/543 170/170 172/172
f 170/170 2845/2845 2846/2846
f 2247/2247 2249/2249 2847/2847
f 2847/2847 2249/2249 2848/2848
f 2140/2140 2849/2849 337/337
f 2850/2850 2851/2851 2852/2852
f 651/651 2853/2853 2854/2854
f 2854/2854 2855/2855 2856/2856
f 1111/1111 2857/2857 1082/1082
f 2183/2183 2858/2858 2181/2181
f 2859/2859 2860/2860 2861/2861
f 2862/2862 701/701 955/955
f 2264/2264 2863/2863 2864/2864
f 2264/2264 2865/2865 2863/2863
f 2285/2285 2866/2866 2283/2283
f 2867/2867 716/716 718/718
f 242/242 2868/2868 1305/1305
f 2869/2869 2870/2870 2871/2871
f 1950/1950 1949/1949 2179/2179
f 1029/1029 2872/2872 2873/2873
f 755/755 960/960 756/756
f 960/960 1689/1689 2874/2874
f 2875/2875 84/84 83/83
f 2876/2876 2877/2877 2379/2379
f 2878/2878 2879/2879 2880/2880
f 2835/2835 2881/2881 2836/2836
f 2323/2323 2322/2322 2325/2325
f 2882/2882 1442/1442 2883/2883
f 2884/2884 387/387 2885/2885
f 2166/2166 2165/2165 2884/2884
f 2886/2886 2887/2887 1023/1023
f 1042/1042 2888/2888 1039/1039
f 2889/2889 244/244 781/781
f 2890/2890 2891/2891 2889/2889
f 2892/2892 2893/2893 2894/2894
f 2895/2895 2896/2896 2897/2897
f 2898/2898 2899/2899 2900/2900
f 2901/2901 2902/2902 2903/2903
f 2904/2904 2905/2905 2906/2906
f 2907/2907 2908/2908 2909/2909
f 2910/2910 371/371 370/370
f 255/255 254/254 2911/2911
f 2912/2912 2913/2913 2914/2914
f 2915/2915 2916/2916 488/488
f 1752/1752 1754/1754 2917/2917
f 2918/2918 2248/2248 2919/2919
f 640/640 2920/2920 641/641
f 2921/2921 2526/2526 2920/2920
f 2922/2922 2923/2923 2924/2924
f 2925/2925 2926/2926 2927/2927
f 2928/2928 2390/2390 866/866
f 1712/1712 2928/2928 1713/1713
f 114/114 113/113 1192/1192
f 2929/2929 917/917 231/231
f 384/384 2930/2930 2931/2931
f 2895/2895 2932/2932 2933/2933
f 2308/2308 2934/2934 2935/2935
f 2309/2309 2308/2308 799/799
f 1330/1330 2936/2936 2937/2937
f 2938/2938 2939/2939 2940/2940
f 2941/2941 2942/2942 2943/2943
f 2941/2941 2937/2937 2944/2944
f 623/623 2945/2945 621/621
f 2946/2946 2446/2446 2947/2947
f 1462/1462 2072/2072 2948/2948
f 2949/2949 2950/2950 2948/2948
f 230/230 2951/2951 2952/2952
f 890/890 2952/2952 891/891
f 2147/2147 2953/2953 1961/1961
f 2954/2954 2955/2955 2956/2956
f 2450/2450 2957/2957 2958/2958
f 2959/2959 2960/2960 2961/2961
f 2962/2962 2963/2963 965/965
f 2482/2482 2964/2964 2965/2965
f 2966/2966 2967/2967 1070/1070
f 104/104 1154/1154 1074/1074
f 2968/2968 2969/2969 2970/2970
f 2851/2851 2230/2230 2852/2852
f 2971/2971 2122/2122 2121/2121
f 2886/2886 2880/2880 2887/2887
f 977/977 41/41 40/40
f 2972/2972 2898/2898 2900/2900
f 545/545 419/419 2973/2973
f 1476/1476 1725/1725 2974/2974
f 2932/2932 2895/2895 2892/2892
f 2975/2975 2976/2976 2977/2977
f 2978/2978 2856/2856 2855/2855
f 2979/2979 2980/2980 2981/2981
f 2982/2982 2983/2983 2984/2984
f 2985/2985 2986/2986 2987/2987
f 2062/2062 2461/2461 2988/2988
f 2989/2989 2990/2990 2991/2991
f 1407/1407 2755/2755 2992/2992
f 2993/2993 2994/2994 2995/2995
f 2996/2996 1633/1633 2997/2997
f 2998/2998 2322/2322 2324/2324
f 2999/2999 3000/3000 3001/3001
f 870/870 3002/3002 692/692
f 961/961 3003/3003 959/959
f 1598/1598 3004/3004 1599/1599
f 1367/1367 670/670 3005/3005
f 1938/1938 3006/3006 1939/1939
f 3007/3007 947/947 3008/3008
f 2901/2901 975/975 2902/2902
f 578/578 3009/3009 3010/3010
f 3011/3011 1532/1532 916/916
f 1495/1495 1733/1733 1496/1496
f 3012/3012 3013/3013 3014/3014
f 1397/1397 1400/1400 3015/3015
f 1425/1425 2251/2251 1426/1426
f 1429/1429 2602/2602 3016/3016
f 3017/3017 1788/1788 1790/1790
f 3018/3018 3019/3019 1313/1313
f 3020/3020 991/991 990/990
f 704/704 706/706 3021/3021
f 3022/3022 3023/3023 3024/3024
f 773/773 3022/3022 3024/3024
f 1445/1445 2168/2168 3025/3025
f 1445/1445 3026/3026 3027/3027
f 652/652 3028/3028 3029/3029
f 3030/3030 2856/2856 2978/2978
f 3031/3031 3032/3032 3033/3033
f 3034/3034 3035/3035 2545/2545
f 3036/3036 3037/3037 1092/1092
f 3037/3037 3036/3036 540/540
f 563/563 1739/1739 3038/3038
f 2429/2429 3039/3039 2428/2428
f 3040/3040 3041/3041 3042/3042
f 3043/3043 3044/3044 3045/3045
f 3046/3046 2786/2786 3047/3047
f 188/188 3048/3048 3049/3049
f 3050/3050 743/743 742/742
f 3051/3051 3052/3052 3053/3053
f 3054/3054 3055/3055 1190/1190
f 3056/3056 3054/3054 3057/3057
f 502/502 501/501 906/906
f 3058/3058 2927/2927 498/498
f 3059/3059 2121/2121 3060/3060
f 2121/2121 3061/3061 2971/2971
f 3062/3062 352/352 354/354
f 786/786 3063/3063 3064/3064
f 3065/3065 823/823 3066/3066
f 852/852 3066/3066 823/823
f 3067/3067 2230/2230 2851/2851
f 3068/3068 3069/3069 3070/3070
f 2279/2279 3071/3071 3072/3072
f 3072/3072 8/8 10/10
f 2589/2589 3073/3073 3074/3074
f 2589/2589 3075/3075 3073/3073
f 2549/2549 435/435 434/434
f 317/317 3076/3076 318/318
f 3077/3077 1746/1746 3078/3078
f 1397/1397 1399/1399 3077/3077
f 3079/3079 707/707 3080/3080
f 3081/3081 3082/3082 2912/2912
f 1941/1941 3083/3083 1942/1942
f 3084/3084 393/393 3085/3085
f 3086/3086 1907/1907 3087/3087
f 3087/3087 1907/1907 1909/1909
f 1973/1973 1309/1309 3088/3088
f 3089/3089 3090/3090 3091/3091
f 3092/3092 790/790 789/789
f 3093/3093 1092/1092 3094/3094
f 2055/2055 570/570 3095/3095
f 570/570 1191/1191 3095/3095
f 95/95 2311/2311 96/96
f 946/946 2311/2311 236/236
f 1236/1236 1235/1235 3096/3096
f 2374/2374 3097/3097 1235/1235
f 2988/2988 800/800 3098/3098
f 2990/2990 3099/3099 2991/2991
f 3100/3100 3101/3101 3102/3102
f 3103/3103 3104/3104 3105/3105
f 2357/2357 3106/3106 2355/2355
f 1464/1464 2072/2072 1462/1462
f 402/402 401/401 3107/3107
f 3108/3108 3109/3109 3110/3110
f 1851/1851 1238/1238 1852/1852
f 3111/3111 3112/3112 3113/3113
f 639/639 3114/3114 3115/3115
f 2440/2440 1631/1631 1068/1068
f 3116/3116 3117/3117 783/783
f 1240/1240 2383/2383 2381/2381
f 3118/3118 209/209 211/211
f 222/222 3119/3119 220/220
f 3120/3120 3121/3121 2667/2667
f 3122/3122 2558/2558 764/764
f 1549/1549 1548/1548 3123/3123
f 3123/3123 3124/3124 1549/1549
f 3125/3125 1136/1136 3126/3126
f 3127/3127 3128/3128 3129/3129
f 3130/3130 3131/3131 294/294
f 3131/3131 2772/2772 2771/2771
f 2021/2021 2022/2022 3132/3132
f 3133/3133 3134/3134 3135/3135
f 3136/3136 3137/3137 3138/3138
f 3139/3139 3140/3140 3141/3141
f 3089/3089 3091/3091 3142/3142
f 3143/3143 3144/3144 3145/3145
f 200/200 2157/2157 2156/2156
f 201/201 200/200 3146/3146
f 3147/3147 1040/1040 3148/3148
f 1990/1990 1992/1992 3149/3149
f 1454/1454 3100/3100 3102/3102
f 3150/3150 3151/3151 2923/2923
f 3152/3152 3153/3153 3154/3154
f 3155/3155 3156/3156 3157/3157
f 3158/3158 3159/3159 3160/3160
f 3161/3161 3162/3162 3163/3163
f 3164/3164 3165/3165 3166/3166
f 3165/3165 3167/3167 3168/3168
f 258/258 3169/3169 256/256
f 3170/3170 3110/3110 3109/3109
f 3171/3171 3172/3172 3173/3173
f 1073/1073 3174/3174 3175/3175
f 979/979 3107/3107 401/401
f 368/368 3176/3176 369/369
f 874/874 3177/3177 875/875
f 3178/3178 3179/3179 1491/1491
f 3180/3180 2166/2166 2025/2025
f 2408/2408 3181/3181 2406/2406
f 3182/3182 2004/2004 2003/2003
f 3183/3183 3184/3184 3185/3185
f 2078/2078 2135/2135 2077/2077
f 98/98 195/195 1550/1550
f 1704/1704 1701/1701 3186/3186
f 3187/3187 1701/1701 3188/3188
f 3189/3189 3190/3190 3191/3191
f 3192/3192 3193/3193 3189/3189
f 3194/3194 2709/2709 2711/2711
f 3195/3195 2916/2916 2915/2915
f 3196/3196 3197/3197 92/92
f 3198/3198 2507/2507 92/92
f 1576/1576 2785/2785 2784/2784
f 3199/3199 3200/3200 1850/1850
f 3201/3201 3202/3202 3203/3203
f 848/848 847/847 3202/3202
f 2537/2537 3204/3204 3205/3205
f 3206/3206 3207/3207 3204/3204
f 621/621 3208/3208 3209/3209
f 3210/3210 2841/2841 1985/1985
f 2373/2373 2372/2372 3211/3211
f 3212/3212 3213/3213 3214/3214
f 1771/1771 2477/2477 1772/1772
f 3215/3215 448/448 3216/3216
f 1917/1917 3217/3217 2762/2762
f 3218/3218 3219/3219 2727/2727
f 1390/1390 1389/1389 3220/3220
f 3221/3221 800/800 2988/2988
f 3222/3222 3223/3223 3224/3224
f 1929/1929 3222/3222 3225/3225
f 2691/2691 1204/1204 3226/3226
f 2591/2591 3227/3227 3228/3228
f 3229/3229 320/320 319/319
f 3229/3229 3230/3230 320/320
f 1524/1524 890/890 889/889
f 3231/3231 1/1 3/3
f 3232/3232 1120/1120 1473/1473
f 2223/2223 3233/3233 2224/2224
f 2560/2560 1278/1278 3234/3234
f 2398/2398 2665/2665 2664/2664
f 1085/1085 466/466 465/465
f 1515/1515 3235/3235 3236/3236
f 576/576 3237/3237 3238/3238
f 3239/3239 3240/3240 3241/3241
f 3242/3242 2970/2970 2969/2969
f 2840/2840 3242/3242 2660/2660
f 522/522 128/128 523/523
f 3243/3243 35/35 34/34
f 3244/3244 3245/3245 3246/3246
f 3247/3247 3246/3246 3248/3248
f 2508/2508 3249/3249 3250/3250
f 3251/3251 3023/3023 3252/3252
f 643/643 2275/2275 2277/2277
f 874/874 3179/3179 3253/3253
f 2734/2734 2732/2732 3254/3254
f 1884/1884 1886/1886 2396/2396
f 2162/2162 3255/3255 2163/2163
f 2044/2044 2043/2043 2162/2162
f 742/742 744/744 2751/2751
f 2084/2084 742/742 2751/2751
f 3256/3256 3257/3257 3258/3258
f 510/510 3259/3259 3260/3260
f 345/345 344/344 232/232
f 3261/3261 3175/3175 3262/3262
f 3263/3263 3173/3173 3264/3264
f 3265/3265 3266/3266 3267/3267
f 2091/2091 3265/3265 3268/3268
f 2621/2621 2623/2623 3269/3269
f 1005/1005 3270/3270 1006/1006
f 178/178 1846/1846 3271/3271
f 3272/3272 3018/3018 1313/1313
f 1964/1964 3273/3273 1965/1965
f 3116/3116 783/783 3273/3273
f 3274/3274 3275/3275 3276/3276
f 3277/3277 3278/3278 3279/3279
f 3280/3280 3281/3281 3282/3282
f 188/188 190/190 3048/3048
f 2034/2034 2035/2035 715/715
f 2035/2035 3283/3283 3284/3284
f 2321/2321 3285/3285 795/795
f 3286/3286 3287/3287 3288/3288
f 481/481 3289/3289 479/479
f 364/364 3290/3290 3291/3291
f 3292/3292 3293/3293 3125/3125
f 608/608 607/607 144/144
f 565/565 3294/3294 3295/3295
f 3296/3296 3089/3089 3142/3142
f 1140/1140 1142/1142 3297/3297
f 2730/2730 1056/1056 3297/3297
f 3052/3052 3298/3298 3053/3053
f 3299/3299 2583/2583 2436/2436
f 722/722 3300/3300 3301/3301
f 2625/2625 3302/3302 2626/2626
f 3303/3303 3304/3304 3305/3305
f 3164/3164 3166/3166 3306/3306
f 507/507 2638/2638 3307/3307
f 3308/3308 3309/3309 3310/3310
f 3015/3015 1400/1400 3311/3311
f 3015/3015 3312/3312 3313/3313
f 3314/3314 654/654 2211/2211
f 2212/2212 2211/2211 654/654
f 3315/3315 3316/3316 3317/3317
f 1695/1695 3318/3318 3319/3319
f 2019/2019 3320/3320 3321/3321
f 3322/3322 3323/3323 3324/3324
f 668/668 3325/3325 669/669
f 3326/3326 3327/3327 3328/3328
f 3329/3329 3330/3330 3331/3331
f 3332/3332 1770/1770 1337/1337
f 3333/3333 2420/2420 2688/2688
f 633/633 410/410 3334/3334
f 2805/2805 3335/3335 2806/2806
f 3101/3101 3105/3105 3104/3104
f 731/731 730/730 3336/3336
f 3155/3155 3336/3336 3156/3156
f 3337/3337 3338/3338 1994/1994
f 2641/2641 1995/1995 2642/2642
f 3339/3339 3340/3340 1007/1007
f 1005/1005 3341/3341 3270/3270
f 3342/3342 3194/3194 2711/2711
f 3343/3343 3344/3344 3345/3345
f 2137/2137 3346/3346 2138/2138
f 3347/3347 2142/2142 3348/3348
f 3349/3349 1605/1605 3350/3350
f 2968/2968 1035/1035 3351/3351
f 3352/3352 3353/3353 2496/2496
f 424/424 3185/3185 3354/3354
f 2556/2556 3286/3286 3288/3288
f 3355/3355 2816/2816 2556/2556
f 1297/1297 3141/3141 3140/3140
f 2128/2128 2127/2127 3356/3356
f 1050/1050 1052/1052 3121/3121
f 3357/3357 2556/2556 2558/2558
f 2027/2027 2024/2024 2026/2026
f 3358/3358 266/266 3359/3359
f 3360/3360 3361/3361 3362/3362
f 1326/1326 3363/3363 3364/3364
f 1749/1749 3365/3365 1750/1750
f 150/150 3366/3366 1431/1431
f 1287/1287 3367/3367 3368/3368
f 3369/3369 3367/3367 3370/3370
f 3371/3371 3372/3372 3373/3373
f 3374/3374 3375/3375 3279/3279
f 1863/1863 3376/3376 3377/3377
f 613/613 3376/3376 2313/2313
f 100/100 136/136 3378/3378
f 3126/3126 1136/1136 1135/1135
f 3379/3379 3380/3380 3381/3381
f 2976/2976 3382/3382 2977/2977
f 895/895 897/897 3383/3383
f 3384/3384 3385/3385 3386/3386
f 1641/1641 1640/1640 3387/3387
f 1774/1774 841/841 1775/1775
f 600/600 599/599 3388/3388
f 3389/3389 3390/3390 3391/3391
f 1912/1912 2486/2486 2559/2559
f 2486/2486 2010/2010 2009/2009
f 3213/3213 3392/3392 3214/3214
f 3393/3393 3394/3394 3395/3395
f 3328/3328 3327/3327 604/604
f 1012/1012 3396/3396 1935/1935
f 3397/3397 3398/3398 3399/3399
f 3400/3400 3401/3401 3398/3398
f 3402/3402 3403/3403 1420/1420
f 3402/3402 2067/2067 2070/2070
f 457/457 1189/1189 3404/3404
f 3405/3405 3406/3406 3057/3057
f 3407/3407 3408/3408 3347/3347
f 3409/3409 3410/3410 3411/3411
f 3412/3412 429/429 260/260
f 3413/3413 2297/2297 2296/2296
f 3414/3414 3415/3415 3416/3416
f 2576/2576 3417/3417 2577/2577
f 3418/3418 477/477 3419/3419
f 3420/3420 3421/3421 3281/3281
f 3141/3141 1297/1297 3422/3422
f 3423/3423 3424/3424 3425/3425
f 3426/3426 3427/3427 3428/3428
f 1728/1728 3429/3429 3430/3430
f 2832/2832 3431/3431 3432/3432
f 2880/2880 2886/2886 2878/2878
f 1527/1527 1530/1530 2117/2117
f 2117/2117 754/754 753/753
f 3433/3433 3434/3434 3435/3435
f 3436/3436 2176/2176 1241/1241
f 11/11 3437/3437 3438/3438
f 3439/3439 3440/3440 3438/3438
f 3424/3424 3423/3423 335/335
f 1210/1210 335/335 1254/1254
f 2513/2513 1241/1241 1240/1240
f 2513/2513 3436/3436 1241/1241
f 1802/1802 1804/1804 3441/3441
f 3442/3442 3443/3443 1856/1856
f 3444/3444 2549/2549 434/434
f 214/214 2549/2549 3444/3444
f 794/794 3445/3445 3446/3446
f 3445/3445 3286/3286 2556/2556
f 1934/1934 1792/1792 994/994
f 1792/1792 3447/3447 3448/3448
f 2564/2564 1062/1062 2565/2565
f 3409/3409 3411/3411 3449/3449
f 2616/2616 3450/3450 3451/3451
f 3450/3450 2676/2676 2678/2678
f 3452/3452 1426/1426 2252/2252
f 1272/1272 3453/3453 2266/2266
f 3454/3454 3455/3455 2660/2660
f 3242/3242 2969/2969 2660/2660
f 2151/2151 2150/2150 3456/3456
f 1705/1705 1704/1704 3186/3186
f 3457/3457 3458/3458 3459/3459
f 3460/3460 3457/3457 3461/3461
f 2335/2335 3462/3462 3463/3463
f 1364/1364 1363/1363 3464/3464
f 246/246 248/248 3465/3465
f 1613/1613 1615/1615 3465/3465
f 2070/2070 3466/3466 1368/1368
f 3005/3005 670/670 669/669
f 3467/3467 2037/2037 3468/3468
f 1002/1002 3469/3469 1003/1003
f 2245/2245 3470/3470 2246/2246
f 3471/3471 3472/3472 1122/1122
f 2539/2539 3473/3473 2540/2540
f 3474/3474 3475/3475 3335/3335
f 1386/1386 2119/2119 2118/2118
f 3476/3476 801/801 3477/3477
f 479/479 3289/3289 3478/3478
f 3479/3479 3478/3478 3289/3289
f 3480/3480 3481/3481 3482/3482
f 369/369 3176/3176 3483/3483
f 1931/1931 1405/1405 3484/3484
f 3485/3485 1931/1931 3486/3486
f 3487/3487 3488/3488 3489/3489
f 3490/3490 3491/3491 3487/3487
f 3492/3492 3493/3493 1638/1638
f 3404/3404 3494/3494 457/457
f 3495/3495 3496/3496 322/322
f 3497/3497 2519/2519 1355/1355
f 3498/3498 3499/3499 3500/3500
f 2097/2097 3501/3501 2095/2095
f 3502/3502 3503/3503 3504/3504
f 3505/3505 3506/3506 3507/3507
f 3274/3274 3508/3508 3275/3275
f 3509/3509 3510/3510 3511/3511
f 3512/3512 2131/2131 3513/3513
f 3514/3514 3512/3512 3515/3515
f 625/625 3516/3516 626/626
f 3517/3517 3518/3518 2302/2302
f 1208/1208 1206/1206 3519/3519
f 3520/3520 1010/1010 893/893
f 1440/1440 1065/1065 739/739
f 1442/1442 3128/3128 3127/3127
f 3521/3521 2438/2438 2092/2092
f 3522/3522 3523/3523 2092/2092
f 3524/3524 3525/3525 3526/3526
f 2986/2986 2985/2985 1117/1117
f 3527/3527 3469/3469 3528/3528
f 3529/3529 3527/3527 3530/3530
f 3531/3531 3532/3532 3533/3533
f 3534/3534 3535/3535 3536/3536
f 1682/1682 145/145 3537/3537
f 3538/3538 1667/1667 1669/1669
f 1361/1361 3539/3539 1362/1362
f 153/153 3540/3540 154/154
f 3541/3541 2008/2008 2009/2009
f 3542/3542 1997/1997 2643/2643
f 2756/2756 1267/1267 3543/3543
f 3544/3544 3545/3545 3546/3546
f 3547/3547 3548/3548 3549/3549
f 3550/3550 3551/3551 3552/3552
f 3553/3553 3554/3554 3555/3555
f 3556/3556 1880/1880 1879/1879
f 2521/2521 2695/2695 2694/2694
f 421/421 3557/3557 3558/3558
f 3559/3559 3560/3560 3561/3561
f 2943/2943 1618/1618 1617/1617
f 808/808 810/810 3562/3562
f 361/361 363/363 3563/3563
f 1287/1287 1335/1335 1288/1288
f 1285/1285 3564/3564 1286/1286
f 3565/3565 913/913 2595/2595
f 913/913 3565/3565 3566/3566
f 3567/3567 1143/1143 3568/3568
f 2383/2383 2382/2382 3569/3569
f 2746/2746 3570/3570 718/718
f 2742/2742 3571/3571 3459/3459
f 3572/3572 3573/3573 2507/2507
f 3574/3574 2245/2245 2244/2244
f 3575/3575 2412/2412 1315/1315
f 491/491 983/983 3575/3575
f 3510/3510 2094/2094 3511/3511
f 3523/3523 3522/3522 3576/3576
f 3577/3577 3578/3578 3579/3579
f 2413/2413 1469/1469 1468/1468
f 2727/2727 2443/2443 3580/3580
f 2443/2443 3581/3581 3580/3580
f 1051/1051 1050/1050 3261/3261
f 2667/2667 3261/3261 3120/3120
f 168/168 167/167 3495/3495
f 1872/1872 2442/2442 1873/1873
f 3447/3447 3582/3582 3448/3448
f 2108/2108 3582/3582 1791/1791
f 3583/3583 3584/3584 3585/3585
f 3583/3583 3586/3586 3584/3584
f 3283/3283 713/713 3284/3284
f 2086/2086 3587/3587 3588/3588
f 654/654 3314/3314 505/505
f 505/505 504/504 654/654
f 3589/3589 3590/3590 3491/3491
f 1664/1664 3591/3591 3592/3592
f 1231/1231 476/476 478/478
f 3593/3593 2288/2288 3594/3594
f 3595/3595 3596/3596 3597/3597
f 3598/3598 1346/1346 3599/3599
f 469/469 267/267 470/470
f 3600/3600 2975/2975 3601/3601
f 3602/3602 3603/3603 3604/3604
f 2403/2403 2345/2345 793/793
f 3605/3605 2273/2273 3606/3606
f 3607/3607 2276/2276 3608/3608
f 3609/3609 3610/3610 3611/3611
f 3612/3612 3609/3609 982/982
f 1946/1946 1012/1012 3613/3613
f 3614/3614 1650/1650 3615/3615
f 257/257 3616/3616 3617/3617
f 982/982 3609/3609 3618/3618
f 3619/3619 67/67 142/142
f 2955/2955 3620/3620 2956/2956
f 3137/3137 1115/1115 3621/3621
f 3140/3140 3139/3139 3622/3622
f 3103/3103 3105/3105 559/559
f 110/110 3623/3623 561/561
f 3624/3624 1099/1099 3625/3625
f 3578/3578 3626/3626 3627/3627
f 3137/3137 3621/3621 3139/3139
f 3138/3138 3137/3137 3139/3139
f 3628/3628 2558/2558 2557/2557
f 535/535 534/534 3629/3629
f 892/892 896/896 893/893
f 3630/3630 3520/3520 3631/3631
f 830/830 3632/3632 2017/2017
f 441/441 3633/3633 3634/3634
f 3635/3635 3636/3636 914/914
f 1020/1020 112/112 3636/3636
f 228/228 230/230 1525/1525
f 2152/2152 3637/3637 3638/3638
f 1226/1226 3639/3639 276/276
f 3640/3640 3588/3588 3587/3587
f 3000/3000 3017/3017 1790/1790
f 1314/1314 3641/3641 3642/3642
f 2879/2879 3643/3643 2880/2880
f 3644/3644 3645/3645 3646/3646
f 3647/3647 1348/1348 3648/3648
f 1347/1347 3648/3648 1348/1348
f 376/376 378/378 2123/2123
f 3649/3649 376/376 2123/2123
f 969/969 970/970 972/972
f 970/970 3650/3650 1538/1538
f 3651/3651 136/136 3652/3652
f 3653/3653 3654/3654 3655/3655
f 3292/3292 3656/3656 3293/3293
f 3657/3657 1809/1809 1808/1808
f 2600/2600 3658/3658 2601/2601
f 3659/3659 2686/2686 1316/1316
f 496/496 3660/3660 222/222
f 1239/1239 3661/3661 3662/3662
f 286/286 285/285 3663/3663
f 3204/3204 3664/3664 3205/3205
f 3665/3665 3620/3620 2955/2955
f 3665/3665 2955/2955 3666/3666
f 170/170 543/543 3667/3667
f 902/902 2669/2669 3668/3668
f 480/480 3669/3669 3670/3670
f 433/433 432/432 3671/3671
f 3349/3349 3672/3672 3673/3673
f 3674/3674 3673/3673 3675/3675
f 3676/3676 3677/3677 2216/2216
f 3678/3678 1371/1371 1372/1372
f 3679/3679 3680/3680 409/409
f 2922/2922 2924/2924 3681/3681
f 2907/2907 748/748 2908/2908
f 875/875 3682/3682 876/876
f 2690/2690 2691/2691 3226/3226
f 3228/3228 3542/3542 2643/2643
f 1266/1266 3683/3683 3545/3545
f 1266/1266 3545/3545 3544/3544
f 2563/2563 1894/1894 1893/1893
f 1895/1895 3684/3684 1896/1896
f 1202/1202 1195/1195 3685/3685
f 3686/3686 1195/1195 1202/1202
f 3687/3687 2748/2748 2747/2747
f 3688/3688 1501/1501 3689/3689
f 2341/2341 3690/3690 2342/2342
f 1919/1919 711/711 710/710
f 2065/2065 2821/2821 3691/3691
f 170/170 2846/2846 1025/1025
f 3692/3692 287/287 1574/1574
f 2049/2049 2045/2045 3692/3692
f 2768/2768 2770/2770 3693/3693
f 911/911 913/913 3694/3694
f 3695/3695 993/993 2764/2764
f 2947/2947 2725/2725 2761/2761
f 3696/3696 2638/2638 1088/1088
f 3697/3697 1696/1696 1089/1089
f 178/178 1465/1465 1315/1315
f 2413/2413 2415/2415 1469/1469
f 684/684 3698/3698 685/685
f 2652/2652 3699/3699 3698/3698
f 1156/1156 3700/3700 3701/3701
f 3700/3700 1156/1156 1155/1155
f 408/408 3679/3679 409/409
f 2537/2537 3702/3702 3204/3204
f 2609/2609 1737/1737 588/588
f 724/724 2702/2702 3703/3703
f 3034/3034 3294/3294 3035/3035
f 2544/2544 3145/3145 3144/3144
f 3704/3704 1234/1234 3705/3705
f 3367/3367 462/462 3370/3370
f 2559/2559 1910/1910 1912/1912
f 3706/3706 3707/3707 3708/3708
f 3709/3709 837/837 2402/2402
f 3709/3709 2283/2283 837/837
f 3710/3710 3323/3323 3322/3322
f 3711/3711 1412/1412 2350/2350
f 3712/3712 3713/3713 1111/1111
f 772/772 771/771 3714/3714
f 3715/3715 1650/1650 3716/3716
f 3717/3717 3718/3718 3715/3715
f 1324/1324 2189/2189 2188/2188
f 3043/3043 3045/3045 2191/2191
f 3719/3719 3720/3720 771/771
f 771/771 3721/3721 3714/3714
f 3722/3722 358/358 360/360
f 3190/3190 3723/3723 3191/3191
f 2431/2431 3724/3724 111/111
f 3038/3038 1739/1739 3039/3039
f 2278/2278 2073/2073 2075/2075
f 3725/3725 2279/2279 2278/2278
f 3726/3726 3727/3727 3728/3728
f 3332/3332 3727/3727 3331/3331
f 1122/1122 1124/1124 3471/3471
f 3471/3471 1124/1124 3729/3729
f 1332/1332 2787/2787 1333/1333
f 1801/1801 1800/1800 3730/3730
f 3731/3731 1779/1779 1781/1781
f 3732/3732 3733/3733 663/663
f 855/855 3734/3734 3735/3735
f 3736/3736 3737/3737 3735/3735
f 932/932 1587/1587 1588/1588
f 3738/3738 3693/3693 3739/3739
f 3740/3740 210/210 3741/3741
f 62/62 3742/3742 63/63
f 1794/1794 3743/3743 2108/2108
f 3744/3744 3582/3582 3745/3745
f 3746/3746 3619/3619 142/142
f 776/776 3746/3746 3747/3747
f 2629/2629 999/999 2627/2627
f 3559/3559 3561/3561 3748/3748
f 3749/3749 657/657 3750/3750
f 3751/3751 3752/3752 3753/3753
f 3545/3545 3754/3754 3546/3546
f 1264/1264 1263/1263 3754/3754
f 3755/3755 3756/3756 2465/2465
f 583/583 3757/3757 584/584
f 3758/3758 3759/3759 237/237
f 1415/1415 1414/1414 3760/3760
f 3761/3761 1221/1221 2213/2213
f 2980/2980 3762/3762 1221/1221
f 2409/2409 3763/3763 2406/2406
f 448/448 447/447 3498/3498
f 3695/3695 2764/2764 3764/3764
f 3765/3765 3766/3766 3767/3767
f 3653/3653 134/134 133/133
f 3768/3768 3769/3769 2294/2294
f 3770/3770 3771/3771 102/102
f 3772/3772 2233/2233 3773/3773
f 80/80 3774/3774 81/81
f 1704/1704 1703/1703 3775/3775
f 3776/3776 2047/2047 2046/2046
f 3777/3777 3778/3778 3779/3779
f 3780/3780 1683/1683 2789/2789
f 2791/2791 3780/3780 2789/2789
f 531/531 3781/3781 3782/3782
f 3783/3783 3689/3689 1501/1501
f 2895/2895 2897/2897 2893/2893
f 2892/2892 2895/2895 2893/2893
f 3784/3784 3785/3785 2396/2396
f 3784/3784 2396/2396 1886/1886
f 601/601 603/603 3786/3786
f 1945/1945 721/721 720/720
f 1645/1645 39/39 41/41
f 3787/3787 9/9 2730/2730
f 3788/3788 3140/3140 2128/2128
f 3514/3514 3515/3515 910/910
f 2918/2918 2249/2249 2248/2248
f 2918/2918 2848/2848 2249/2249
f 2569/2569 2566/2566 179/179
f 2564/2564 2566/2566 2569/2569
f 632/632 3789/3789 3790/3790
f 219/219 218/218 3791/3791
f 3031/3031 3033/3033 567/567
f 1748/1748 3792/3792 1751/1751
f 1693/1693 3793/3793 3794/3794
f 2909/2909 3795/3795 3796/3796
f 3797/3797 3798/3798 1719/1719
f 3799/3799 3466/3466 3797/3797
f 2293/2293 3768/3768 2294/2294
f 3800/3800 3801/3801 3802/3802
f 118/118 3803/3803 119/119
f 3803/3803 966/966 2863/2863
f 233/233 1624/1624 231/231
f 231/231 1624/1624 2929/2929
f 3804/3804 3805/3805 3806/3806
f 3805/3805 1959/1959 1958/1958
f 3807/3807 3808/3808 397/397
f 3691/3691 2823/2823 2065/2065
f 1720/1720 3809/3809 3810/3810
f 665/665 1720/1720 3811/3811
f 3812/3812 214/214 216/216
f 3812/3812 2548/2548 214/214
f 3813/3813 2530/2530 3814/3814
f 3815/3815 524/524 3816/3816
f 3390/3390 3817/3817 3391/3391
f 1009/1009 1008/1008 3818/3818
f 3819/3819 621/621 3820/3820
f 621/621 3209/3209 3820/3820
f 3821/3821 3822/3822 118/118
f 3823/3823 3824/3824 3825/3825
f 1745/1745 3826/3826 3201/3201
f 2262/2262 2261/2261 3827/3827
f 3828/3828 3829/3829 1241/1241
f 1241/1241 1244/1244 1242/1242
f 683/683 3830/3830 3831/3831
f 3832/3832 3833/3833 3831/3831
f 1210/1210 3834/3834 1131/1131
f 2261/2261 3834/3834 3827/3827
f 3835/3835 2145/2145 1671/1671
f 3836/3836 2145/2145 3835/3835
f 261/261 260/260 429/429
f 1382/1382 1384/1384 1379/1379
f 2925/2925 2533/2533 2535/2535
f 3837/3837 3838/3838 3839/3839
f 3840/3840 3047/3047 188/188
f 3841/3841 3840/3840 3842/3842
f 3843/3843 394/394 3844/3844
f 3845/3845 3846/3846 3847/3847
f 3848/3848 2671/2671 2672/2672
f 463/463 3849/3849 461/461
f 2450/2450 2705/2705 3073/3073
f 2957/2957 2450/2450 3073/3073
f 3850/3850 3851/3851 3852/3852
f 3400/3400 3850/3850 3401/3401
f 1128/1128 3853/3853 3854/3854
f 3078/3078 3201/3201 3077/3077
f 3343/3343 2916/2916 3344/3344
f 584/584 2462/2462 586/586
f 3855/3855 995/995 3856/3856
f 2167/2167 3857/3857 3856/3856
f 3858/3858 2000/2000 1999/1999
f 3858/3858 1425/1425 3859/3859
f 3860/3860 3655/3655 3654/3654
f 3860/3860 947/947 79/79
f 339/339 338/338 2839/2839
f 3861/3861 3862/3862 3863/3863
f 67/67 778/778 239/239
f 65/65 67/67 239/239
f 3864/3864 3865/3865 2967/2967
f 2658/2658 2660/2660 3455/3455
f 2678/2678 3866/3866 3867/3867
f 656/656 3751/3751 3753/3753
f 837/837 2283/2283 1180/1180
f 2283/2283 3868/3868 3869/3869
f 3870/3870 1157/1157 1156/1156
f 1157/1157 3871/3871 3872/3872
f 1894/1894 2562/2562 3873/3873
f 3874/3874 1217/1217 3875/3875
f 695/695 697/697 3876/3876
f 3876/3876 3877/3877 695/695
f 9/9 3878/3878 2730/2730
f 3879/3879 3878/3878 9/9
f 276/276 275/275 2589/2589
f 2589/2589 2588/2588 276/276
f 1881/1881 518/518 3880/3880
f 2347/2347 2058/2058 2348/2348
f 2155/2155 2157/2157 3881/3881
f 158/158 160/160 3882/3882
f 3492/3492 3404/3404 3883/3883
f 570/570 569/569 1191/1191
f 3884/3884 3885/3885 3886/3886
f 3887/3887 3888/3888 3884/3884
f 3395/3395 1636/1636 3889/3889
f 3394/3394 3890/3890 3395/3395
f 1611/1611 1610/1610 2720/2720
f 2720/2720 2719/2719 3891/3891
f 257/257 3892/3892 3616/3616
f 3893/3893 3892/3892 257/257
f 3894/3894 354/354 3895/3895
f 3896/3896 787/787 3894/3894
f 1498/1498 1477/1477 3897/3897
f 657/657 1498/1498 3897/3897
f 3223/3223 594/594 593/593
f 201/201 3146/3146 3898/3898
f 3831/3831 3899/3899 3832/3832
f 3900/3900 3901/3901 3832/3832
f 83/83 3902/3902 3903/3903
f 83/83 1960/1960 3902/3902
f 232/232 344/344 3309/3309
f 719/719 3904/3904 720/720
f 3905/3905 811/811 813/813
f 2169/2169 3906/3906 3907/3907
f 3908/3908 1990/1990 1988/1988
f 3548/3548 2064/2064 3549/3549
f 1512/1512 3909/3909 2718/2718
f 1510/1510 1512/1512 2718/2718
f 3910/3910 3037/3037 3911/3911
f 1008/1008 3912/3912 3913/3913
f 617/617 400/400 399/399
f 3039/3039 400/400 2428/2428
f 2557/2557 3914/3914 3628/3628
f 3914/3914 3915/3915 1822/1822
f 2932/2932 3916/3916 2933/2933
f 596/596 595/595 3917/3917
f 982/982 981/981 3918/3918
f 3918/3918 981/981 3919/3919
f 3920/3920 3921/3921 339/339
f 3922/3922 3348/3348 124/124
f 2359/2359 2358/2358 3923/3923
f 735/735 2159/2159 3923/3923
f 1657/1657 3894/3894 1656/1656
f 1656/1656 3924/3924 2570/2570
f 3925/3925 107/107 3926/3926
f 3717/3717 3926/3926 3718/3718
f 2812/2812 35/35 3927/3927
f 35/35 3243/3243 3928/3928
f 3929/3929 593/593 592/592
f 2760/2760 1539/1539 3930/3930
f 483/483 482/482 3931/3931
f 3839/3839 2923/2923 3151/3151
f 2306/2306 3932/3932 2307/2307
f 1889/1889 3933/3933 3934/3934
f 1010/1010 3935/3935 3936/3936
f 2690/2690 3937/3937 2691/2691
f 2563/2563 3938/3938 2562/2562
f 206/206 3939/3939 207/207
f 3940/3940 663/663 3733/3733
f 39/39 1646/1646 3941/3941
f 32/32 308/308 307/307
f 2361/2361 2362/2362 1463/1463
f 814/814 816/816 3942/3942
f 816/816 1328/1328 998/998
f 1698/1698 1697/1697 3943/3943
f 1600/1600 1091/1091 1090/1090
f 3944/3944 1802/1802 3441/3441
f 3945/3945 3245/3245 3244/3244
f 1591/1591 3248/3248 1592/1592
f 3245/3245 1768/1768 1767/1767
f 3382/3382 3946/3946 3947/3947
f 3948/3948 597/597 596/596
f 1890/1890 3949/3949 3950/3950
f 3934/3934 1890/1890 1889/1889
f 3951/3951 2151/2151 3456/3456
f 1592/1592 1766/1766 1764/1764
f 3406/3406 3952/3952 699/699
f 700/700 699/699 1139/1139
f 3953/3953 3954/3954 3955/3955
f 1923/1923 3956/3956 573/573
f 3957/3957 827/827 826/826
f 3958/3958 3959/3959 3065/3065
f 3960/3960 3961/3961 3962/3962
f 3963/3963 838/838 1225/1225
f 1866/1866 482/482 484/484
f 819/819 1660/1660 2425/2425
f 3964/3964 3965/3965 3966/3966
f 3960/3960 3967/3967 3961/3961
f 3747/3747 3746/3746 3666/3666
f 1457/1457 38/38 3968/3968
f 2008/2008 3969/3969 3970/3970
f 2008/2008 3541/3541 3969/3969
f 3971/3971 2803/2803 553/553
f 553/553 2803/2803 554/554
f 2234/2234 3972/3972 688/688
f 3973/3973 1332/1332 3972/3972
f 3711/3711 3595/3595 3974/3974
f 3974/3974 3595/3595 3597/3597
f 3975/3975 3785/3785 3784/3784
f 3784/3784 3976/3976 3975/3975
f 3977/3977 3917/3917 3978/3978
f 3979/3979 3977/3977 3978/3978
f 3900/3900 3832/3832 3899/3899
f 3900/3900 3980/3980 3981/3981
f 3439/3439 403/403 3982/3982
f 2703/2703 726/726 3983/3983
f 3984/3984 3985/3985 693/693
f 3986/3986 1418/1418 1420/1420
f 3484/3484 1932/1932 1931/1931
f 1932/1932 3484/3484 2992/2992
f 3987/3987 987/987 986/986
f 1036/1036 1038/1038 3988/3988
f 3989/3989 178/178 177/177
f 3989/3989 1846/1846 178/178
f 3990/3990 3991/3991 986/986
f 3757/3757 3992/3992 3993/3993
f 3985/3985 3994/3994 693/693
f 1423/1423 1422/1422 3995/3995
f 2330/2330 2329/2329 2724/2724
f 3996/3996 3997/3997 3998/3998
f 1074/1074 2728/2728 1075/1075
f 3999/3999 3174/3174 3171/3171
f 4000/4000 4001/4001 3202/3202
f 4002/4002 3012/3012 4003/4003
f 3552/3552 4004/4004 4005/4005
f 4006/4006 4007/4007 4008/4008
f 4009/4009 574/574 2729/2729
f 1604/1604 1070/1070 1072/1072
f 648/648 3027/3027 3026/3026
f 4010/4010 3685/3685 1195/1195
f 3774/3774 80/80 4011/4011
f 3441/3441 1804/1804 1769/1769
f 4012/4012 4013/4013 4014/4014
f 240/240 242/242 1305/1305
f 4015/4015 3598/3598 3599/3599
f 4016/4016 4015/4015 3599/3599
f 4017/4017 4018/4018 4003/4003
f 4019/4019 4017/4017 4003/4003
f 4020/4020 4021/4021 3193/3193
f 2936/2936 3193/3193 3192/3192
f 3866/3866 4022/4022 3867/3867
f 4023/4023 4024/4024 4025/4025
f 4026/4026 4027/4027 2882/2882
f 2998/2998 1441/1441 4027/4027
f 149/149 4028/4028 2647/2647
f 3812/3812 216/216 4029/4029
f 2604/2604 4030/4030 2605/2605
f 4031/4031 4032/4032 4033/4033
f 1558/1558 2608/2608 4034/4034
f 703/703 702/702 4035/4035
f 788/788 1330/1330 789/789
f 2454/2454 4020/4020 1330/1330
f 1396/1396 2536/2536 1394/1394
f 4036/4036 1392/1392 2207/2207
f 1830/1830 1832/1832 4037/4037
f 1614/1614 4038/4038 1615/1615
f 4039/4039 4040/4040 3264/3264
f 3264/3264 4040/4040 4041/4041
f 2779/2779 2096/2096 2776/2776
f 3050/3050 1607/1607 4042/4042
f 1715/1715 4043/4043 2467/2467
f 2471/2471 1545/1545 1544/1544
f 364/364 366/366 4044/4044
f 4045/4045 3671/3671 3701/3701
f 4040/4040 4039/4039 3953/3953
f 2449/2449 3953/3953 3955/3955
f 1648/1648 3940/3940 1892/1892
f 1647/1647 1648/1648 1892/1892
f 2034/2034 2815/2815 4046/4046
f 4046/4046 2816/2816 3355/3355
f 4047/4047 4048/4048 4049/4049
f 4048/4048 4050/4050 4049/4049
f 514/514 4051/4051 3428/3428
f 3352/3352 4052/4052 3353/3353
f 4053/4053 1568/1568 1567/1567
f 33/33 4053/4053 23/23
f 4054/4054 4055/4055 4056/4056
f 4057/4057 1853/1853 4058/4058
f 2985/2985 4059/4059 1117/1117
f 4060/4060 4061/4061 2983/2983
f 2161/2161 2040/2040 4062/4062
f 2553/2553 4063/4063 4062/4062
f 4064/4064 1588/1588 3739/3739
f 933/933 932/932 4065/4065
f 3900/3900 1754/1754 1753/1753
f 4066/4066 1754/1754 3900/3900
f 2954/2954 1961/1961 2955/2955
f 1961/1961 1963/1963 2955/2955
f 1663/1663 1152/1152 1151/1151
f 304/304 306/306 4067/4067
f 1718/1718 1717/1717 303/303
f 2559/2559 4068/4068 1910/1910
f 1476/1476 4069/4069 1477/1477
f 4070/4070 1722/1722 1635/1635
f 4042/4042 1607/1607 4071/4071
f 4072/4072 3052/3052 3051/3051
f 2432/2432 2433/2433 2435/2435
f 3468/3468 4073/4073 3467/3467
f 4074/4074 431/431 4075/4075
f 4024/4024 4023/4023 191/191
f 4076/4076 4077/4077 4078/4078
f 4079/4079 1904/1904 4080/4080
f 1196/1196 4081/4081 456/456
f 2950/2950 4081/4081 2948/2948
f 634/634 4082/4082 4083/4083
f 1582/1582 2149/2149 4084/4084
f 4085/4085 350/350 349/349
f 4007/4007 4006/4006 4085/4085
f 3975/3975 3976/3976 4086/4086
f 3353/3353 4052/4052 3976/3976
f 4087/4087 147/147 749/749
f 4087/4087 4088/4088 252/252
f 4089/4089 3743/3743 1794/1794
f 1794/1794 1796/1796 1913/1913
f 886/886 888/888 4090/4090
f 4091/4091 473/473 4092/4092
f 52/52 51/51 1248/1248
f 2056/2056 4093/4093 4094/4094
f 4095/4095 3486/3486 4096/4096
f 731/731 4097/4097 732/732
f 4098/4098 3509/3509 3275/3275
f 764/764 1824/1824 765/765
f 1720/1720 3810/3810 1366/1366
f 1363/1363 943/943 3464/3464
f 1375/1375 163/163 162/162
f 4099/4099 1020/1020 1019/1019
f 2914/2914 2913/2913 4100/4100
f 4101/4101 3195/3195 2915/2915
f 2867/2867 4102/4102 4103/4103
f 2745/2745 2744/2744 4104/4104
f 1563/1563 1562/1562 174/174
f 3953/3953 1563/1563 174/174
f 425/425 2639/2639 3585/3585
f 2585/2585 4105/4105 2437/2437
f 1272/1272 4106/4106 3453/3453
f 4107/4107 4108/4108 1269/1269
f 2741/2741 275/275 277/277
f 511/511 513/513 4109/4109
f 3401/3401 1870/1870 3330/3330
f 3332/3332 3331/3331 3330/3330
f 2506/2506 4110/4110 2505/2505
f 503/503 505/505 373/373
f 4111/4111 4112/4112 4113/4113
f 4114/4114 4115/4115 4116/4116
f 277/277 511/511 4109/4109
f 3587/3587 511/511 3640/3640
f 1628/1628 880/880 882/882
f 3531/3531 3534/3534 3536/3536
f 4089/4089 2328/2328 4117/4117
f 4118/4118 2393/2393 2392/2392
f 1417/1417 4119/4119 4120/4120
f 4120/4120 4121/4121 3760/3760
f 3153/3153 3152/3152 4122/4122
f 3336/3336 4122/4122 731/731
f 471/471 4123/4123 4124/4124
f 2208/2208 4125/4125 2209/2209
f 105/105 2666/2666 4126/4126
f 1054/1054 1053/1053 4126/4126
f 1687/1687 2247/2247 4127/4127
f 914/914 4128/4128 915/915
f 915/915 4128/4128 4129/4129
f 3874/3874 1528/1528 4130/4130
f 1527/1527 2722/2722 1528/1528
f 4131/4131 2503/2503 2502/2502
f 4131/4131 2505/2505 4110/4110
f 3888/3888 2713/2713 2712/2712
f 3081/3081 4132/4132 3082/3082
f 3624/3624 761/761 4133/4133
f 4107/4107 4134/4134 4106/4106
f 4135/4135 3431/3431 4136/4136
f 4137/4137 1022/1022 4138/4138
f 381/381 4139/4139 4140/4140
f 4141/4141 4142/4142 2568/2568
f 4141/4141 4143/4143 4142/4142
f 4144/4144 4145/4145 705/705
f 2645/2645 706/706 705/705
f 4146/4146 2136/2136 4147/4147
f 2136/2136 2134/2134 1577/1577
f 1401/1401 4148/4148 1344/1344
f 1344/1344 4148/4148 1345/1345
f 1603/1603 573/573 575/575
f 4149/4149 4150/4150 573/573
f 419/419 1356/1356 420/420
f 4151/4151 1354/1354 1356/1356
f 3128/3128 1440/1440 739/739
f 741/741 1137/1137 4152/4152
f 2881/2881 4153/4153 4154/4154
f 2879/2879 3644/3644 3646/3646
f 4155/4155 4156/4156 4157/4157
f 4158/4158 2713/2713 3888/3888
f 2416/2416 660/660 2417/2417
f 2416/2416 661/661 660/660
f 235/235 4159/4159 4160/4160
f 3958/3958 1017/1017 3959/3959
f 2627/2627 2624/2624 2626/2626
f 2627/2627 999/999 3748/3748
f 4104/4104 4161/4161 4162/4162
f 3458/3458 3457/3457 3460/3460
f 2398/2398 1472/1472 1471/1471
f 2664/2664 1472/1472 2398/2398
f 2327/2327 2721/2721 2325/2325
f 1528/1528 4163/4163 4130/4130
f 2229/2229 4164/4164 4165/4165
f 4166/4166 2227/2227 2229/2229
f 2470/2470 1545/1545 2471/2471
f 4167/4167 1658/1658 1270/1270
f 72/72 1677/1677 4168/4168
f 71/71 1677/1677 72/72
f 4169/4169 1977/1977 4170/4170
f 4136/4136 4171/4171 4135/4135
f 776/776 3747/3747 4172/4172
f 3968/3968 38/38 1848/1848
f 4173/4173 4174/4174 667/667
f 665/665 667/667 4175/4175
f 396/396 395/395 4176/4176
f 3854/3854 3853/3853 4177/4177
f 1085/1085 1084/1084 262/262
f 3247/3247 3248/3248 4178/4178
f 4179/4179 4180/4180 2450/2450
f 4181/4181 4180/4180 4179/4179
f 1429/1429 1968/1968 1427/1427
f 1509/1509 1508/1508 4182/4182
f 4183/4183 4184/4184 3092/3092
f 2789/2789 4185/4185 2790/2790
f 2259/2259 4186/4186 346/346
f 4187/4187 347/347 346/346
f 1690/1690 2273/2273 1688/1688
f 206/206 4188/4188 3939/3939
f 2757/2757 4189/4189 1267/1267
f 4189/4189 3415/3415 3414/3414
f 1865/1865 4190/4190 4191/4191
f 2426/2426 2425/2425 4192/4192
f 4193/4193 4194/4194 3750/3750
f 324/324 323/323 4193/4193
f 2890/2890 4195/4195 2891/2891
f 4125/4125 2208/2208 469/469
f 1087/1087 4196/4196 4197/4197
f 1087/1087 54/54 4196/4196
f 2323/2323 4198/4198 2324/2324
f 2996/2996 2324/2324 4199/4199
f 148/148 147/147 4200/4200
f 4201/4201 3387/3387 1640/1640
f 964/964 4202/4202 2270/2270
f 964/964 4203/4203 4202/4202
f 4194/4194 1354/1354 4151/4151
f 4204/4204 4194/4194 4193/4193
f 1022/1022 3147/3147 4138/4138
f 3148/3148 4205/4205 3147/3147
f 1516/1516 1515/1515 4206/4206
f 1515/1515 3236/3236 1085/1085
f 1476/1476 2974/2974 4069/4069
f 4207/4207 1724/1724 1723/1723
f 2124/2124 1106/1106 2125/2125
f 1106/1106 2124/2124 1104/1104
f 2104/2104 2103/2103 152/152
f 3365/3365 1749/1749 4208/4208
f 4209/4209 3845/3845 4210/4210
f 4211/4211 4212/4212 1654/1654
f 1422/1422 694/694 693/693
f 3994/3994 1422/1422 693/693
f 1807/1807 1806/1806 1303/1303
f 72/72 4168/4168 2081/2081
f 849/849 4213/4213 850/850
f 2203/2203 4214/4214 2204/2204
f 1373/1373 1826/1826 4215/4215
f 2670/2670 4216/4216 1828/1828
f 2377/2377 2146/2146 2148/2148
f 2148/2148 4217/4217 2377/2377
f 3595/3595 3711/3711 2350/2350
f 3595/3595 2351/2351 3596/3596
f 3650/3650 4218/4218 1538/1538
f 4219/4219 1535/1535 1534/1534
f 2383/2383 3569/3569 4220/4220
f 783/783 3117/3117 4220/4220
f 3288/3288 2321/2321 795/795
f 767/767 3355/3355 795/795
f 968/968 2512/2512 1240/1240
f 2381/2381 968/968 1240/1240
f 4221/4221 383/383 4222/4222
f 2933/2933 2896/2896 2895/2895
f 2034/2034 715/715 4223/4223
f 3521/3521 4224/4224 4225/4225
f 4226/4226 4227/4227 4228/4228
f 907/907 4229/4229 4230/4230
f 168/168 4231/4231 169/169
f 2194/2194 4232/4232 4233/4233
f 1336/1336 2367/2367 1288/1288
f 463/463 1288/1288 3849/3849
f 1675/1675 161/161 1673/1673
f 4234/4234 4235/4235 4236/4236
f 2542/2542 4237/4237 2543/2543
f 591/591 2543/2543 1001/1001
f 272/272 154/154 273/273
f 154/154 3540/3540 3539/3539
f 1001/1001 3527/3527 4238/4238
f 4238/4238 3527/3527 3529/3529
f 4239/4239 1881/1881 3880/3880
f 1779/1779 4240/4240 1780/1780
f 317/317 4241/4241 314/314
f 3539/3539 3540/3540 1362/1362
f 2112/2112 1970/1970 360/360
f 4182/4182 1508/1508 1968/1968
f 3572/3572 2507/2507 4242/4242
f 4242/4242 2507/2507 3198/3198
f 957/957 2554/2554 2801/2801
f 2242/2242 957/957 2243/2243
f 236/236 94/94 234/234
f 2921/2921 4243/4243 2526/2526
f 2645/2645 705/705 4145/4145
f 4244/4244 3448/3448 4245/4245
f 4246/4246 4247/4247 4248/4248
f 4249/4249 2178/2178 1187/1187
f 2939/2939 2944/2944 4250/4250
f 4251/4251 4252/4252 2455/2455
f 1722/1722 1721/1721 1635/1635
f 569/569 3883/3883 1191/1191
f 1753/1753 1752/1752 4253/4253
f 1149/1149 1148/1148 4254/4254
f 3230/3230 4255/4255 30/30
f 2975/2975 3434/3434 3601/3601
f 4256/4256 2975/2975 2977/2977
f 1946/1946 856/856 4257/4257
f 4257/4257 1012/1012 1946/1946
f 4258/4258 4259/4259 197/197
f 4055/4055 4058/4058 4056/4056
f 3923/3923 2238/2238 2359/2359
f 2645/2645 2238/2238 706/706
f 4260/4260 4261/4261 945/945
f 4262/4262 4260/4260 945/945
f 4263/4263 3387/3387 4201/4201
f 1775/1775 4264/4264 2574/2574
f 4049/4049 4265/4265 4047/4047
f 2612/2612 1957/1957 4266/4266
f 2913/2913 4267/4267 4268/4268
f 4269/4269 4132/4132 4158/4158
f 2590/2590 2593/2593 2592/2592
f 4270/4270 1011/1011 4271/4271
f 4272/4272 4252/4252 4250/4250
f 2937/2937 2936/2936 3192/3192
f 4273/4273 86/86 4274/4274
f 1515/1515 1517/1517 4273/4273
f 2029/2029 3704/3704 4275/4275
f 2030/2030 2029/2029 4275/4275
f 2243/2243 957/957 4276/4276
f 4277/4277 4278/4278 2862/2862
f 448/448 4279/4279 4280/4280
f 448/448 4280/4280 3216/3216
f 4281/4281 4282/4282 3745/3745
f 4283/4283 4282/4282 4281/4281
f 598/598 2885/2885 599/599
f 385/385 628/628 386/386
f 3677/3677 2214/2214 2216/2216
f 1119/1119 4284/4284 3291/3291
f 4285/4285 1923/1923 4286/4286
f 1921/1921 1923/1923 4285/4285
f 2355/2355 2354/2354 2353/2353
f 2371/2371 2373/2373 309/309
f 2853/2853 651/651 653/653
f 612/612 3376/3376 613/613
f 4287/4287 4288/4288 313/313
f 4164/4164 4289/4289 2220/2220
f 2279/2279 3725/3725 3071/3071
f 4290/4290 2075/2075 2950/2950
f 227/227 271/271 4291/4291
f 230/230 229/229 2951/2951
f 1541/1541 1540/1540 1497/1497
f 1430/1430 1494/1494 4292/4292
f 2563/2563 4293/4293 3938/3938
f 2563/2563 1893/1893 4293/4293
f 4294/4294 965/965 2963/2963
f 3425/3425 3424/3424 2963/2963
f 4295/4295 4296/4296 4297/4297
f 4296/4296 1813/1813 1815/1815
f 100/100 102/102 1797/1797
f 2902/2902 4298/4298 4299/4299
f 4300/4300 3280/3280 3282/3282
f 4301/4301 4302/4302 430/430
f 4303/4303 4183/4183 3092/3092
f 789/789 4303/4303 3092/3092
f 2108/2108 3743/3743 4281/4281
f 4304/4304 4117/4117 2328/2328
f 2054/2054 113/113 2679/2679
f 2259/2259 346/346 113/113
f 4305/4305 4306/4306 1043/1043
f 2887/2887 2122/2122 2971/2971
f 1691/1691 1895/1895 1692/1692
f 1691/1691 3684/3684 1895/1895
f 2226/2226 1120/1120 4307/4307
f 4308/4308 4309/4309 4310/4310
f 1649/1649 3925/3925 3736/3736
f 4311/4311 4312/4312 1620/1620
f 3316/3316 642/642 3317/3317
f 2637/2637 4313/4313 508/508
f 3828/3828 4314/4314 2177/2177
f 2517/2517 4315/4315 4316/4316
f 3093/3093 3094/3094 4317/4317
f 4317/4317 3094/3094 4318/4318
f 1619/1619 4311/4311 1620/1620
f 4319/4319 4320/4320 4311/4311
f 4303/4303 4321/4321 4183/4183
f 4322/4322 2790/2790 4185/4185
f 4323/4323 2779/2779 4324/4324
f 4325/4325 280/280 279/279
f 4096/4096 4326/4326 4095/4095
f 4327/4327 4096/4096 1933/1933
f 3966/3966 3967/3967 3960/3960
f 2587/2587 3966/3966 3960/3960
f 4328/4328 771/771 4329/4329
f 1732/1732 4330/4330 4331/4331
f 315/315 314/314 4241/4241
f 4332/4332 4053/4053 4333/4333
f 4334/4334 4199/4199 2324/2324
f 4335/4335 1628/1628 1630/1630
f 4336/4336 3984/3984 4337/4337
f 2389/2389 4174/4174 4173/4173
f 2392/2392 2396/2396 3785/3785
f 4338/4338 4339/4339 4340/4340
f 1185/1185 1187/1187 4314/4314
f 2175/2175 4341/4341 4314/4314
f 3377/3377 4342/4342 4343/4343
f 4344/4344 405/405 404/404
f 590/590 4345/4345 588/588
f 3703/3703 588/588 4346/4346
f 4347/4347 3965/3965 3964/3964
f 838/838 3963/3963 839/839
f 707/707 3079/3079 490/490
f 759/759 1666/1666 760/760
f 4290/4290 2950/2950 2949/2949
f 4348/4348 1890/1890 3950/3950
f 3719/3719 2090/2090 1080/1080
f 2241/2241 2352/2352 4349/4349
f 4350/4350 2007/2007 4351/4351
f 580/580 579/579 4350/4350
f 4352/4352 1222/1222 3896/3896
f 3896/3896 1222/1222 1221/1221
f 3841/3841 2788/2788 3047/3047
f 3047/3047 3840/3840 3841/3841
f 2635/2635 2790/2790 330/330
f 4303/4303 2790/2790 4353/4353
f 4354/4354 4355/4355 378/378
f 4355/4355 1104/1104 2124/2124
f 4356/4356 2636/2636 3307/3307
f 4357/4357 3904/3904 719/719
f 3205/3205 1394/1394 2537/2537
f 3663/3663 1394/1394 3205/3205
f 4358/4358 3676/3676 2218/2218
f 3291/3291 4284/4284 3677/3677
f 4359/4359 504/504 4360/4360
f 4361/4361 4362/4362 4359/4359
f 184/184 97/97 249/249
f 2662/2662 97/97 184/184
f 924/924 1159/1159 1161/1161
f 4363/4363 925/925 924/924
f 1698/1698 4364/4364 1699/1699
f 4364/4364 2526/2526 1699/1699
f 2378/2378 2377/2377 65/65
f 241/241 240/240 3166/3166
f 4365/4365 4021/4021 4020/4020
f 4366/4366 4020/4020 2454/2454
f 4367/4367 3033/3033 3032/3032
f 4368/4368 2545/2545 2547/2547
f 156/156 2529/2529 391/391
f 200/200 2529/2529 3146/3146
f 3742/3742 842/842 4369/4369
f 4369/4369 1774/1774 1776/1776
f 3846/3846 3844/3844 4370/4370
f 3015/3015 3311/3311 3844/3844
f 537/537 4371/4371 2343/2343
f 537/537 2343/2343 4372/4372
f 846/846 1397/1397 3203/3203
f 3014/3014 3013/3013 4373/4373
f 4374/4374 4375/4375 4376/4376
f 909/909 908/908 2129/2129
f 1030/1030 1029/1029 2873/2873
f 4377/4377 4378/4378 4379/4379
f 1922/1922 357/357 356/356
f 4380/4380 2447/2447 2449/2449
f 4381/4381 1485/1485 1487/1487
f 4382/4382 4381/4381 1487/1487
f 4383/4383 4384/4384 4385/4385
f 1491/1491 1493/1493 3178/3178
f 768/768 4386/4386 1836/1836
f 4386/4386 4387/4387 4388/4388
f 1675/1675 1674/1674 205/205
f 3919/3919 371/371 4389/4389
f 4363/4363 924/924 1161/1161
f 2044/2044 2162/2162 2340/2340
f 2517/2517 2515/2515 2518/2518
f 1324/1324 2188/2188 1322/1322
f 4390/4390 1390/1390 4391/4391
f 798/798 2309/2309 799/799
f 1206/1206 1208/1208 1207/1207
f 2593/2593 1206/1206 1207/1207
f 605/605 3396/3396 2777/2777
f 1936/1936 3396/3396 4392/4392
f 836/836 4371/4371 537/537
f 4393/4393 716/716 4394/4394
f 3617/3617 4395/4395 4396/4396
f 4258/4258 166/166 4259/4259
f 4397/4397 4398/4398 835/835
f 4399/4399 4397/4397 1005/1005
f 4400/4400 920/920 1520/1520
f 4401/4401 4402/4402 4403/4403
f 4404/4404 4405/4405 4406/4406
f 3304/3304 4407/4407 3305/3305
f 1668/1668 1667/1667 4408/4408
f 2290/2290 481/481 1155/1155
f 2290/2290 2613/2613 1381/1381
f 3083/3083 4409/4409 1942/1942
f 4410/4410 4411/4411 4409/4409
f 720/720 3904/3904 4412/4412
f 4413/4413 720/720 4412/4412
f 3236/3236 466/466 1085/1085
f 1571/1571 4414/4414 1514/1514
f 356/356 2447/2447 4380/4380
f 1228/1228 2447/2447 356/356
f 1035/1035 4415/4415 1605/1605
f 1605/1605 1033/1033 1035/1035
f 4416/4416 111/111 3038/3038
f 110/110 561/561 111/111
f 3645/3645 4417/4417 3646/3646
f 3894/3894 3895/3895 4418/4418
f 796/796 795/795 3285/3285
f 4386/4386 796/796 4387/4387
f 864/864 253/253 255/255
f 862/862 4419/4419 444/444
f 4018/4018 1213/1213 1212/1212
f 3788/3788 4420/4420 1252/1252
f 641/641 4364/4364 1698/1698
f 3315/3315 3317/3317 3318/3318
f 4421/4421 2013/2013 4422/4422
f 4423/4423 1213/1213 1252/1252
f 3118/3118 3119/3119 209/209
f 2102/2102 2101/2101 435/435
f 1757/1757 1759/1759 4424/4424
f 4424/4424 1039/1039 2888/2888
f 4397/4397 835/835 2621/2621
f 4425/4425 2621/2621 3269/3269
f 4426/4426 4427/4427 4428/4428
f 4429/4429 4430/4430 4282/4282
f 4014/4014 2982/2982 2984/2984
f 2987/2987 2986/2986 4431/4431
f 3744/3744 4432/4432 3582/3582
f 3744/3744 4430/4430 4432/4432
f 2269/2269 2268/2268 2654/2654
f 4433/4433 1103/1103 1102/1102
f 4434/4434 4410/4410 1941/1941
f 4411/4411 4410/4410 4434/4434
f 1520/1520 4435/4435 4436/4436
f 4400/4400 1520/1520 4437/4437
f 3497/3497 1359/1359 2519/2519
f 4438/4438 4255/4255 3230/3230
f 2891/2891 4439/4439 4440/4440
f 4439/4439 4441/4441 4440/4440
f 4442/4442 1789/1789 1788/1788
f 3019/3019 4442/4442 1788/1788
f 4273/4273 1517/1517 86/86
f 87/87 86/86 1517/1517
f 4443/4443 1255/1255 1257/1257
f 2206/2206 2202/2202 4444/4444
f 4445/4445 3176/3176 368/368
f 372/372 981/981 980/980
f 3723/3723 3722/3722 3191/3191
f 1969/1969 2114/2114 4446/4446
f 3608/3608 2276/2276 3605/3605
f 3605/3605 2276/2276 645/645
f 2115/2115 793/793 2345/2345
f 2116/2116 2115/2115 2345/2345
f 1129/1129 4447/4447 4448/4448
f 963/963 962/962 4447/4447
f 3864/3864 2967/2967 1154/1154
f 1154/1154 2967/2967 2966/2966
f 4449/4449 3898/3898 4450/4450
f 4449/4449 1433/1433 1435/1435
f 737/737 736/736 883/883
f 4391/4391 1390/1390 798/798
f 4451/4451 4452/4452 900/900
f 4453/4453 4452/4452 4451/4451
f 4454/4454 4455/4455 3495/3495
f 506/506 2825/2825 4454/4454
f 4254/4254 4255/4255 1149/1149
f 3490/3490 3589/3589 3491/3491
f 951/951 1938/1938 952/952
f 4456/4456 3006/3006 1938/1938
f 4457/4457 4022/4022 3866/3866
f 4458/4458 192/192 2677/2677
f 123/123 689/689 3325/3325
f 3328/3328 604/604 606/606
f 2683/2683 4459/4459 4460/4460
f 2465/2465 2681/2681 2680/2680
f 1786/1786 1789/1789 4442/4442
f 1785/1785 1711/1711 1786/1786
f 2613/2613 2614/2614 1381/1381
f 1382/1382 4461/4461 4462/4462
f 4460/4460 4459/4459 2465/2465
f 2466/2466 2465/2465 4459/4459
f 695/695 3877/3877 4463/4463
f 4463/4463 4464/4464 1057/1057
f 350/350 4085/4085 4006/4006
f 4465/4465 350/350 4006/4006
f 4166/4166 2229/2229 4165/4165
f 4165/4165 310/310 4143/4143
f 1128/1128 1745/1745 3201/3201
f 3201/3201 1168/1168 1128/1128
f 3151/3151 3931/3931 3839/3839
f 3837/3837 3839/3839 4466/4466
f 3016/3016 4467/4467 760/760
f 1512/1512 4467/4467 3909/3909
f 936/936 2693/2693 4245/4245
f 453/453 936/936 4245/4245
f 2803/2803 2802/2802 554/554
f 4468/4468 4469/4469 3101/3101
f 340/340 4470/4470 1590/1590
f 4338/4338 340/340 342/342
f 2843/2843 2657/2657 2844/2844
f 4471/4471 4472/4472 2657/2657
f 60/60 2919/2919 76/76
f 4066/4066 2917/2917 1754/1754
f 1020/1020 2051/2051 2679/2679
f 2679/2679 112/112 1020/1020
f 4471/4471 2657/2657 4473/4473
f 4473/4473 4474/4474 4471/4471
f 233/233 3260/3260 3259/3259
f 2100/2100 2102/2102 2548/2548
f 4475/4475 4476/4476 4477/4477
f 1302/1302 1304/1304 135/135
f 4478/4478 2704/2704 530/530
f 2586/2586 4478/4478 530/530
f 3575/3575 492/492 491/491
f 2414/2414 3577/3577 3579/3579
f 2635/2635 330/330 329/329
f 4479/4479 4480/4480 4481/4481
f 2633/2633 2634/2634 4482/4482
f 2632/2632 2633/2633 4482/4482
f 4087/4087 252/252 147/147
f 251/251 147/147 252/252
f 4483/4483 4484/4484 4485/4485
f 4486/4486 4484/4484 4483/4483
f 2008/2008 3970/3970 300/300
f 1277/1277 1595/1595 1471/1471
f 877/877 2904/2904 1639/1639
f 1639/1639 2904/2904 1640/1640
f 2689/2689 4487/4487 4488/4488
f 2423/2423 2422/2422 4489/4489
f 2501/2501 416/416 418/418
f 4490/4490 4491/4491 2501/2501
f 3710/3710 3322/3322 3974/3974
f 4492/4492 4493/4493 3974/3974
f 4494/4494 2774/2774 4495/4495
f 2098/2098 3215/3215 4495/4495
f 632/632 3790/3790 4496/4496
f 3661/3661 4497/4497 3662/3662
f 4498/4498 4499/4499 1979/1979
f 4500/4500 4501/4501 4502/4502
f 1686/1686 685/685 3698/3698
f 3900/3900 4503/4503 3980/3980
f 107/107 4504/4504 108/108
f 4505/4505 793/793 3602/3602
f 1650/1650 3926/3926 1651/1651
f 107/107 106/106 3926/3926
f 3416/3416 2576/2576 1409/1409
f 2578/2578 4506/4506 1351/1351
f 4378/4378 4377/4377 2182/2182
f 1949/1949 4507/4507 2180/2180
f 204/204 4508/4508 4509/4509
f 2689/2689 204/204 4487/4487
f 1965/1965 4419/4419 862/862
f 3273/3273 4419/4419 1965/1965
f 4425/4425 4510/4510 3270/3270
f 4021/4021 247/247 246/246
f 4511/4511 4332/4332 4333/4333
f 317/317 47/47 4241/4241
f 426/426 3009/3009 427/427
f 516/516 2495/2495 1887/1887
f 195/195 194/194 2665/2665
f 195/195 4512/4512 4513/4513
f 4514/4514 166/166 4258/4258
f 164/164 166/166 3611/3611
f 3519/3519 3520/3520 1208/1208
f 4515/4515 3520/3520 3630/3630
f 4516/4516 1767/1767 1766/1766
f 3248/3248 1767/1767 4516/4516
f 4517/4517 4518/4518 2415/2415
f 4519/4519 3575/3575 4517/4517
f 130/130 4520/4520 4521/4521
f 6/6 3/3 7/7
f 3711/3711 1410/1410 1412/1412
f 1410/1410 1413/1413 1412/1412
f 122/122 689/689 123/123
f 2654/2654 2656/2656 122/122
f 4522/4522 1273/1273 2272/2272
f 4522/4522 2601/2601 4523/4523
f 3199/3199 4524/4524 3200/3200
f 3199/3199 3418/3418 4525/4525
f 1760/1760 2122/2122 2125/2125
f 2887/2887 4526/4526 2122/2122
f 4527/4527 2002/2002 4528/4528
f 4529/4529 4528/4528 2002/2002
f 4530/4530 19/19 664/664
f 4530/4530 4531/4531 2357/2357
f 190/190 4532/4532 4533/4533
f 3280/3280 4534/4534 4535/4535
f 4536/4536 3241/3241 269/269
f 918/918 292/292 1815/1815
f 2352/2352 4537/4537 4349/4349
f 2352/2352 4538/4538 4537/4537
f 2623/2623 2622/2622 4539/4539
f 4539/4539 3465/3465 248/248
f 653/653 4342/4342 2853/2853
f 4342/4342 653/653 4343/4343
f 4540/4540 2653/2653 4541/4541
f 4134/4134 4540/4540 4541/4541
f 4271/4271 810/810 4270/4270
f 363/363 810/810 4271/4271
f 2758/2758 1540/1540 1539/1539
f 914/914 1532/1532 3635/3635
f 4139/4139 381/381 2387/2387
f 20/20 4542/4542 21/21
f 4543/4543 3397/3397 3399/3399
f 4544/4544 4545/4545 3399/3399
f 3851/3851 296/296 293/293
f 3851/3851 3850/3850 2477/2477
f 673/673 4234/4234 367/367
f 671/671 673/673 367/367
f 2910/2910 370/370 367/367
f 367/367 370/370 368/368
f 2221/2221 985/985 2682/2682
f 2794/2794 2466/2466 2682/2682
f 253/253 1143/1143 254/254
f 1143/1143 2782/2782 254/254
f 4546/4546 2830/2830 4547/4547
f 2834/2834 117/117 2835/2835
f 3550/3550 4548/4548 3551/3551
f 2065/2065 2824/2824 2066/2066
f 2350/2350 2349/2349 2351/2351
f 2351/2351 3595/3595 2350/2350
f 4547/4547 115/115 117/117
f 4547/4547 117/117 4546/4546
f 4465/4465 3552/3552 3551/3551
f 2824/2824 4549/4549 2066/2066
f 532/532 332/332 533/533
f 3277/3277 4550/4550 3276/3276
f 4551/4551 399/399 398/398
f 4552/4552 4553/4553 4554/4554
f 366/366 2218/2218 2217/2217
f 366/366 4555/4555 4044/4044
f 2394/2394 2393/2393 2105/2105
f 2734/2734 3688/3688 3689/3689
f 2043/2043 1160/1160 4556/4556
f 1159/1159 3133/3133 1160/1160
f 4557/4557 2572/2572 2550/2550
f 1776/1776 4558/4558 4369/4369
f 4309/4309 1371/1371 1370/1370
f 2685/2685 2686/2686 2111/2111
f 1662/1662 1152/1152 1663/1663
f 4559/4559 2197/2197 1152/1152
f 4470/4470 4560/4560 1590/1590
f 912/912 1500/1500 3975/3975
f 1368/1368 3466/3466 3799/3799
f 1368/1368 3799/3799 1366/1366
f 382/382 4561/4561 4562/4562
f 3391/3391 3388/3388 599/599
f 4563/4563 3814/3814 4564/4564
f 28/28 3814/3814 4563/4563
f 1928/1928 2423/2423 2420/2420
f 982/982 3918/3918 1928/1928
f 1461/1461 2072/2072 4565/4565
f 1464/1464 4530/4530 2072/2072
f 250/250 1812/1812 4566/4566
f 1216/1216 2326/2326 1214/1214
f 1637/1637 940/940 4567/4567
f 3558/3558 2521/2521 2694/2694
f 3692/3692 1574/1574 1572/1572
f 291/291 4568/4568 4569/4569
f 187/187 1575/1575 185/185
f 4570/4570 3046/3046 3047/3047
f 1520/1520 1519/1519 4571/4571
f 1572/1572 1574/1574 4571/4571
f 1546/1546 1047/1047 1583/1583
f 1047/1047 1049/1049 1586/1586
f 2831/2831 2198/2198 2201/2201
f 2201/2201 2198/2198 2200/2200
f 1971/1971 475/475 223/223
f 4090/4090 888/888 4092/4092
f 4572/4572 1175/1175 1582/1582
f 1582/1582 4084/4084 4572/4572
f 1554/1554 1553/1553 1473/1473
f 1553/1553 1597/1597 1473/1473
f 3646/3646 3643/3643 2879/2879
f 3646/3646 4573/4573 3643/3643
f 2638/2638 3696/3696 510/510
f 3308/3308 3310/3310 510/510
f 4227/4227 4574/4574 4575/4575
f 4227/4227 4575/4575 4576/4576
f 4577/4577 4483/4483 1095/1095
f 1095/1095 4483/4483 1096/1096
f 4578/4578 3666/3666 4579/4579
f 3666/3666 2955/2955 1963/1963
f 4580/4580 3371/3371 3580/3580
f 3375/3375 1981/1981 3279/3279
f 4581/4581 4582/4582 877/877
f 4583/4583 4581/4581 877/877
f 2405/2405 4159/4159 235/235
f 3957/3957 2523/2523 827/827
f 2601/2601 4522/4522 2597/2597
f 4522/4522 2272/2272 2822/2822
f 1565/1565 1566/1566 1568/1568
f 4511/4511 4584/4584 4332/4332
f 1017/1017 4160/4160 3959/3959
f 1017/1017 4260/4260 4262/4262
f 2909/2909 3796/3796 2904/2904
f 4582/4582 2904/2904 877/877
f 675/675 4585/4585 676/676
f 4586/4586 680/680 1000/1000
f 1229/1229 1231/1231 2287/2287
f 2287/2287 1231/1231 1380/1380
f 4587/4587 2369/2369 2370/2370
f 4588/4588 4589/4589 4590/4590
f 867/867 869/869 4591/4591
f 3936/3936 4592/4592 3937/3937
f 1351/1351 4506/4506 2575/2575
f 1351/1351 4593/4593 1352/1352
f 3593/3593 2289/2289 2288/2288
f 4594/4594 3289/3289 481/481
f 634/634 4083/4083 635/635
f 3368/3368 3367/3367 3369/3369
f 2749/2749 1727/1727 2747/2747
f 2734/2734 3689/3689 2733/2733
f 3492/3492 3494/3494 3404/3404
f 571/571 1637/1637 941/941
f 3716/3716 4595/4595 3735/3735
f 3614/3614 4392/4392 4257/4257
f 4129/4129 348/348 2929/2929
f 348/348 1192/1192 346/346
f 525/525 527/527 4596/4596
f 3709/3709 2402/2402 4597/4597
f 4598/4598 2037/2037 3467/3467
f 4599/4599 1002/1002 1001/1001
f 1874/1874 4600/4600 1872/1872
f 2504/2504 1105/1105 2502/2502
f 1998/1998 1102/1102 1708/1708
f 4601/4601 1999/1999 2001/2001
f 1720/1720 301/301 3809/3809
f 1717/1717 301/301 303/303
f 4602/4602 3979/3979 3978/3978
f 3360/3360 4603/4603 3361/3361
f 930/930 3397/3397 4543/4543
f 1877/1877 1878/1878 1773/1773
f 4604/4604 4605/4605 4606/4606
f 2041/2041 4607/4607 3135/3135
f 4608/4608 2310/2310 2460/2460
f 2988/2988 2461/2461 4609/4609
f 2046/2046 4545/4545 4610/4610
f 931/931 930/930 4543/4543
f 1196/1196 1463/1463 1462/1462
f 1196/1196 2361/2361 1463/1463
f 1872/1872 4600/4600 4611/4611
f 2441/2441 1872/1872 4611/4611
f 4612/4612 4613/4613 1821/1821
f 2750/2750 2093/2093 2092/2092
f 4614/4614 4615/4615 3204/3204
f 4616/4616 3204/3204 3702/3702
f 1816/1816 4034/4034 4617/4617
f 4618/4618 4035/4035 4034/4034
f 3951/3951 3186/3186 2151/2151
f 78/78 61/61 60/60
f 2106/2106 4619/4619 2107/2107
f 4620/4620 4619/4619 2106/2106
f 1172/1172 4621/4621 88/88
f 2648/2648 2650/2650 4622/4622
f 4623/4623 882/882 2079/2079
f 3115/3115 3114/3114 186/186
f 4624/4624 2196/2196 3170/3170
f 4625/4625 4626/4626 4627/4627
f 4628/4628 1314/1314 3642/3642
f 4629/4629 3642/3642 2473/2473
f 4630/4630 4625/4625 4627/4627
f 3169/3169 4631/4631 4632/4632
f 1499/1499 4633/4633 172/172
f 172/172 4633/4633 4634/4634
f 2188/2188 2190/2190 2630/2630
f 4635/4635 1374/1374 1376/1376
f 4636/4636 4637/4637 2860/2860
f 857/857 1548/1548 1547/1547
f 2795/2795 4638/4638 984/984
f 4639/4639 983/983 2792/2792
f 1942/1942 3085/3085 1943/1943
f 3084/3084 3085/3085 1942/1942
f 3775/3775 3188/3188 1704/1704
f 1704/1704 3188/3188 1701/1701
f 4640/4640 2673/2673 2674/2674
f 4641/4641 2673/2673 2300/2300
f 1558/1558 4642/4642 4330/4330
f 1558/1558 4643/4643 2607/2607
f 1861/1861 1863/1863 3377/3377
f 4344/4344 3377/3377 405/405
f 4644/4644 3598/3598 4015/4015
f 4015/4015 4016/4016 4645/4645
f 1806/1806 4646/4646 1303/1303
f 3303/3303 4646/4646 4647/4647
f 4648/4648 4649/4649 4636/4636
f 1583/1583 4650/4650 1546/1546
f 2605/2605 759/759 758/758
f 3885/3885 4031/4031 3886/3886
f 2580/2580 4589/4589 4651/4651
f 4588/4588 4590/4590 4652/4652
f 4653/4653 3267/3267 3266/3266
f 3509/3509 3267/3267 3275/3275
f 3098/3098 800/800 802/802
f 3099/3099 1602/1602 2991/2991
f 1374/1374 2052/2052 2050/2050
f 1198/1198 1200/1200 1377/1377
f 2821/2821 2270/2270 3691/3691
f 4202/4202 4654/4654 2270/2270
f 2202/2202 4655/4655 2594/2594
f 2005/2005 4656/4656 2006/2006
f 3806/3806 3805/3805 1958/1958
f 547/547 2612/2612 548/548
f 4657/4657 3257/3257 4658/4658
f 2440/2440 1068/1068 1067/1067
f 4037/4037 1832/1832 538/538
f 538/538 537/537 4372/4372
f 4659/4659 2403/2403 793/793
f 2940/2940 2939/2939 4251/4251
f 4660/4660 1458/1458 82/82
f 1962/1962 4660/4660 4661/4661
f 1710/1710 106/106 108/108
f 108/108 1707/1707 1710/1710
f 2234/2234 688/688 687/687
f 1174/1174 687/687 1582/1582
f 2942/2942 1618/1618 2943/2943
f 2944/2944 2939/2939 2938/2938
f 4662/4662 2795/2795 984/984
f 2796/2796 4662/4662 2797/2797
f 3222/3222 4663/4663 4664/4664
f 4664/4664 4663/4663 4665/4665
f 4666/4666 4667/4667 2257/2257
f 4668/4668 4479/4479 4481/4481
f 2508/2508 1447/1447 3249/3249
f 2508/2508 4669/4669 1447/1447
f 2953/2953 1962/1962 1961/1961
f 1962/1962 4670/4670 4660/4660
f 2968/2968 4671/4671 4415/4415
f 4415/4415 1035/1035 2968/2968
f 1561/1561 4672/4672 1559/1559
f 4672/4672 1561/1561 4673/4673
f 55/55 4674/4674 57/57
f 4674/4674 196/196 57/57
f 3630/3630 3631/3631 4675/4675
f 4675/4675 922/922 925/925
f 179/179 4588/4588 4676/4676
f 179/179 4676/4676 180/180
f 4124/4124 4677/4677 4125/4125
f 4125/4125 2510/2510 2209/2209
f 2755/2755 2757/2757 2756/2756
f 2992/2992 2755/2755 2756/2756
f 1571/1571 1570/1570 464/464
f 260/260 4678/4678 3412/3412
f 4392/4392 3396/3396 1012/1012
f 4392/4392 1012/1012 4257/4257
f 324/324 4193/4193 171/171
f 1027/1027 506/506 324/324
f 69/69 414/414 70/70
f 1238/1238 1237/1237 414/414
f 1929/1929 3225/3225 4679/4679
f 4508/4508 2759/2759 4509/4509
f 34/34 4404/4404 4406/4406
f 28/28 4563/4563 523/523
f 3000/3000 3641/3641 3017/3017
f 3000/3000 2999/2999 4680/4680
f 3376/3376 1863/1863 555/555
f 556/556 555/555 1455/1455
f 3875/3875 1811/1811 4088/4088
f 4681/4681 2715/2715 3875/3875
f 1256/1256 4420/4420 3788/3788
f 3356/3356 3788/3788 2128/2128
f 1861/1861 1864/1864 1862/1862
f 483/483 3150/3150 484/484
f 777/777 776/776 4172/4172
f 4682/4682 1848/1848 779/779
f 4683/4683 3442/3442 1852/1852
f 4684/4684 3111/3111 3113/3113
f 1744/1744 2491/2491 2490/2490
f 293/293 297/297 294/294
f 4685/4685 4686/4686 3067/3067
f 2968/2968 2970/2970 4687/4687
f 4688/4688 4689/4689 4690/4690
f 4691/4691 4688/4688 4649/4649
f 4692/4692 2999/2999 4693/4693
f 2999/2999 1714/1714 4680/4680
f 387/387 279/279 385/385
f 449/449 279/279 2165/2165
f 4694/4694 2764/2764 992/992
f 4694/4694 3767/3767 2764/2764
f 702/702 4122/4122 3152/3152
f 4695/4695 4122/4122 702/702
f 171/171 1025/1025 1027/1027
f 1027/1027 324/324 171/171
f 3504/3504 3503/3503 4696/4696
f 1201/1201 1203/1203 4697/4697
f 334/334 336/336 4698/4698
f 4699/4699 2261/2261 2260/2260
f 4700/4700 3442/3442 1856/1856
f 1856/1856 1855/1855 1802/1802
f 2490/2490 1741/1741 1744/1744
f 4673/4673 1561/1561 512/512
f 512/512 3283/3283 2035/2035
f 4184/4184 1092/1092 4701/4701
f 1092/1092 4184/4184 3094/3094
f 3175/3175 3174/3174 3999/3999
f 3175/3175 3999/3999 3262/3262
f 1387/1387 883/883 736/736
f 1387/1387 754/754 1385/1385
f 1775/1775 4702/4702 3387/3387
f 4263/4263 1775/1775 3387/3387
f 722/722 3301/3301 723/723
f 1944/1944 4703/4703 4704/4704
f 1602/1602 1601/1601 2991/2991
f 1599/1599 3004/3004 959/959
f 549/549 2703/2703 3983/3983
f 830/830 4705/4705 3634/3634
f 1204/1204 2593/2593 3226/3226
f 1206/1206 2593/2593 1204/1204
f 1933/1933 2946/2946 2947/2947
f 3764/3764 2764/2764 3767/3767
f 4686/4686 3861/3861 3863/3863
f 4685/4685 4706/4706 4686/4686
f 4698/4698 336/336 2260/2260
f 4707/4707 2265/2265 2264/2264
f 4708/4708 3538/3538 1669/1669
f 4709/4709 1681/1681 1680/1680
f 2142/2142 4710/4710 2140/2140
f 2140/2140 2850/2850 2849/2849
f 2819/2819 4711/4711 4712/4712
f 4713/4713 2804/2804 4576/4576
f 1386/1386 2118/2118 4714/4714
f 4715/4715 1387/1387 1386/1386
f 4716/4716 4014/4014 2984/2984
f 4407/4407 4476/4476 3305/3305
f 582/582 1037/1037 583/583
f 4285/4285 4286/4286 1924/1924
f 4651/4651 179/179 2580/2580
f 179/179 2566/2566 2580/2580
f 4713/4713 4576/4576 4712/4712
f 4576/4576 4575/4575 4717/4717
f 2304/2304 1888/1888 2817/2817
f 2303/2303 1888/1888 2304/2304
f 352/352 3062/3062 4362/4362
f 3062/3062 786/786 3064/3064
f 3206/3206 3204/3204 4615/4615
f 4718/4718 4719/4719 4720/4720
f 1955/1955 1953/1953 1956/1956
f 1787/1787 4721/4721 3132/3132
f 4722/4722 2802/2802 2804/2804
f 2540/2540 485/485 2541/2541
f 2928/2928 1712/1712 2390/2390
f 1908/1908 3384/3384 4723/4723
f 2336/2336 183/183 2708/2708
f 4608/4608 2337/2337 2934/2934
f 2823/2823 3808/3808 351/351
f 3808/3808 2823/2823 397/397
f 1454/1454 2923/2923 3100/3100
f 4468/4468 3101/3101 3100/3100
f 2083/2083 3516/3516 625/625
f 4724/4724 2083/2083 4725/4725
f 4726/4726 1505/1505 1144/1144
f 4727/4727 3043/3043 1327/1327
f 2142/2142 4728/4728 4710/4710
f 2139/2139 4729/4729 4728/4728
f 464/464 4730/4730 4731/4731
f 4490/4490 2501/2501 2499/2499
f 4255/4255 4254/4254 2552/2552
f 30/30 4255/4255 2552/2552
f 2106/2106 4283/4283 4620/4620
f 4429/4429 2393/2393 4118/4118
f 2311/2311 4732/4732 2337/2337
f 946/946 4732/4732 2311/2311
f 3487/3487 4733/4733 1879/1879
f 308/308 3490/3490 3487/3487
f 3390/3390 4734/4734 4735/4735
f 2083/2083 2174/2174 4725/4725
f 2152/2152 3638/3638 2236/2236
f 129/129 3638/3638 127/127
f 863/863 865/865 4736/4736
f 1489/1489 1966/1966 1490/1490
f 4737/4737 4738/4738 2003/2003
f 2006/2006 4738/4738 4737/4737
f 4739/4739 4581/4581 4583/4583
f 4740/4740 840/840 3741/3741
f 3646/3646 4417/4417 4741/4741
f 4418/4418 3895/3895 3649/3649
f 1738/1738 1959/1959 3805/3805
f 4048/4048 1738/1738 1740/1740
f 4742/4742 2456/2456 4743/4743
f 4584/4584 1565/1565 4332/4332
f 2169/2169 2168/2168 1445/1445
f 1444/1444 468/468 1445/1445
f 1033/1033 2844/2844 2657/2657
f 1033/1033 1606/1606 2844/2844
f 4496/4496 4497/4497 3661/3661
f 411/411 4744/4744 412/412
f 4745/4745 1560/1560 1559/1559
f 1560/1560 4181/4181 2737/2737
f 2202/2202 2205/2205 2130/2130
f 2130/2130 4746/4746 2202/2202
f 935/935 4747/4747 1404/1404
f 4748/4748 2087/2087 4349/4349
f 4749/4749 3384/3384 3386/3386
f 2640/2640 2642/2642 4750/4750
f 3194/3194 3342/3342 3345/3345
f 4751/4751 3159/3159 3158/3158
f 4752/4752 2537/2537 2536/2536
f 2537/2537 4752/4752 3702/3702
f 116/116 1979/1979 1978/1978
f 4500/4500 4502/4502 1979/1979
f 4753/4753 3158/3158 3160/3160
f 3158/3158 4753/4753 3342/3342
f 3324/3324 3321/3321 4754/4754
f 830/830 829/829 3632/3632
f 4166/4166 4755/4755 2227/2227
f 1605/1605 3349/3349 4756/4756
f 4726/4726 1144/1144 1146/1146
f 4727/4727 3041/3041 3043/3043
f 4747/4747 1402/1402 1404/1404
f 4065/4065 4757/4757 4758/4758
f 1909/1909 4723/4723 4759/4759
f 4723/4723 1909/1909 1908/1908
f 2628/2628 2627/2627 2626/2626
f 649/649 4760/4760 650/650
f 2429/2429 2428/2428 2427/2427
f 2313/2313 4761/4761 613/613
f 419/419 421/421 2973/2973
f 939/939 938/938 1725/1725
f 4762/4762 4763/4763 3096/3096
f 4762/4762 3554/3554 3553/3553
f 3001/3001 1713/1713 2999/2999
f 1789/1789 1713/1713 4764/4764
f 2085/2085 4765/4765 2086/2086
f 2086/2086 714/714 4766/4766
f 3385/3385 3383/3383 897/897
f 897/897 896/896 892/892
f 3470/3470 1122/1122 2246/2246
f 3470/3470 1123/1123 1122/1122
f 820/820 4767/4767 821/821
f 4767/4767 3726/3726 3728/3728
f 696/696 1251/1251 3055/3055
f 4768/4768 1251/1251 4769/4769
f 4770/4770 1534/1534 1964/1964
f 1489/1489 1964/1964 1966/1966
f 173/173 4041/4041 4040/4040
f 3262/3262 4771/4771 3261/3261
f 4733/4733 3487/3487 3489/3489
f 3553/3553 1078/1078 1077/1077
f 42/42 1781/1781 2347/2347
f 3733/3733 42/42 44/44
f 2706/2706 4772/4772 2704/2704
f 2707/2707 530/530 2704/2704
f 4035/4035 4617/4617 4034/4034
f 702/702 3152/3152 4035/4035
f 221/221 3118/3118 495/495
f 221/221 495/495 494/494
f 4773/4773 3363/3363 1326/1326
f 2977/2977 2176/2176 4256/4256
f 1952/1952 4774/4774 4775/4775
f 4776/4776 4777/4777 4774/4774
f 828/828 4778/4778 642/642
f 4779/4779 4780/4780 4313/4313
f 34/34 28/28 4404/4404
f 33/33 28/28 34/34
f 3212/3212 3214/3214 519/519
f 3393/3393 48/48 50/50
f 4711/4711 2819/2819 487/487
f 2819/2819 2820/2820 487/487
f 2858/2858 2962/2962 2181/2181
f 2858/2858 4781/4781 2962/2962
f 2379/2379 2877/2877 4782/4782
f 3835/3835 1671/1671 1670/1670
f 4783/4783 1159/1159 924/924
f 3135/3135 3134/3134 4783/4783
f 2502/2502 1105/1105 2505/2505
f 4131/4131 2502/2502 2505/2505
f 3550/3550 3547/3547 4548/4548
f 3550/3550 3552/3552 4005/4005
f 2113/2113 4784/4784 1968/1968
f 4182/4182 1968/1968 4784/4784
f 4769/4769 1251/1251 696/696
f 21/21 4542/4542 696/696
f 3759/3759 4785/4785 237/237
f 2811/2811 2869/2869 2871/2871
f 2876/2876 3167/3167 4786/4786
f 3167/3167 2376/2376 3168/3168
f 2385/2385 1842/1842 2386/2386
f 1844/1844 2386/2386 1842/1842
f 4035/4035 4618/4618 4787/4787
f 4787/4787 4618/4618 2607/2607
f 4788/4788 1469/1469 2415/2415
f 4788/4788 1659/1659 1469/1469
f 1231/1231 4789/4789 1380/1380
f 478/478 4789/4789 1231/1231
f 4790/4790 4687/4687 4791/4791
f 3862/3862 3861/3861 4791/4791
f 4482/4482 2634/2634 1506/1506
f 4792/4792 4793/4793 4794/4794
f 50/50 804/804 4795/4795
f 2056/2056 4094/4094 804/804
f 152/152 2103/2103 153/153
f 4796/4796 318/318 3076/3076
f 2366/2366 2671/2671 3848/3848
f 2366/2366 4532/4532 2671/2671
f 3324/3324 4754/4754 3632/3632
f 4754/4754 2017/2017 3632/3632
f 1131/1131 2261/2261 4699/4699
f 1131/1131 3834/3834 2261/2261
f 4577/4577 4562/4562 4561/4561
f 4797/4797 4798/4798 4561/4561
f 4561/4561 4486/4486 4577/4577
f 4483/4483 4577/4577 4486/4486
f 2196/2196 3110/3110 3170/3170
f 13/13 12/12 4799/4799
f 4800/4800 2026/2026 4801/4801
f 4802/4802 600/600 3388/3388
f 4803/4803 2274/2274 645/645
f 644/644 4803/4803 645/645
f 4804/4804 1474/1474 3479/3479
f 4513/4513 1551/1551 195/195
f 4299/4299 4298/4298 4805/4805
f 4298/4298 3775/3775 4805/4805
f 870/870 4692/4692 4693/4693
f 4692/4692 870/870 871/871
f 2727/2727 2723/2723 2329/2329
f 1794/1794 1913/1913 4806/4806
f 4117/4117 4304/4304 4281/4281
f 4304/4304 4283/4283 4281/4281
f 3479/3479 1474/1474 3478/3478
f 3290/3290 1119/1119 3291/3291
f 740/740 3256/3256 3258/3258
f 1066/1066 1065/1065 4807/4807
f 1521/1521 1523/1523 1876/1876
f 1521/1521 1876/1876 1877/1877
f 93/93 3022/3022 3563/3563
f 93/93 3023/3023 3022/3022
f 1310/1310 2697/2697 4808/4808
f 1311/1311 1310/1310 139/139
f 4809/4809 4810/4810 4811/4811
f 614/614 4812/4812 4813/4813
f 4814/4814 1168/1168 4007/4007
f 1168/1168 3201/3201 3078/3078
f 4775/4775 4815/4815 4721/4721
f 4721/4721 1787/1787 4816/4816
f 4219/4219 1534/1534 4817/4817
f 4817/4817 1534/1534 2291/2291
f 4050/4050 4238/4238 3529/3529
f 1739/1739 563/563 1740/1740
f 1092/1092 3093/3093 4818/4818
f 541/541 3093/3093 542/542
f 4819/4819 1257/1257 3356/3356
f 4820/4820 2206/2206 4444/4444
f 3002/3002 4821/4821 692/692
f 4821/4821 866/866 692/692
f 1687/1687 4822/4822 2247/2247
f 2247/2247 4822/4822 4823/4823
f 4824/4824 1967/1967 1429/1429
f 1429/1429 3016/3016 4824/4824
f 4825/4825 4733/4733 3489/3489
f 3556/3556 4825/4825 4826/4826
f 4827/4827 4828/4828 4448/4448
f 3827/3827 3826/3826 4829/4829
f 4830/4830 1573/1573 928/928
f 1573/1573 1519/1519 1518/1518
f 1317/1317 1479/1479 1318/1318
f 4831/4831 1479/1479 2685/2685
f 288/288 4832/4832 289/289
f 289/289 4832/4832 4833/4833
f 1510/1510 1610/1610 1511/1511
f 1898/1898 1900/1900 1830/1830
f 4834/4834 3046/3046 637/637
f 639/639 4834/4834 637/637
f 1782/1782 4835/4835 4836/4836
f 1782/1782 4837/4837 4835/4835
f 1019/1019 1021/1021 1676/1676
f 1533/1533 1021/1021 1542/1542
f 761/761 763/763 493/493
f 761/761 493/493 3627/3627
f 2224/2224 806/806 805/805
f 4838/4838 362/362 806/806
f 3787/3787 2282/2282 9/9
f 1142/1142 4839/4839 3297/3297
f 2055/2055 49/49 570/570
f 49/49 48/48 570/570
f 631/631 633/633 3334/3334
f 3222/3222 4664/4664 3225/3225
f 4840/4840 2724/2724 3998/3998
f 3374/3374 3279/3279 3278/3278
f 471/471 2513/2513 2511/2511
f 4841/4841 4842/4842 3435/3435
f 112/112 4843/4843 914/914
f 3636/3636 112/112 914/914
f 962/962 2865/2865 4447/4447
f 1274/1274 2865/2865 1275/1275
f 1890/1890 659/659 661/661
f 1888/1888 1890/1890 661/661
f 4844/4844 3769/3769 1303/1303
f 3769/3769 4844/4844 2294/2294
f 479/479 3669/3669 480/480
f 479/479 3478/3478 3669/3669
f 1173/1173 1175/1175 4845/4845
f 1175/1175 4572/4572 4845/4845
f 4037/4037 1898/1898 1830/1830
f 1902/1902 4372/4372 1901/1901
f 2306/2306 3879/3879 3932/3932
f 3933/3933 8/8 4846/4846
f 1573/1573 4830/4830 1875/1875
f 2480/2480 1875/1875 2481/2481
f 240/240 4013/4013 4012/4012
f 4012/4012 3166/3166 240/240
f 4847/4847 2892/2892 4848/4848
f 4849/4849 4847/4847 3362/3362
f 4215/4215 1826/1826 1825/1825
f 2216/2216 4850/4850 3676/3676
f 1682/1682 1681/1681 2550/2550
f 2572/2572 2573/2573 2550/2550
f 760/760 489/489 4851/4851
f 4852/4852 762/762 3625/3625
f 4853/4853 3409/3409 4854/4854
f 4853/4853 4142/4142 312/312
f 4855/4855 4856/4856 4857/4857
f 4857/4857 4856/4856 4858/4858
f 1487/1487 1486/1486 728/728
f 674/674 1000/1000 682/682
f 206/206 1530/1530 2716/2716
f 3938/3938 4188/4188 206/206
f 3506/3506 3505/3505 4859/4859
f 1145/1145 4860/4860 4861/4861
f 4500/4500 4862/4862 4863/4863
f 4864/4864 283/283 4865/4865
f 3505/3505 1145/1145 4859/4859
f 4866/4866 1146/1146 1145/1145
f 1234/1234 1233/1233 3705/3705
f 1515/1515 2033/2033 3235/3235
f 3078/3078 1746/1746 1941/1941
f 4007/4007 1941/1941 4008/4008
f 1272/1272 1100/1100 4106/4106
f 1100/1100 1099/1099 3624/3624
f 1549/1549 4837/4837 1782/1782
f 1549/1549 3124/3124 4837/4837
f 3742/3742 4369/4369 63/63
f 71/71 1678/1678 1677/1677
f 4726/4726 4867/4867 1505/1505
f 1326/1326 3364/3364 1327/1327
f 1875/1875 4830/4830 2481/2481
f 927/927 2490/2490 2489/2489
f 3898/3898 217/217 4868/4868
f 4868/4868 4450/4450 3898/3898
f 4869/4869 4870/4870 1917/1917
f 2727/2727 1915/1915 3218/3218
f 647/647 646/646 996/996
f 649/649 347/347 4187/4187
f 1000/1000 674/674 676/676
f 676/676 4585/4585 1000/1000
f 1039/1039 4424/4424 4871/4871
f 2826/2826 2827/2827 4872/4872
f 180/180 873/873 4873/4873
f 181/181 180/180 4873/4873
f 2569/2569 2568/2568 2564/2564
f 2564/2564 4874/4874 1062/1062
f 2772/2772 3131/3131 3130/3130
f 3130/3130 4875/4875 2772/2772
f 4876/4876 1817/1817 4877/4877
f 751/751 750/750 4878/4878
f 3299/3299 2773/2773 2583/2583
f 2772/2772 4875/4875 2773/2773
f 935/935 937/937 4747/4747
f 937/937 4065/4065 4758/4758
f 4879/4879 442/442 441/441
f 2015/2015 4880/4880 2016/2016
f 4373/4373 3013/3013 4881/4881
f 3013/3013 4882/4882 4881/4881
f 4883/4883 1374/1374 4635/4635
f 2052/2052 1374/1374 4883/4883
f 1733/1733 1495/1495 3011/3011
f 1626/1626 1734/1734 1733/1733
f 2827/2827 1989/1989 1988/1988
f 4205/4205 3148/3148 3149/3149
f 3202/3202 4001/4001 848/848
f 3012/3012 3014/3014 848/848
f 1218/1218 1812/1812 1219/1219
f 4566/4566 1812/1812 1218/1218
f 3160/3160 4884/4884 3161/3161
f 357/357 1922/1922 1921/1921
f 2216/2216 3678/3678 4850/4850
f 2216/2216 2215/2215 3678/3678
f 4026/4026 2882/2882 2883/2883
f 2326/2326 4026/4026 1214/1214
f 525/525 4596/4596 4597/4597
f 4157/4157 710/710 712/712
f 4562/4562 1095/1095 4222/4222
f 1095/1095 4562/4562 4577/4577
f 1917/1917 2762/2762 3218/3218
f 3218/3218 4869/4869 1917/1917
f 4885/4885 3232/3232 4886/4886
f 2591/2591 4887/4887 3227/3227
f 1109/1109 375/375 1107/1107
f 2349/2349 1300/1300 2351/2351
f 4888/4888 3215/3215 3216/3216
f 1868/1868 1870/1870 3401/3401
f 3842/3842 1336/1336 1335/1335
f 1285/1285 686/686 3564/3564
f 1493/1493 4385/4385 3178/3178
f 3003/3003 4889/4889 1089/1089
f 1132/1132 3537/3537 4890/4890
f 4890/4890 1133/1133 1132/1132
f 3251/3251 3573/3573 3572/3572
f 752/752 3251/3251 3252/3252
f 3421/3421 3420/3420 4891/4891
f 4525/4525 3418/3418 4891/4891
f 4892/4892 442/442 4879/4879
f 4554/4554 2133/2133 442/442
f 490/490 3079/3079 488/488
f 2912/2912 2915/2915 488/488
f 2654/2654 1103/1103 4433/4433
f 2778/2778 2654/2654 122/122
f 1284/1284 1286/1286 3368/3368
f 1284/1284 3368/3368 4893/4893
f 401/401 552/552 551/551
f 4445/4445 401/401 3176/3176
f 1747/1747 4434/4434 1941/1941
f 3312/3312 4434/4434 3313/3313
f 488/488 4894/4894 489/489
f 3160/3160 489/489 4894/4894
f 4895/4895 887/887 886/886
f 2952/2952 2951/2951 2547/2547
f 1024/1024 1023/1023 1039/1039
f 4896/4896 1039/1039 1023/1023
f 3023/3023 1449/1449 3024/3024
f 1031/1031 774/774 770/770
f 566/566 2596/2596 564/564
f 564/564 565/565 4897/4897
f 1916/1916 1792/1792 1934/1934
f 1916/1916 1793/1793 1792/1792
f 4896/4896 1023/1023 4898/4898
f 1043/1043 1042/1042 4305/4305
f 3166/3166 3165/3165 3168/3168
f 241/241 3166/3166 3168/3168
f 944/944 943/943 4899/4899
f 3809/3809 1716/1716 3810/3810
f 4900/4900 955/955 4901/4901
f 4063/4063 4901/4901 4062/4062
f 2263/2263 2265/2265 4902/4902
f 4827/4827 2263/2263 4902/4902
f 4063/4063 4903/4903 4901/4901
f 2553/2553 2554/2554 4063/4063
f 1436/1436 901/901 544/544
f 2678/2678 3867/3867 3751/3751
f 1282/1282 1209/1209 1208/1208
f 4904/4904 1282/1282 4515/4515
f 615/615 617/617 399/399
f 4905/4905 2132/2132 4906/4906
f 3922/3922 124/124 313/313
f 4288/4288 3922/3922 313/313
f 4907/4907 1244/1244 3567/3567
f 1240/1240 1242/1242 4908/4908
f 616/616 615/615 1299/1299
f 1298/1298 616/616 1299/1299
f 3498/3498 3500/3500 1290/1290
f 4280/4280 4279/4279 3763/3763
f 1803/1803 81/81 1804/1804
f 2292/2292 81/81 2295/2295
f 2007/2007 4350/4350 2014/2014
f 2203/2203 4909/4909 4214/4214
f 4910/4910 3770/3770 102/102
f 3772/3772 2232/2232 3972/3972
f 3287/3287 2321/2321 3288/3288
f 2555/2555 4911/4911 2321/2321
f 3702/3702 4752/4752 4912/4912
f 820/820 4913/4913 4914/4914
f 3423/3423 3422/3422 335/335
f 3422/3422 3423/3423 3425/3425
f 614/614 613/613 2427/2427
f 4761/4761 2427/2427 613/613
f 1532/1532 1495/1495 1497/1497
f 1532/1532 3011/3011 1495/1495
f 1218/1218 1216/1216 1808/1808
f 1216/1216 3657/3657 1808/1808
f 1202/1202 3685/3685 2256/2256
f 1203/1203 1202/1202 2256/2256
f 4058/4058 4915/4915 4056/4056
f 4915/4915 1236/1236 3096/3096
f 1364/1364 3462/3462 4916/4916
f 1940/1940 1939/1939 4916/4916
f 4781/4781 2965/2965 2962/2962
f 2962/2962 2965/2965 2963/2963
f 4075/4075 431/431 433/433
f 4044/4044 4075/4075 433/433
f 4897/4897 4917/4917 564/564
f 3034/3034 2545/2545 3031/3031
f 4017/4017 1253/1253 4018/4018
f 1253/1253 4017/4017 4019/4019
f 4918/4918 4919/4919 1835/1835
f 4033/4033 4920/4920 3884/3884
f 3776/3776 2046/2046 4610/4610
f 3779/3779 3778/3778 3776/3776
f 1395/1395 4921/4921 1396/1396
f 2408/2408 4922/4922 4923/4923
f 2318/2318 4911/4911 174/174
f 2318/2318 2321/2321 4911/4911
f 184/184 2336/2336 2661/2661
f 942/942 1937/1937 3463/3463
f 1795/1795 1791/1791 4924/4924
f 1795/1795 2108/2108 1791/1791
f 3986/3986 1420/1420 3403/3403
f 3995/3995 1422/1422 3994/3994
f 4146/4146 4147/4147 1849/1849
f 3200/3200 1849/1849 1850/1850
f 919/919 926/926 920/920
f 4925/4925 919/919 4926/4926
f 212/212 1492/1492 1491/1491
f 2100/2100 437/437 2101/2101
f 3354/3354 4738/4738 2006/2006
f 2494/2494 4052/4052 3352/3352
f 4927/4927 4928/4928 4666/4666
f 4927/4927 4666/4666 4929/4929
f 775/775 774/774 1032/1032
f 4377/4377 4507/4507 2182/2182
f 3448/3448 453/453 4245/4245
f 4930/4930 453/453 3448/3448
f 2604/2604 4919/4919 4030/4030
f 4918/4918 4032/4032 4919/4919
f 1322/1322 2518/2518 2515/2515
f 1322/1322 2515/2515 1323/1323
f 4931/4931 1292/1292 1291/1291
f 3763/3763 4279/4279 4932/4932
f 4886/4886 3232/3232 1473/1473
f 1597/1597 4886/4886 1473/1473
f 4432/4432 341/341 4930/4930
f 341/341 453/453 4930/4930
f 989/989 2160/2160 4933/4933
f 3767/3767 3766/3766 4327/4327
f 2809/2809 4053/4053 33/33
f 2871/2871 2812/2812 2811/2811
f 4934/4934 4549/4549 2824/2824
f 2823/2823 351/351 2824/2824
f 4935/4935 3947/3947 3946/3946
f 470/470 4936/4936 3946/3946
f 4828/4828 1130/1130 4448/4448
f 1129/1129 4448/4448 1130/1130
f 4937/4937 4170/4170 4938/4938
f 4937/4937 4938/4938 2064/2064
f 4212/4212 4211/4211 4939/4939
f 3843/3843 4940/4940 4547/4547
f 2305/2305 2304/2304 1891/1891
f 1646/1646 4941/4941 3941/3941
f 1400/1400 268/268 3311/3311
f 270/270 4942/4942 268/268
f 2899/2899 973/973 2900/2900
f 3187/3187 53/53 1701/1701
f 4943/4943 4944/4944 4945/4945
f 4946/4946 4944/4944 4943/4943
f 105/105 2659/2659 103/103
f 2838/2838 2840/2840 105/105
f 1126/1126 2359/2359 2692/2692
f 2359/2359 1126/1126 2358/2358
f 1507/1507 2717/2717 1508/1508
f 1611/1611 2720/2720 3891/3891
f 171/171 4193/4193 1499/1499
f 1499/1499 4193/4193 4633/4633
f 1081/1081 4947/4947 4948/4948
f 2087/2087 4947/4947 1081/1081
f 174/174 4911/4911 175/175
f 2555/2555 175/175 4911/4911
f 4767/4767 4949/4949 4950/4950
f 3726/3726 3331/3331 3727/3727
f 3189/3189 3191/3191 4951/4951
f 4952/4952 3189/3189 4951/4951
f 3875/3875 2715/2715 1529/1529
f 2714/2714 1529/1529 2715/2715
f 1504/1504 2634/2634 1502/1502
f 3502/3502 4860/4860 3503/3503
f 2781/2781 4953/4953 2782/2782
f 2782/2782 4953/4953 1184/1184
f 601/601 4779/4779 4313/4313
f 602/602 601/601 4313/4313
f 4954/4954 4627/4627 4626/4626
f 4955/4955 4626/4626 4625/4625
f 4956/4956 2332/2332 4957/4957
f 3819/3819 3820/3820 1984/1984
f 1373/1373 4958/4958 1826/1826
f 3659/3659 4452/4452 4453/4453
f 305/305 198/198 1076/1076
f 199/199 198/198 305/305
f 4413/4413 1944/1944 720/720
f 723/723 4703/4703 1944/1944
f 3328/3328 4959/4959 3326/3326
f 4960/4960 2404/2404 1016/1016
f 4103/4103 4394/4394 716/716
f 716/716 2867/2867 4103/4103
f 4961/4961 4307/4307 4310/4310
f 1370/1370 1369/1369 2215/2215
f 619/619 857/857 1547/1547
f 1547/1547 1782/1782 619/619
f 4565/4565 664/664 1461/1461
f 660/660 1461/1461 2417/2417
f 4943/4943 2194/2194 1357/1357
f 4232/4232 2194/2194 4943/4943
f 4962/4962 4963/4963 4964/4964
f 4962/4962 4964/4964 4957/4957
f 1054/1054 3122/3122 766/766
f 3122/3122 764/764 766/766
f 4965/4965 682/682 1903/1903
f 4966/4966 1906/1906 1488/1488
f 430/430 429/429 3412/3412
f 3412/3412 4301/4301 430/430
f 2763/2763 2762/2762 3217/3217
f 2763/2763 4967/4967 2761/2761
f 1990/1990 3908/3908 4968/4968
f 1987/1987 1989/1989 4968/4968
f 3559/3559 3748/3748 999/999
f 999/999 998/998 1329/1329
f 1187/1187 1182/1182 1184/1184
f 4249/4249 1187/1187 1184/1184
f 1511/1511 1834/1834 1833/1833
f 1511/1511 1610/1610 1834/1834
f 4807/4807 2440/2440 3256/3256
f 3256/3256 1066/1066 4807/4807
f 4969/4969 3473/3473 2539/2539
f 4969/4969 679/679 678/678
f 3121/3121 4970/4970 2558/2558
f 2558/2558 3122/3122 3121/3121
f 994/994 993/993 1934/1934
f 2763/2763 3217/3217 4967/4967
f 3143/3143 3296/3296 3142/3142
f 473/473 3142/3142 474/474
f 3547/3547 3549/3549 4548/4548
f 3549/3549 2064/2064 2066/2066
f 667/667 4174/4174 4175/4175
f 1911/1911 1907/1907 3086/3086
f 2997/2997 1065/1065 2996/2996
f 4971/4971 1065/1065 1441/1441
f 4/4 4972/4972 4973/4973
f 4974/4974 4972/4972 4/4
f 108/108 2185/2185 1707/1707
f 1707/1707 2185/2185 1998/1998
f 3411/3411 3410/3410 4975/4975
f 4975/4975 311/311 2220/2220
f 2678/2678 3751/3751 656/656
f 2678/2678 1438/1438 3450/3450
f 2926/2926 4976/4976 2927/2927
f 4977/4977 4978/4978 4979/4979
f 4955/4955 3107/3107 4626/4626
f 4980/4980 402/402 3107/3107
f 3950/3950 3949/3949 3072/3072
f 4846/4846 3934/3934 3933/3933
f 4981/4981 3711/3711 3974/3974
f 1411/1411 1410/1410 3711/3711
f 4982/4982 3543/3543 4956/4956
f 2756/2756 3543/3543 4982/4982
f 4804/4804 1554/1554 1474/1474
f 2397/2397 1554/1554 4983/4983
f 2627/2627 3748/3748 2624/2624
f 3561/3561 1621/1621 3748/3748
f 4984/4984 4985/4985 4986/4986
f 1362/1362 4986/4986 4985/4985
f 4987/4987 4988/4988 3126/3126
f 1134/1134 4989/4989 1132/1132
f 4310/4310 4990/4990 4308/4308
f 2225/2225 2224/2224 805/805
f 4707/4707 2264/2264 2864/2864
f 966/966 334/334 4698/4698
f 4080/4080 1906/1906 4966/4966
f 4080/4080 1904/1904 1906/1906
f 4171/4171 1976/1976 4135/4135
f 2200/2200 2199/2199 3432/3432
f 2937/2937 4991/4991 2944/2944
f 2937/2937 3192/3192 4991/4991
f 4107/4107 4106/4106 4133/4133
f 3627/3627 3626/3626 1468/1468
f 1138/1138 1139/1139 2280/2280
f 2281/2281 4839/4839 1142/1142
f 1451/1451 3472/3472 1452/1452
f 1555/1555 1452/1452 3472/3472
f 2360/2360 571/571 321/321
f 321/321 2361/2361 2360/2360
f 4956/4956 1986/1986 4982/4982
f 1986/1986 4956/4956 4957/4957
f 344/344 343/343 4412/4412
f 343/343 2618/2618 2619/2619
f 903/903 4575/4575 904/904
f 904/904 4992/4992 780/780
f 3445/3445 4993/4993 3446/3446
f 4970/4970 3357/3357 2558/2558
f 767/767 4046/4046 3355/3355
f 4046/4046 767/767 769/769
f 4357/4357 719/719 4356/4356
f 719/719 721/721 602/602
f 4192/4192 4994/4994 2426/2426
f 2047/2047 4994/4994 287/287
f 140/140 2596/2596 274/274
f 15/15 14/14 2697/2697
f 3811/3811 666/666 665/665
f 3797/3797 3466/3466 2069/2069
f 3281/3281 1230/1230 3282/3282
f 3421/3421 3419/3419 3281/3281
f 4685/4685 3350/3350 4671/4671
f 4790/4790 4685/4685 4687/4687
f 1853/1853 196/196 4058/4058
f 3244/3244 3246/3246 4995/4995
f 835/835 537/537 4996/4996
f 2622/2622 1614/1614 1613/1613
f 4997/4997 4819/4819 2126/2126
f 2205/2205 3512/3512 3513/3513
f 1478/1478 1476/1476 1475/1475
f 1478/1478 4998/4998 1476/1476
f 4134/4134 1269/1269 4540/4540
f 4107/4107 1269/1269 4134/4134
f 2948/2948 2076/2076 2949/2949
f 1890/1890 4348/4348 659/659
f 3997/3997 4840/4840 3998/3998
f 3997/3997 4619/4619 4840/4840
f 309/309 4999/4999 459/459
f 309/309 2373/2373 4999/4999
f 5000/5000 3073/3073 3075/3075
f 2960/2960 2740/2740 2739/2739
f 2107/2107 4619/4619 3997/3997
f 331/331 3997/3997 3996/3996
f 4195/4195 2890/2890 4575/4575
f 5001/5001 904/904 4575/4575
f 2828/2828 2199/2199 2198/2198
f 2829/2829 2828/2828 2198/2198
f 4519/4519 4517/4517 3579/3579
f 4519/4519 3579/3579 493/493
f 2429/2429 2431/2431 3039/3039
f 4416/4416 3038/3038 3039/3039
f 723/723 3301/3301 4703/4703
f 856/856 327/327 854/854
f 1778/1778 2347/2347 2348/2348
f 2898/2898 517/517 2899/2899
f 5002/5002 4678/4678 260/260
f 260/260 259/259 5002/5002
f 5003/5003 5004/5004 4632/4632
f 1150/1150 1152/1152 2197/2197
f 573/573 4039/4039 3264/3264
f 3956/3956 3954/3954 573/573
f 5005/5005 3101/3101 3335/3335
f 3335/3335 2542/2542 5005/5005
f 2449/2449 2448/2448 1563/1563
f 1563/1563 3953/3953 2449/2449
f 1479/1479 4831/4831 1948/1948
f 3824/3824 3823/3823 1951/1951
f 4683/4683 4684/4684 3113/3113
f 1854/1854 3801/3801 3800/3800
f 4092/4092 473/473 472/472
f 3428/3428 3353/3353 5006/5006
f 1885/1885 3428/3428 5006/5006
f 3752/3752 3750/3750 3753/3753
f 4193/4193 3750/3750 4633/4633
f 4877/4877 3154/3154 4876/4876
f 4877/4877 3152/3152 3154/3154
f 460/460 2373/2373 2354/2354
f 2354/2354 2373/2373 3211/3211
f 309/309 1880/1880 2371/2371
f 5007/5007 3097/3097 2374/2374
f 385/385 3517/3517 2302/2302
f 279/279 278/278 385/385
f 2616/2616 2676/2676 3450/3450
f 2677/2677 2676/2676 4458/4458
f 245/245 244/244 2889/2889
f 2889/2889 2891/2891 245/245
f 4967/4967 5008/5008 2761/2761
f 2947/2947 2761/2761 5008/5008
f 3663/3663 285/285 1394/1394
f 285/285 1395/1395 1394/1394
f 4451/4451 899/899 4523/4523
f 899/899 4451/4451 900/900
f 5009/5009 2020/2020 3323/3323
f 2020/2020 2019/2019 3321/3321
f 1606/1606 1603/1603 2844/2844
f 4286/4286 1606/1606 1924/1924
f 2423/2423 4489/4489 2420/2420
f 2687/2687 2420/2420 5010/5010
f 5011/5011 1393/1393 5012/5012
f 4575/4575 4574/4574 4195/4195
f 5013/5013 3896/3896 1221/1221
f 3761/3761 5013/5013 1221/1221
f 278/278 3517/3517 385/385
f 3521/3521 5014/5014 4224/4224
f 2034/2034 5015/5015 2815/2815
f 5005/5005 2542/2542 560/560
f 559/559 3105/3105 560/560
f 3186/3186 1700/1700 2151/2151
f 1700/1700 3186/3186 1701/1701
f 3157/3157 5016/5016 3155/3155
f 5016/5016 3157/3157 4878/4878
f 2724/2724 3372/3372 3998/3998
f 3373/3373 3372/3372 2724/2724
f 1932/1932 5017/5017 5018/5018
f 1932/1932 2946/2946 1933/1933
f 2948/2948 2072/2072 1460/1460
f 2948/2948 1460/1460 2076/2076
f 1758/1758 1873/1873 1759/1759
f 1873/1873 2442/2442 1759/1759
f 5019/5019 5020/5020 1104/1104
f 5019/5019 1104/1104 4355/4355
f 1654/1654 5021/5021 3845/3845
f 3845/3845 5021/5021 3846/3846
f 4156/4156 3888/3888 3887/3887
f 3888/3888 4156/4156 4155/4155
f 1410/1410 5022/5022 1413/1413
f 4131/4131 5023/5023 2503/2503
f 3264/3264 3172/3172 573/573
f 3173/3173 3172/3172 3264/3264
f 5024/5024 4933/4933 2160/2160
f 5025/5025 5026/5026 5027/5027
f 284/284 286/286 5028/5028
f 1867/1867 2410/2410 286/286
f 2579/2579 2569/2569 179/179
f 177/177 2567/2567 2569/2569
f 708/708 3884/3884 709/709
f 3884/3884 708/708 3885/3885
f 284/284 1395/1395 285/285
f 2408/2408 4923/4923 5029/5029
f 4791/4791 3242/3242 3862/3862
f 5030/5030 3862/3862 2839/2839
f 4397/4397 4399/4399 4398/4398
f 2754/2754 2753/2753 5031/5031
f 4750/4750 2642/2642 4749/4749
f 4749/4749 2642/2642 4759/4759
f 3894/3894 1657/1657 3896/3896
f 4352/4352 3896/3896 1657/1657
f 1397/1397 846/846 4373/4373
f 4373/4373 4881/4881 1397/1397
f 11/11 3438/3438 3440/3440
f 5032/5032 3109/3109 5033/5033
f 4112/4112 4115/4115 4113/4113
f 4113/4113 634/634 636/636
f 694/694 4043/4043 692/692
f 2467/2467 4043/4043 694/694
f 5034/5034 3406/3406 3405/3405
f 5034/5034 2074/2074 2073/2073
f 4523/4523 1274/1274 1273/1273
f 4522/4522 4523/4523 1273/1273
f 4567/4567 940/940 3558/3558
f 939/939 3558/3558 940/940
f 3709/3709 2399/2399 2284/2284
f 3709/3709 2284/2284 2283/2283
f 4212/4212 4939/4939 5021/5021
f 4212/4212 5021/5021 1654/1654
f 3466/3466 2067/2067 2069/2069
f 2070/2070 2067/2067 3466/3466
f 5025/5025 5027/5027 2158/2158
f 734/734 2158/2158 735/735
f 5035/5035 3455/3455 3454/3454
f 2969/2969 2968/2968 3351/3351
f 5036/5036 4714/4714 2118/2118
f 5036/5036 2118/2118 2120/2120
f 1063/1063 5037/5037 5038/5038
f 5039/5039 1584/1584 1583/1583
f 2765/2765 4655/4655 2202/2202
f 2765/2765 2202/2202 2766/2766
f 373/373 375/375 5040/5040
f 4110/4110 2506/2506 5020/5020
f 3577/3577 2414/2414 2413/2413
f 1468/1468 3626/3626 2413/2413
f 1413/1413 5022/5022 5041/5041
f 3437/3437 11/11 1871/1871
f 5042/5042 5043/5043 4297/4297
f 426/426 3584/3584 5044/5044
f 1781/1781 42/42 3733/3733
f 3733/3733 3732/3732 1781/1781
f 3584/3584 426/426 425/425
f 3584/3584 425/425 3585/3585
f 2060/2060 2062/2062 1598/1598
f 1598/1598 2989/2989 3004/3004
f 3124/3124 3754/3754 1263/1263
f 5045/5045 3348/3348 3920/3920
f 1607/1607 1609/1609 5046/5046
f 3516/3516 5046/5046 626/626
f 5047/5047 2294/2294 4844/4844
f 2294/2294 2292/2292 2295/2295
f 3863/3863 3862/3862 5030/5030
f 572/572 2231/2231 338/338
f 2736/2736 4253/4253 1752/1752
f 2247/2247 2736/2736 2248/2248
f 2993/2993 2995/2995 5048/5048
f 2841/2841 3210/3210 2995/2995
f 2445/2445 4964/4964 4963/4963
f 2445/2445 2726/2726 2725/2725
f 2917/2917 5049/5049 1752/1752
f 2736/2736 1752/1752 2248/2248
f 1629/1629 5050/5050 1633/1633
f 1629/1629 4623/4623 5050/5050
f 3208/3208 5017/5017 3209/3209
f 2995/2995 3210/3210 5017/5017
f 961/961 643/643 5051/5051
f 2277/2277 5051/5051 643/643
f 5052/5052 1691/1691 1693/1693
f 2908/2908 3795/3795 2909/2909
f 5053/5053 1689/1689 5054/5054
f 960/960 755/755 1689/1689
f 590/590 3528/3528 3469/3469
f 3469/3469 1002/1002 5055/5055
f 1081/1081 4948/4948 1079/1079
f 3714/3714 4948/4948 5056/5056
f 3803/3803 1029/1029 1028/1028
f 3822/3822 3803/3803 118/118
f 3735/3735 4595/4595 855/855
f 856/856 855/855 4257/4257
f 2862/2862 4276/4276 4277/4277
f 1546/1546 2861/2861 1048/1048
f 3140/3140 910/910 2128/2128
f 1295/1295 1294/1294 910/910
f 533/533 3277/3277 3276/3276
f 4653/4653 533/533 3276/3276
f 3212/3212 519/519 518/518
f 2354/2354 5057/5057 1883/1883
f 4987/4987 3126/3126 1135/1135
f 5058/5058 1859/1859 1860/1860
f 2804/2804 486/486 485/485
f 4722/4722 2804/2804 485/485
f 1463/1463 458/458 1464/1464
f 1464/1464 4531/4531 4530/4530
f 2812/2812 33/33 35/35
f 2812/2812 2871/2871 33/33
f 4560/4560 1500/1500 2769/2769
f 2770/2770 2769/2769 1500/1500
f 1295/1295 910/910 3140/3140
f 3622/3622 1295/1295 3140/3140
f 101/101 5059/5059 610/610
f 3258/3258 3257/3257 4657/4657
f 851/851 850/850 5060/5060
f 5061/5061 5062/5062 5063/5063
f 99/99 98/98 5064/5064
f 98/98 1550/1550 5064/5064
f 460/460 3106/3106 458/458
f 1464/1464 458/458 4531/4531
f 2865/2865 5065/5065 898/898
f 5066/5066 5067/5067 898/898
f 3973/3973 2787/2787 1332/1332
f 3730/3730 1800/1800 638/638
f 599/599 3389/3389 3391/3391
f 599/599 2885/2885 5068/5068
f 2794/2794 2682/2682 985/985
f 984/984 4638/4638 985/985
f 2865/2865 1482/1482 1484/1484
f 898/898 5069/5069 2865/2865
f 1076/1076 1078/1078 5070/5070
f 3590/3590 5071/5071 3491/3491
f 1090/1090 1089/1089 1696/1696
f 3319/3319 3318/3318 3943/3943
f 2308/2308 4608/4608 2934/2934
f 4608/4608 2308/2308 2310/2310
f 552/552 5072/5072 550/550
f 3439/3439 5072/5072 403/403
f 3970/3970 3969/3969 2488/2488
f 3969/3969 859/859 2488/2488
f 3395/3395 3890/3890 1636/1636
f 3890/3890 2500/2500 1636/1636
f 5066/5066 1483/1483 5067/5067
f 1481/1481 1484/1484 1483/1483
f 5073/5073 884/884 880/880
f 885/885 884/884 5073/5073
f 4963/4963 4962/4962 5074/5074
f 2443/2443 2727/2727 2726/2726
f 3057/3057 3406/3406 699/699
f 699/699 3056/3056 3057/3057
f 3130/3130 2585/2585 4875/4875
f 2585/2585 2437/2437 2583/2583
f 4007/4007 4085/4085 4814/4814
f 3807/3807 4085/4085 349/349
f 4000/4000 3202/3202 3834/3834
f 3201/3201 3834/3834 3202/3202
f 2854/2854 2856/2856 651/651
f 3028/3028 652/652 651/651
f 5075/5075 851/851 5060/5060
f 5075/5075 5060/5060 3241/3241
f 4744/4744 5076/5076 412/412
f 2532/2532 412/412 5076/5076
f 4189/4189 5077/5077 3415/3415
f 5077/5077 3416/3416 3415/3415
f 1625/1625 1627/1627 1624/1624
f 2929/2929 1624/1624 1627/1627
f 5057/5057 3212/3212 518/518
f 5057/5057 5078/5078 3212/3212
f 1852/1852 3442/3442 1853/1853
f 1853/1853 3442/3442 4995/4995
f 4015/4015 4645/4645 4644/4644
f 3596/3596 4858/4858 3597/3597
f 1424/1424 2253/2253 5079/5079
f 2269/2269 2654/2654 4433/4433
f 3902/3902 1960/1960 2147/2147
f 2147/2147 1960/1960 2953/2953
f 1590/1590 3738/3738 1588/1588
f 1588/1588 3738/3738 3739/3739
f 2422/2422 5080/5080 5081/5081
f 5081/5081 5010/5010 2422/2422
f 5082/5082 4097/4097 5024/5024
f 5083/5083 5025/5025 2158/2158
f 449/449 1289/1289 450/450
f 1289/1289 5084/5084 450/450
f 2043/2043 4556/4556 4605/4605
f 2043/2043 5085/5085 2162/2162
f 2251/2251 4852/4852 1098/1098
f 2251/2251 1098/1098 2252/2252
f 2154/2154 2153/2153 3881/3881
f 271/271 226/226 3882/3882
f 2546/2546 887/887 2547/2547
f 887/887 4895/4895 2547/2547
f 1925/1925 1606/1606 1605/1605
f 3068/3068 3988/3988 1038/1038
f 2734/2734 3254/3254 2395/2395
f 2395/2395 3688/3688 2734/2734
f 5047/5047 4844/4844 3653/3653
f 3655/3655 2292/2292 3653/3653
f 1541/1541 1497/1497 1494/1494
f 1434/1434 1541/1541 1494/1494
f 1810/1810 607/607 609/609
f 1643/1643 844/844 1644/1644
f 3929/3929 3930/3930 1539/1539
f 1541/1541 3929/3929 1539/1539
f 2197/2197 5003/5003 1150/1150
f 4630/4630 4624/4624 3170/3170
f 1213/1213 4018/4018 1252/1252
f 4018/4018 1253/1253 1252/1252
f 972/972 967/967 969/969
f 904/904 780/780 905/905
f 901/901 1829/1829 1828/1828
f 4216/4216 2668/2668 1828/1828
f 3933/3933 3932/3932 3879/3879
f 3932/3932 3933/3933 1889/1889
f 574/574 573/573 3172/3172
f 574/574 3172/3172 3171/3171
f 4904/4904 4675/4675 925/925
f 925/925 1282/1282 4904/4904
f 3497/3497 1357/1357 1359/1359
f 167/167 169/169 4946/4946
f 4182/4182 359/359 1509/1509
f 1610/1610 1612/1612 1831/1831
f 5086/5086 1865/1865 1864/1864
f 4344/4344 5086/5086 3377/3377
f 4841/4841 3435/3435 2513/2513
f 3435/3435 3436/3436 2513/2513
f 4176/4176 4202/4202 5087/5087
f 4203/4203 3854/3854 4177/4177
f 2552/2552 3490/3490 31/31
f 2552/2552 3589/3589 3490/3490
f 3882/3882 160/160 271/271
f 3792/3792 567/567 3033/3033
f 5066/5066 5088/5088 1483/1483
f 5088/5088 5066/5066 4452/4452
f 5089/5089 4071/4071 1607/1607
f 1607/1607 5090/5090 5089/5089
f 3213/3213 5091/5091 3392/3392
f 3212/3212 5078/5078 3213/3213
f 4605/4605 4604/4604 5092/5092
f 3255/3255 2162/2162 5085/5085
f 1181/1181 1180/1180 1177/1177
f 4104/4104 4102/4102 5093/5093
f 1466/1466 178/178 3271/3271
f 5094/5094 4777/4777 4776/4776
f 1686/1686 76/76 3981/3981
f 5095/5095 3981/3981 76/76
f 2529/2529 2528/2528 5096/5096
f 524/524 4564/4564 3816/3816
f 153/153 2103/2103 3076/3076
f 3076/3076 3540/3540 153/153
f 3653/3653 4844/4844 134/134
f 1302/1302 4844/4844 1303/1303
f 1501/1501 332/332 5097/5097
f 1501/1501 5097/5097 3783/3783
f 5087/5087 4177/4177 4176/4176
f 5098/5098 1170/1170 5099/5099
f 664/664 18/18 662/662
f 3732/3732 3731/3731 1781/1781
f 969/969 2381/2381 3116/3116
f 2381/2381 2383/2383 3116/3116
f 2314/2314 2430/2430 2315/2315
f 5100/5100 3724/3724 2431/2431
f 4862/4862 5101/5101 1655/1655
f 4500/4500 1979/1979 116/116
f 4477/4477 1304/1304 4475/4475
f 3303/3303 4475/4475 1304/1304
f 794/794 2555/2555 3286/3286
f 794/794 3286/3286 3445/3445
f 4365/4365 4020/4020 4366/4366
f 1004/1004 5102/5102 2453/2453
f 200/200 2156/2156 2529/2529
f 2529/2529 2156/2156 2528/2528
f 4325/4325 3501/3501 2097/2097
f 4324/4324 4325/4325 4323/4323
f 4863/4863 4862/4862 5103/5103
f 291/291 4569/4569 2571/2571
f 4389/4389 5104/5104 5080/5080
f 4236/4236 5104/5104 4389/4389
f 3021/3021 2159/2159 5026/5026
f 3021/3021 3923/3923 2159/2159
f 449/449 2165/2165 2164/2164
f 5105/5105 449/449 2164/2164
f 5106/5106 4979/4979 4976/4976
f 4976/4976 4036/4036 2207/2207
f 3271/3271 4777/4777 1466/1466
f 3271/3271 4774/4774 4777/4777
f 3169/3169 258/258 4631/4631
f 5107/5107 3617/3617 304/304
f 5100/5100 5108/5108 2316/2316
f 5109/5109 555/555 557/557
f 1494/1494 1497/1497 4292/4292
f 1497/1497 1496/1496 151/151
f 4395/4395 4514/4514 4258/4258
f 3617/3617 3616/3616 4395/4395
f 4292/4292 151/151 150/150
f 4292/4292 1497/1497 151/151
f 771/771 770/770 1449/1449
f 3024/3024 1449/1449 770/770
f 2545/2545 3032/3032 3031/3031
f 3032/3032 2545/2545 4367/4367
f 1727/1727 2749/2749 1728/1728
f 1729/1729 1731/1731 1728/1728
f 2027/2027 2026/2026 4800/4800
f 5110/5110 4441/4441 4439/4439
f 1476/1476 4998/4998 1725/1725
f 421/421 1725/1725 4998/4998
f 4198/4198 4334/4334 2324/2324
f 5073/5073 4335/4335 885/885
f 1573/1573 1518/1518 928/928
f 1518/1518 926/926 928/928
f 5111/5111 2453/2453 2452/2452
f 5112/5112 1094/1094 1093/1093
f 417/417 3897/3897 418/418
f 1438/1438 658/658 1439/1439
f 4273/4273 2031/2031 2030/2030
f 4273/4273 2032/2032 1515/1515
f 434/434 436/436 5113/5113
f 434/434 5113/5113 4796/4796
f 376/376 353/353 377/377
f 354/354 353/353 3895/3895
f 214/214 3444/3444 2103/2103
f 4796/4796 3444/3444 434/434
f 1809/1809 3656/3656 3292/3292
f 1809/1809 607/607 1810/1810
f 5114/5114 4146/4146 4524/4524
f 5115/5115 4146/4146 5114/5114
f 1975/1975 4005/4005 4004/4004
f 1975/1975 2063/2063 3547/3547
f 4395/4395 3616/3616 4514/4514
f 3892/3892 3618/3618 3616/3616
f 5116/5116 3910/3910 3913/3913
f 5111/5111 5112/5112 1093/1093
f 1644/1644 844/844 843/843
f 4263/4263 4264/4264 1775/1775
f 328/328 3906/3906 2169/2169
f 5117/5117 328/328 330/330
f 774/774 773/773 3024/3024
f 774/774 3024/3024 770/770
f 4892/4892 4905/4905 4906/4906
f 2016/2016 4880/4880 4892/4892
f 3670/3670 364/364 4044/4044
f 4044/4044 4045/4045 3670/3670
f 5112/5112 2452/2452 5118/5118
f 5111/5111 2452/2452 5112/5112
f 5119/5119 4529/4529 2002/2002
f 2002/2002 2004/2004 5119/5119
f 4115/4115 4112/4112 5120/5120
f 3699/3699 2150/2150 3698/3698
f 1084/1084 4197/4197 262/262
f 262/262 1591/1591 1593/1593
f 383/383 4562/4562 4222/4222
f 4562/4562 383/383 382/382
f 3521/3521 1730/1730 2438/2438
f 1730/1730 1729/1729 2438/2438
f 1396/1396 4921/4921 2028/2028
f 1396/1396 2028/2028 5121/5121
f 4056/4056 5122/5122 4259/4259
f 2532/2532 5076/5076 4056/4056
f 1647/1647 2419/2419 2418/2418
f 2418/2418 664/664 1647/1647
f 361/361 773/773 362/362
f 2109/2109 1949/1949 2110/2110
f 3963/3963 3965/3965 4347/4347
f 3966/3966 3965/3965 3967/3967
f 4274/4274 86/86 636/636
f 636/636 86/86 4113/4113
f 1298/1298 832/832 834/834
f 1346/1346 1298/1298 3599/3599
f 2899/2899 53/53 973/973
f 517/517 53/53 2899/2899
f 1502/1502 5123/5123 1503/1503
f 5124/5124 4479/4479 4668/4668
f 915/915 2929/2929 1627/1627
f 4129/4129 2929/2929 915/915
f 3649/3649 3895/3895 376/376
f 3895/3895 353/353 376/376
f 3877/3877 4464/4464 4463/4463
f 1140/1140 1055/1055 1784/1784
f 5123/5123 1502/1502 4479/4479
f 1502/1502 2634/2634 2635/2635
f 2912/2912 488/488 3079/3079
f 3081/3081 2912/2912 3079/3079
f 3516/3516 2083/2083 4724/4724
f 5046/5046 3516/3516 2302/2302
f 2635/2635 329/329 4479/4479
f 4479/4479 1502/1502 2635/2635
f 420/420 2522/2522 2521/2521
f 2521/2521 3558/3558 3557/3557
f 237/237 5125/5125 3758/3758
f 5125/5125 237/237 239/239
f 1285/1285 2082/2082 686/686
f 1285/1285 1581/1581 2082/2082
f 4761/4761 2429/2429 2427/2427
f 2313/2313 2315/2315 4761/4761
f 983/983 2222/2222 3575/3575
f 983/983 985/985 2222/2222
f 5126/5126 2595/2595 2494/2494
f 5126/5126 2494/2494 5127/5127
f 5128/5128 1919/1919 3690/3690
f 3690/3690 1919/1919 5129/5129
f 2254/2254 1426/1426 3452/3452
f 1424/1424 1426/1426 2254/2254
f 52/52 1701/1701 53/53
f 1840/1840 1247/1247 1246/1246
f 4854/4854 1062/1062 5130/5130
f 5131/5131 1063/1063 1062/1062
f 5122/5122 4056/4056 4915/4915
f 4915/4915 3096/3096 4763/4763
f 2850/2850 2140/2140 4710/4710
f 3675/3675 4729/4729 3674/3674
f 3708/3708 5132/5132 2561/2561
f 5133/5133 5132/5132 3708/3708
f 4214/4214 4443/4443 2204/2204
f 1257/1257 4444/4444 4443/4443
f 2947/2947 2446/2446 2725/2725
f 2446/2446 2445/2445 2725/2725
f 3135/3135 2497/2497 2041/2041
f 5134/5134 2497/2497 3135/3135
f 5135/5135 4437/4437 1814/1814
f 4437/4437 1520/1520 4436/4436
f 1525/1525 3637/3637 2152/2152
f 1526/1526 1525/1525 1524/1524
f 2011/2011 1252/1252 4420/4420
f 2012/2012 2011/2011 1255/1255
f 1092/1092 5116/5116 1093/1093
f 5116/5116 3913/3913 1093/1093
f 1512/1512 2604/2604 4467/4467
f 1512/1512 1665/1665 2604/2604
f 3755/3755 2462/2462 3993/3993
f 3755/3755 2465/2465 2464/2464
f 3725/3725 2075/2075 3071/3071
f 2075/2075 3725/3725 2278/2278
f 4184/4184 4701/4701 790/790
f 790/790 3092/3092 4184/4184
f 2596/2596 140/140 14/14
f 14/14 564/564 2596/2596
f 2543/2543 4237/4237 1001/1001
f 2038/2038 678/678 1537/1537
f 991/991 3020/3020 704/704
f 704/704 3020/3020 5136/5136
f 2855/2855 2854/2854 1348/1348
f 1348/1348 3647/3647 2855/2855
f 5137/5137 1537/1537 4077/4077
f 2038/2038 1537/1537 2036/2036
f 446/446 448/448 3215/3215
f 3215/3215 2098/2098 446/446
f 565/565 14/14 16/16
f 1308/1308 3090/3090 3089/3089
f 5138/5138 803/803 2059/2059
f 4795/4795 804/804 4094/4094
f 3156/3156 733/733 751/751
f 730/730 734/734 733/733
f 2176/2176 2977/2977 4773/4773
f 4773/4773 2977/2977 5139/5139
f 2368/2368 4652/4652 4590/4590
f 2497/2497 5134/5134 5140/5140
f 3261/3261 1073/1073 3175/3175
f 1073/1073 3261/3261 2667/2667
f 605/605 2778/2778 121/121
f 605/605 121/121 5141/5141
f 3736/3736 3734/3734 1649/1649
f 3734/3734 3736/3736 3735/3735
f 895/895 923/923 896/896
f 3631/3631 896/896 4675/4675
f 2462/2462 3755/3755 5142/5142
f 2463/2463 2462/2462 5142/5142
f 5019/5019 4355/4355 503/503
f 5019/5019 503/503 5143/5143
f 2527/2527 96/96 2460/2460
f 94/94 96/96 2527/2527
f 595/595 4798/4798 2931/2931
f 5144/5144 2931/2931 2930/2930
f 149/149 151/151 1496/1496
f 1496/1496 2646/2646 149/149
f 4646/4646 4168/4168 4647/4647
f 1806/1806 4168/4168 4646/4646
f 1683/1683 4185/4185 2789/2789
f 4485/4485 4484/4484 4317/4317
f 4239/4239 3880/3880 2058/2058
f 2058/2058 5138/5138 2059/2059
f 5145/5145 5146/5146 4765/4765
f 2085/2085 5145/5145 4765/4765
f 2854/2854 2853/2853 4812/4812
f 2854/2854 1349/1349 1348/1348
f 1450/1450 1452/1452 1556/1556
f 1447/1447 4669/4669 1448/1448
f 704/704 5136/5136 705/705
f 5136/5136 4144/4144 705/705
f 5147/5147 3663/3663 3205/3205
f 3663/3663 5147/5147 5148/5148
f 2964/2964 3425/3425 2963/2963
f 2965/2965 2964/2964 2963/2963
f 3095/3095 1188/1188 1251/1251
f 3095/3095 1191/1191 1188/1188
f 4495/4495 5149/5149 2098/2098
f 5149/5149 5150/5150 2098/2098
f 4460/4460 4166/4166 2683/2683
f 4166/4166 4141/4141 2683/2683
f 2744/2744 4161/4161 4104/4104
f 4162/4162 4161/4161 5151/5151
f 5152/5152 2515/2515 2517/2517
f 5152/5152 2517/2517 4316/4316
f 5015/5015 535/535 2815/2815
f 536/536 535/535 5015/5015
f 4763/4763 4762/4762 197/197
f 197/197 4259/4259 5122/5122
f 2015/2015 4754/4754 4880/4880
f 4754/4754 2015/2015 2017/2017
f 4455/4455 168/168 3495/3495
f 168/168 4455/4455 4231/4231
f 4604/4604 2161/2161 5092/5092
f 5092/5092 2161/2161 4062/4062
f 2964/2964 5153/5153 3425/3425
f 3422/3422 3425/3425 3141/3141
f 210/210 4740/4740 3741/3741
f 210/210 213/213 876/876
f 215/215 150/150 2647/2647
f 4208/4208 2104/2104 152/152
f 4697/4697 1203/1203 5154/5154
f 5155/5155 2192/2192 1200/1200
f 32/32 2361/2361 321/321
f 5156/5156 32/32 307/307
f 3712/3712 5157/5157 3713/3713
f 3714/3714 5056/5056 772/772
f 1246/1246 1248/1248 5158/5158
f 2056/2056 1250/1250 1249/1249
f 2098/2098 5159/5159 2099/2099
f 447/447 446/446 5160/5160
f 2346/2346 358/358 3190/3190
f 246/246 3193/3193 4021/4021
f 2421/2421 5080/5080 2422/2422
f 2421/2421 4389/4389 5080/5080
f 1578/1578 3289/3289 4594/4594
f 2582/2582 3289/3289 1578/1578
f 447/447 5160/5160 5159/5159
f 3499/3499 5084/5084 3500/3500
f 4584/4584 390/390 1565/1565
f 390/390 157/157 1565/1565
f 5006/5006 3353/3353 3976/3976
f 3976/3976 3784/3784 1886/1886
f 5161/5161 2022/2022 1845/1845
f 5161/5161 2368/2368 2022/2022
f 5152/5152 4341/4341 2175/2175
f 1325/1325 2175/2175 2176/2176
f 4470/4470 4338/4338 2392/2392
f 4470/4470 340/340 4338/4338
f 2835/2835 4153/4153 2881/2881
f 2835/2835 117/117 1980/1980
f 215/215 214/214 2104/2104
f 150/150 215/215 2104/2104
f 3332/3332 1870/1870 1869/1869
f 3330/3330 1870/1870 3332/3332
f 1981/1981 1983/1983 3279/3279
f 3279/3279 1983/1983 3277/3277
f 4600/4600 1105/1105 2504/2504
f 1761/1761 1106/1106 1105/1105
f 2935/2935 249/249 5162/5162
f 99/99 2077/2077 3532/3532
f 3435/3435 4842/4842 3433/3433
f 3946/3946 3433/3433 4842/4842
f 1419/1419 4173/4173 667/667
f 4336/4336 4337/4337 1419/1419
f 1799/1799 5163/5163 1800/1800
f 1068/1068 3114/3114 639/639
f 5164/5164 4659/4659 2940/2940
f 2938/2938 2940/2940 4659/4659
f 644/644 960/960 4803/4803
f 959/959 960/960 644/644
f 689/689 5165/5165 3325/3325
f 3325/3325 5165/5165 669/669
f 3817/3817 3390/3390 4735/4735
f 540/540 3911/3911 3037/3037
f 2293/2293 1803/1803 1855/1855
f 1854/1854 3800/3800 1855/1855
f 2916/2916 3195/3195 3344/3344
f 2709/2709 3194/3194 3195/3195
f 3191/3191 1969/1969 4446/4446
f 4446/4446 4951/4951 3191/3191
f 282/282 1453/1453 1657/1657
f 1657/1657 283/283 282/282
f 3094/3094 4321/4321 4318/4318
f 4322/4322 4353/4353 2790/2790
f 4977/4977 4979/4979 5106/5106
f 2535/2535 2926/2926 2925/2925
f 3969/3969 3542/3542 859/859
f 3542/3542 3228/3228 859/859
f 2663/2663 2662/2662 2664/2664
f 2664/2664 3234/3234 1278/1278
f 1436/1436 544/544 3751/3751
f 172/172 4634/4634 544/544
f 3087/3087 1994/1994 2010/2010
f 3337/3337 1994/1994 3087/3087
f 3101/3101 4469/4469 2806/2806
f 3101/3101 2806/2806 3335/3335
f 3017/3017 3019/3019 1788/1788
f 3017/3017 3641/3641 1314/1314
f 5166/5166 2179/2179 5167/5167
f 2873/2873 4379/4379 1030/1030
f 2530/2530 4564/4564 3814/3814
f 5096/5096 3816/3816 4564/4564
f 5168/5168 4182/4182 2112/2112
f 359/359 4182/4182 5168/5168
f 3442/3442 4700/4700 3944/3944
f 4995/4995 3442/3442 3244/3244
f 4860/4860 5169/5169 3503/3503
f 1144/1144 4860/4860 1145/1145
f 3916/3916 2930/2930 2933/2933
f 3916/3916 5144/5144 2930/2930
f 3796/3796 2905/2905 2904/2904
f 3793/3793 5170/5170 3794/3794
f 3801/3801 3113/3113 3802/3802
f 4683/4683 3113/3113 3801/3801
f 4357/4357 4356/4356 3307/3307
f 5171/5171 3307/3307 5172/5172
f 401/401 5173/5173 979/979
f 979/979 3893/3893 257/257
f 2873/2873 2872/2872 2179/2179
f 2873/2873 2179/2179 5166/5166
f 1640/1640 2906/2906 4201/4201
f 2904/2904 2906/2906 1640/1640
f 2727/2727 1913/1913 1915/1915
f 1913/1913 2727/2727 2329/2329
f 5174/5174 1442/1442 2882/2882
f 1442/1442 5174/5174 3128/3128
f 770/770 5175/5175 3712/3712
f 3712/3712 5175/5175 5157/5157
f 3371/3371 3373/3373 3580/3580
f 3373/3373 2724/2724 2723/2723
f 3224/3224 219/219 4665/4665
f 219/219 3791/3791 4665/4665
f 4051/4051 3353/3353 3428/3428
f 3353/3353 4051/4051 2496/2496
f 2719/2719 2603/2603 2717/2717
f 2603/2603 2719/2719 2718/2718
f 3580/3580 3581/3581 4580/4580
f 1982/1982 1981/1981 5176/5176
f 1092/1092 4818/4818 3036/3036
f 3036/3036 4818/4818 540/540
f 305/305 4396/4396 199/199
f 4395/4395 4258/4258 4396/4396
f 2336/2336 3463/3463 1937/1937
f 2336/2336 2335/2335 3463/3463
f 372/372 980/980 5177/5177
f 979/979 5173/5173 3893/3893
f 3019/3019 3017/3017 1314/1314
f 1313/1313 3019/3019 1314/1314
f 3038/3038 561/561 563/563
f 561/561 3038/3038 111/111
f 1099/1099 4852/4852 3625/3625
f 1098/1098 4852/4852 1099/1099
f 35/35 3928/3928 3927/3927
f 5151/5151 4161/4161 2744/2744
f 3459/3459 3458/3458 5178/5178
f 489/489 3160/3160 3163/3163
f 3160/3160 3161/3161 3163/3163
f 1913/1913 1796/1796 1914/1914
f 1795/1795 4924/4924 1796/1796
f 5179/5179 2559/2559 298/298
f 298/298 300/300 5179/5179
f 307/307 309/309 459/459
f 307/307 2362/2362 5156/5156
f 2443/2443 2331/2331 3581/3581
f 2333/2333 5176/5176 2331/2331
f 3568/3568 1143/1143 443/443
f 5180/5180 5181/5181 5182/5182
f 2679/2679 2050/2050 2054/2054
f 2051/2051 2050/2050 2679/2679
f 4163/4163 5183/5183 2721/2721
f 4163/4163 2721/2721 4130/4130
f 1912/1912 2010/2010 2486/2486
f 2010/2010 1912/1912 1911/1911
f 5181/5181 443/443 5182/5182
f 4220/4220 3569/3569 443/443
f 1527/1527 753/753 2722/2722
f 2117/2117 753/753 1527/1527
f 3917/3917 595/595 5144/5144
f 5144/5144 595/595 2931/2931
f 3740/3740 842/842 3742/3742
f 3742/3742 62/62 3740/3740
f 5184/5184 3079/3079 3080/3080
f 4132/4132 5184/5184 709/709
f 5108/5108 557/557 2316/2316
f 2316/2316 557/557 556/556
f 1118/1118 4887/4887 5185/5185
f 5185/5185 3233/3233 2223/2223
f 5186/5186 5187/5187 4011/4011
f 5188/5188 1765/1765 5187/5187
f 2401/2401 837/837 839/839
f 4347/4347 839/839 3963/3963
f 5189/5189 1736/1736 1622/1622
f 233/233 3259/3259 5189/5189
f 3031/3031 567/567 4917/4917
f 4897/4897 3031/3031 4917/4917
f 2081/2081 4168/4168 1806/1806
f 70/70 2081/2081 68/68
f 1106/1106 1761/1761 1760/1760
f 1106/1106 1760/1760 2125/2125
f 439/439 5190/5190 437/437
f 5191/5191 5190/5190 3696/3696
f 941/941 2696/2696 2694/2694
f 3558/3558 2694/2694 4567/4567
f 1796/1796 4924/4924 1914/1914
f 4870/4870 1793/1793 1917/1917
f 3772/3772 3972/3972 2233/2233
f 2233/2233 3972/3972 2234/2234
f 2178/2178 4314/4314 1187/1187
f 2178/2178 2177/2177 4314/4314
f 4419/4419 783/783 444/444
f 3273/3273 783/783 4419/4419
f 1765/1765 4011/4011 5187/5187
f 1767/1767 1769/1769 1765/1765
f 4445/4445 368/368 372/372
f 368/368 370/370 372/372
f 3254/3254 2396/2396 2395/2395
f 1884/1884 2396/2396 3254/3254
f 3427/3427 1731/1731 515/515
f 3429/3429 3427/3427 3426/3426
f 4088/4088 4087/4087 3873/3873
f 4681/4681 3875/3875 4088/4088
f 2241/2241 5192/5192 4329/4329
f 2241/2241 5193/5193 5192/5192
f 727/727 5194/5194 728/728
f 4345/4345 4346/4346 588/588
f 2042/2042 2498/2498 2370/2370
f 2498/2498 4587/4587 2370/2370
f 3426/3426 3428/3428 1885/1885
f 1728/1728 3430/3430 1726/1726
f 3844/3844 394/394 393/393
f 3844/3844 393/393 3084/3084
f 5195/5195 3729/3729 2606/2606
f 2606/2606 4330/4330 1732/1732
f 2523/2523 2525/2525 827/827
f 642/642 4778/4778 640/640
f 2833/2833 2828/2828 5196/5196
f 5197/5197 2836/2836 5196/5196
f 1388/1388 800/800 1389/1389
f 1389/1389 800/800 3220/3220
f 4079/4079 1903/1903 5198/5198
f 4078/4078 5198/5198 4076/4076
f 102/102 5199/5199 1798/1798
f 3773/3773 2233/2233 2235/2235
f 1046/1046 1045/1045 2799/2799
f 2801/2801 2799/2799 2800/2800
f 827/827 2525/2525 4778/4778
f 828/828 827/827 4778/4778
f 830/830 2017/2017 5200/5200
f 5200/5200 2017/2017 2016/2016
f 2819/2819 4712/4712 971/971
f 5201/5201 972/972 971/971
f 3329/3329 3399/3399 3398/3398
f 3399/3399 3777/3777 3779/3779
f 4860/4860 1144/1144 2634/2634
f 1144/1144 1506/1506 2634/2634
f 1537/1537 5137/5137 2036/2036
f 4076/4076 2434/2434 2433/2433
f 2314/2314 5100/5100 2430/2430
f 2430/2430 5100/5100 2431/2431
f 981/981 371/371 3919/3919
f 371/371 981/981 372/372
f 674/674 728/728 5194/5194
f 674/674 682/682 728/728
f 4868/4868 217/217 3224/3224
f 3224/3224 217/217 219/219
f 1558/1558 4330/4330 4643/4643
f 2606/2606 3729/3729 4330/4330
f 3719/3719 5193/5193 2090/2090
f 5193/5193 2241/2241 4349/4349
f 701/701 5202/5202 5203/5203
f 701/701 5204/5204 5205/5205
f 192/192 4457/4457 2677/2677
f 191/191 4023/4023 192/192
f 120/120 5206/5206 3825/3825
f 5206/5206 120/120 4831/4831
f 5207/5207 1125/1125 1557/1557
f 5208/5208 2358/2358 1125/1125
f 4816/4816 1952/1952 4775/4775
f 4816/4816 4775/4775 4721/4721
f 2776/2776 2775/2775 4071/4071
f 2779/2779 2776/2776 4071/4071
f 348/348 917/917 2929/2929
f 5209/5209 917/917 348/348
f 1839/1839 1838/1838 3298/3298
f 3298/3298 3052/3052 1839/1839
f 2023/2023 4815/4815 1846/1846
f 4774/4774 4815/4815 4775/4775
f 2210/2210 3647/3647 3648/3648
f 2981/2981 3030/3030 5210/5210
f 142/142 3665/3665 3746/3746
f 3666/3666 3746/3746 3665/3665
f 4774/4774 1846/1846 4815/4815
f 1846/1846 4774/4774 3271/3271
f 1477/1477 418/418 3897/3897
f 4207/4207 4070/4070 1477/1477
f 2138/2138 3408/3408 3407/3407
f 2139/2139 2138/2138 5211/5211
f 3887/3887 1835/1835 1920/1920
f 3887/3887 4918/4918 1835/1835
f 4465/4465 4006/4006 3552/3552
f 4006/4006 4004/4004 3552/3552
f 1153/1153 2843/2843 2842/2842
f 4473/4473 3865/3865 3864/3864
f 3932/3932 1889/1889 2307/2307
f 1888/1888 2303/2303 1889/1889
f 4781/4781 2858/2858 5212/5212
f 2858/2858 2183/2183 5212/5212
f 5044/5044 4297/4297 5043/5043
f 3621/3621 1115/1115 2484/2484
f 1114/1114 2484/2484 1115/1115
f 1757/1757 4424/4424 2888/2888
f 1757/1757 1041/1041 1758/1758
f 228/228 1525/1525 2152/2152
f 228/228 2152/2152 226/226
f 5213/5213 5214/5214 3739/3739
f 3739/3739 4376/4376 5213/5213
f 2090/2090 5193/5193 5215/5215
f 2090/2090 5215/5215 2087/2087
f 3753/3753 3750/3750 657/657
f 656/656 3753/3753 657/657
f 372/372 5177/5177 4445/4445
f 4445/4445 5173/5173 401/401
f 4367/4367 271/271 3033/3033
f 271/271 3792/3792 3033/3033
f 1112/1112 3713/3713 5157/5157
f 3713/3713 1112/1112 1111/1111
f 756/756 1602/1602 3476/3476
f 3098/3098 802/802 1602/1602
f 527/527 526/526 4347/4347
f 4347/4347 526/526 839/839
f 711/711 1919/1919 5128/5128
f 2284/2284 2400/2400 2286/2286
f 2625/2625 1616/1616 791/791
f 1616/1616 792/792 791/791
f 1232/1232 1514/1514 1233/1233
f 1570/1570 1514/1514 5216/5216
f 4636/4636 2860/2860 2859/2859
f 4650/4650 4636/4636 2859/2859
f 1442/1442 3127/3127 1215/1215
f 3657/3657 3656/3656 1809/1809
f 2662/2662 2663/2663 97/97
f 97/97 194/194 98/98
f 5214/5214 1403/1403 1402/1402
f 3739/3739 5214/5214 4757/4757
f 4973/4973 4090/4090 4092/4092
f 4973/4973 4972/4972 4090/4090
f 5217/5217 683/683 3831/3831
f 5217/5217 684/684 683/683
f 4709/4709 1672/1672 1671/1671
f 1681/1681 4709/4709 1671/1671
f 4744/4744 4496/4496 3661/3661
f 4744/4744 3661/3661 4054/4054
f 3201/3201 3203/3203 3077/3077
f 1397/1397 3077/3077 3203/3203
f 3189/3189 3193/3193 3190/3190
f 3193/3193 2346/2346 3190/3190
f 810/810 4838/4838 3562/3562
f 2224/2224 4838/4838 806/806
f 3899/3899 4503/4503 3900/3900
f 683/683 685/685 3830/3830
f 5183/5183 737/737 2323/2323
f 5183/5183 2323/2323 2721/2721
f 2801/2801 1046/1046 2799/2799
f 1046/1046 2801/2801 2554/2554
f 3974/3974 3597/3597 4492/4492
f 3597/3597 4644/4644 4645/4645
f 3013/3013 851/851 5075/5075
f 849/849 851/851 4002/4002
f 4044/4044 4555/4555 4075/4075
f 4075/4075 1321/1321 4074/4074
f 3986/3986 3985/3985 1418/1418
f 3985/3985 3984/3984 4336/4336
f 5218/5218 2805/2805 2807/2807
f 5218/5218 3475/3475 3474/3474
f 4387/4387 2319/2319 4181/4181
f 2319/2319 1564/1564 4181/4181
f 3806/3806 1958/1958 3633/3633
f 441/441 440/440 3633/3633
f 5219/5219 3494/3494 3492/3492
f 5219/5219 3492/3492 1638/1638
f 2338/2338 2162/2162 1162/1162
f 2162/2162 1163/1163 1162/1162
f 4131/4131 5220/5220 5221/5221
f 5222/5222 5023/5023 4131/4131
f 2510/2510 243/243 2209/2209
f 245/245 2209/2209 243/243
f 2121/2121 1760/1760 1762/1762
f 2121/2121 1874/1874 3060/3060
f 4424/4424 5223/5223 4872/4872
f 4424/4424 1759/1759 5223/5223
f 1599/1599 959/959 3003/3003
f 1091/1091 1600/1600 1599/1599
f 4186/4186 4187/4187 346/346
f 4187/4187 4186/4186 649/649
f 838/838 1179/1179 2514/2514
f 3639/3639 1226/1226 5224/5224
f 1584/1584 4648/4648 1585/1585
f 4650/4650 4648/4648 4636/4636
f 3598/3598 3314/3314 1346/1346
f 3598/3598 4644/4644 3314/3314
f 3233/3233 3562/3562 2224/2224
f 3562/3562 4838/4838 2224/2224
f 2779/2779 5225/5225 4324/4324
f 2779/2779 4071/4071 5089/5089
f 2809/2809 33/33 2871/2871
f 2871/2871 2810/2810 2809/2809
f 4062/4062 4901/4901 2163/2163
f 3255/3255 4062/4062 2163/2163
f 5222/5222 1108/1108 5023/5023
f 1109/1109 1108/1108 5222/5222
f 5174/5174 2882/2882 1441/1441
f 4027/4027 1441/1441 2882/2882
f 3351/3351 5035/5035 3454/3454
f 1034/1034 3351/3351 1035/1035
f 640/640 2525/2525 2920/2920
f 4778/4778 2525/2525 640/640
f 3910/3910 5226/5226 3913/3913
f 3818/3818 5226/5226 3910/3910
f 3879/3879 2306/2306 3878/3878
f 1645/1645 5227/5227 1646/1646
f 248/248 247/247 3269/3269
f 4021/4021 4510/4510 247/247
f 4556/4556 4607/4607 2041/2041
f 4556/4556 1160/1160 3133/3133
f 3226/3226 2591/2591 3228/3228
f 3226/3226 3228/3228 2643/2643
f 3989/3989 181/181 1846/1846
f 2579/2579 181/181 3989/3989
f 3226/3226 2593/2593 2591/2591
f 2593/2593 2590/2590 2591/2591
f 669/669 2070/2070 3005/3005
f 2070/2070 669/669 691/691
f 5228/5228 3431/3431 2832/2832
f 5228/5228 2832/2832 2833/2833
f 3546/3546 1267/1267 3544/3544
f 1266/1266 3544/3544 1267/1267
f 1867/1867 2411/2411 2410/2410
f 4719/4719 1867/1867 4720/4720
f 386/386 628/628 2885/2885
f 387/387 386/386 2885/2885
f 4691/4691 4649/4649 5229/5229
f 5230/5230 5229/5229 5231/5231
f 280/280 4325/4325 5232/5232
f 2205/2205 2126/2126 3512/3512
f 2126/2126 3515/3515 3512/3512
f 1155/1155 1156/1156 1158/1158
f 1155/1155 2613/2613 2290/2290
f 5048/5048 5017/5017 1932/1932
f 2995/2995 5017/5017 5048/5048
f 5211/5211 4288/4288 5233/5233
f 2138/2138 3407/3407 5211/5211
f 1736/1736 5189/5189 3812/3812
f 1736/1736 3812/3812 4029/4029
f 3660/3660 3662/3662 4497/4497
f 3790/3790 630/630 629/629
f 651/651 2856/2856 3028/3028
f 3030/3030 3028/3028 2856/2856
f 4741/4741 4418/4418 3649/3649
f 4573/4573 3649/3649 2123/2123
f 2865/2865 962/962 2271/2271
f 962/962 2272/2272 2271/2271
f 1951/1951 3823/3823 2684/2684
f 2111/2111 2110/2110 2684/2684
f 2170/2170 2168/2168 997/997
f 995/995 997/997 3856/3856
f 428/428 1379/1379 429/429
f 1384/1384 429/429 1379/1379
f 4167/4167 4108/4108 1659/1659
f 4167/4167 4629/4629 1658/1658
f 93/93 3252/3252 3023/3023
f 752/752 3252/3252 93/93
f 1465/1465 4628/4628 1659/1659
f 4167/4167 1659/1659 4628/4628
f 3234/3234 2664/2664 2662/2662
f 1281/1281 3234/3234 1279/1279
f 1351/1351 2575/2575 4593/4593
f 4836/4836 4835/4835 4593/4593
f 493/493 3579/3579 3578/3578
f 3578/3578 3627/3627 493/493
f 2577/2577 4836/4836 2575/2575
f 4593/4593 2575/2575 4836/4836
f 3978/3978 3916/3916 4603/4603
f 4602/4602 3978/3978 4603/4603
f 3251/3251 3572/3572 3250/3250
f 1451/1451 2244/2244 2246/2246
f 1279/1279 3234/3234 2662/2662
f 1937/1937 1279/1279 2662/2662
f 15/15 1310/1310 1974/1974
f 1309/1309 1974/1974 1310/1310
f 2993/2993 2756/2756 4982/4982
f 2992/2992 2756/2756 2993/2993
f 782/782 2512/2512 968/968
f 968/968 967/967 782/782
f 3682/3682 5234/5234 748/748
f 748/748 5234/5234 746/746
f 5235/5235 2892/2892 4847/4847
f 5235/5235 2932/2932 2892/2892
f 3862/3862 3242/3242 2839/2839
f 2839/2839 3242/3242 2840/2840
f 609/609 1643/1643 1810/1810
f 251/251 250/250 1643/1643
f 2300/2300 2365/2365 2364/2364
f 4640/4640 2300/2300 2673/2673
f 2798/2798 2797/2797 5236/5236
f 493/493 5236/5236 2797/2797
f 4693/4693 2999/2999 1713/1713
f 1713/1713 2928/2928 5237/5237
f 3876/3876 698/698 700/700
f 1141/1141 1784/1784 3876/3876
f 1642/1642 251/251 1643/1643
f 5238/5238 148/148 4200/4200
f 3001/3001 3000/3000 1790/1790
f 1789/1789 4764/4764 1790/1790
f 2300/2300 2299/2299 4641/4641
f 5216/5216 1514/1514 1232/1232
f 1128/1128 1168/1168 3853/3853
f 3853/3853 1168/1168 4177/4177
f 2781/2781 2782/2782 1143/1143
f 3567/3567 2781/2781 1143/1143
f 4554/4554 442/442 4892/4892
f 4552/4552 4554/4554 4892/4892
f 1346/1346 2211/2211 1347/1347
f 3314/3314 2211/2211 1346/1346
f 1286/1286 1335/1335 1287/1287
f 3368/3368 1286/1286 1287/1287
f 4718/4718 4615/4615 4614/4614
f 4720/4720 4615/4615 4718/4718
f 5239/5239 1936/1936 1709/1709
f 1101/1101 5240/5240 1102/1102
f 319/319 2695/2695 3229/3229
f 2519/2519 3229/3229 2520/2520
f 2483/2483 3621/3621 2484/2484
f 3622/3622 3139/3139 3621/3621
f 2187/2187 3603/3603 2115/2115
f 2113/2113 1968/1968 3603/3603
f 3/3 6/6 3231/3231
f 6/6 1526/1526 1524/1524
f 4234/4234 4236/4236 4389/4389
f 2910/2910 4389/4389 371/371
f 3272/3272 5241/5241 3018/3018
f 3019/3019 3018/3018 4442/4442
f 202/202 1494/1494 1430/1430
f 160/160 159/159 1751/1751
f 157/157 389/389 155/155
f 389/389 157/157 390/390
f 298/298 2486/2486 299/299
f 299/299 2486/2486 2487/2487
f 5239/5239 2777/2777 1936/1936
f 2777/2777 3396/3396 1936/1936
f 3924/3924 1656/1656 3894/3894
f 4502/4502 4498/4498 1979/1979
f 4759/4759 2642/2642 1995/1995
f 4759/4759 3338/3338 3337/3337
f 5242/5242 1753/1753 4253/4253
f 3832/3832 3901/3901 3833/3833
f 2097/2097 2779/2779 4323/4323
f 4323/4323 4325/4325 2097/2097
f 2817/2817 2419/2419 2304/2304
f 2419/2419 1891/1891 2304/2304
f 2184/2184 3858/3858 1999/1999
f 1968/1968 1967/1967 3603/3603
f 3478/3478 1119/1119 3290/3290
f 3478/3478 3290/3290 364/364
f 3965/3965 3963/3963 3967/3967
f 3963/3963 1225/1225 3967/3967
f 308/308 31/31 3490/3490
f 31/31 308/308 32/32
f 5243/5243 407/407 409/409
f 409/409 3680/3680 4466/4466
f 5244/5244 1102/1102 1998/1998
f 1998/1998 2184/2184 1999/1999
f 3059/3059 3060/3060 1758/1758
f 4306/4306 3061/3061 1043/1043
f 3879/3879 9/9 8/8
f 3879/3879 8/8 3933/3933
f 4792/4792 4794/4794 5245/5245
f 4221/4221 5246/5246 2896/2896
f 1352/1352 4593/4593 4835/4835
f 4835/4835 4837/4837 1265/1265
f 5184/5184 3080/3080 709/709
f 709/709 3080/3080 707/707
f 369/369 3483/3483 3481/3481
f 369/369 671/671 367/367
f 2120/2120 2119/2119 1531/1531
f 5036/5036 2120/2120 208/208
f 5034/5034 3405/3405 457/457
f 457/457 456/456 5034/5034
f 4003/4003 4018/4018 1212/1212
f 849/849 1212/1212 4213/4213
f 1531/1531 206/206 208/208
f 208/208 2120/2120 1531/1531
f 4229/4229 499/499 4230/4230
f 1391/1391 4228/4228 2207/2207
f 1191/1191 3404/3404 1189/1189
f 3883/3883 3404/3404 1191/1191
f 2897/2897 4793/4793 1685/1685
f 2897/2897 4794/4794 4793/4793
f 2018/2018 5247/5247 2132/2132
f 2132/2132 5247/5247 4906/4906
f 1182/1182 1187/1187 1186/1186
f 4315/4315 2517/2517 5248/5248
f 1220/1220 2428/2428 617/617
f 400/400 617/617 2428/2428
f 3332/3332 1869/1869 1770/1770
f 4718/4718 4614/4614 5249/5249
f 4433/4433 2001/2001 2253/2253
f 4601/4601 2001/2001 4433/4433
f 5141/5141 121/121 5250/5250
f 5250/5250 3328/3328 606/606
f 5251/5251 5252/5252 615/615
f 4553/4553 5252/5252 5251/5251
f 878/878 1639/1639 1641/1641
f 841/841 4702/4702 1775/1775
f 4578/4578 3747/3747 3666/3666
f 5253/5253 3747/3747 5254/5254
f 2720/2720 1610/1610 1510/1510
f 2720/2720 1510/1510 2718/2718
f 4899/4899 3707/3707 3706/3706
f 4899/4899 1280/1280 944/944
f 2003/2003 4738/4738 3182/3182
f 3183/3183 4738/4738 3184/3184
f 4936/4936 4935/4935 3946/3946
f 3359/3359 5255/5255 4936/4936
f 1932/1932 5018/5018 2945/2945
f 5018/5018 5017/5017 3208/3208
f 865/865 864/864 255/255
f 4235/4235 4234/4234 5256/5256
f 3208/3208 2945/2945 5018/5018
f 2945/2945 3208/3208 621/621
f 4087/4087 749/749 1894/1894
f 3873/3873 4087/4087 1894/1894
f 1964/1964 1536/1536 3273/3273
f 1536/1536 1535/1535 3273/3273
f 1039/1039 5257/5257 1042/1042
f 1042/1042 5257/5257 4305/4305
f 3504/3504 4696/4696 1201/1201
f 1202/1202 1201/1201 3686/3686
f 1559/1559 4386/4386 4745/4745
f 1559/1559 1836/1836 4386/4386
f 5258/5258 1194/1194 1193/1193
f 1194/1194 5258/5258 5169/5169
f 240/240 4060/4060 4013/4013
f 4060/4060 2983/2983 2982/2982
f 3503/3503 5258/5258 4696/4696
f 3503/3503 5169/5169 5258/5258
f 3730/3730 638/638 2787/2787
f 2788/2788 2787/2787 638/638
f 1305/1305 4060/4060 240/240
f 1305/1305 4061/4061 4060/4060
f 1386/1386 4714/4714 4715/4715
f 1390/1390 4390/4390 1388/1388
f 681/681 5198/5198 1903/1903
f 2434/2434 4076/4076 5198/5198
f 5259/5259 1882/1882 1881/1881
f 2357/2357 1882/1882 17/17
f 3819/3819 1984/1984 5260/5260
f 1986/1986 5260/5260 1984/1984
f 773/773 5261/5261 5262/5262
f 362/362 773/773 5262/5262
f 4613/4613 1819/1819 1821/1821
f 3687/3687 4613/4613 2748/2748
f 4118/4118 4430/4430 4429/4429
f 2392/2392 4427/4427 4118/4118
f 1182/1182 1186/1186 5248/5248
f 5248/5248 2631/2631 1182/1182
f 3850/3850 3852/3852 3401/3401
f 1868/1868 3401/3401 5263/5263
f 4078/4078 1904/1904 4079/4079
f 5198/5198 4078/4078 4079/4079
f 1105/1105 1104/1104 2506/2506
f 1104/1104 5020/5020 2506/2506
f 2409/2409 5264/5264 5028/5028
f 5028/5028 5264/5264 3181/3181
f 1168/1168 3078/3078 4007/4007
f 1941/1941 4007/4007 3078/3078
f 934/934 936/936 2644/2644
f 936/936 934/934 937/937
f 1758/1758 1041/1041 1043/1043
f 1043/1043 3061/3061 1758/1758
f 1819/1819 3783/3783 5097/5097
f 3687/3687 1819/1819 4613/4613
f 4457/4457 3866/3866 2677/2677
f 2677/2677 3866/3866 2678/2678
f 5088/5088 1481/1481 1483/1483
f 5265/5265 1318/1318 5088/5088
f 1821/1821 2094/2094 2093/2093
f 4612/4612 1821/1821 2093/2093
f 4468/4468 5266/5266 4469/4469
f 2923/2923 4468/4468 3100/3100
f 3854/3854 4203/4203 964/964
f 1165/1165 1167/1167 964/964
f 2207/2207 5267/5267 4976/4976
f 2927/2927 4976/4976 498/498
f 5268/5268 2798/2798 5236/5236
f 2463/2463 5142/5142 5269/5269
f 4591/4591 5270/5270 867/867
f 2690/2690 5270/5270 3937/3937
f 3884/3884 2712/2712 709/709
f 3884/3884 3888/3888 2712/2712
f 267/267 469/469 265/265
f 4440/4440 4441/4441 265/265
f 3909/3909 4467/4467 3016/3016
f 2602/2602 3909/3909 3016/3016
f 265/265 469/469 4440/4440
f 4440/4440 469/469 2891/2891
f 5271/5271 2701/2701 2611/2611
f 2611/2611 2612/2612 4266/4266
f 4814/4814 4085/4085 3807/3807
f 396/396 3807/3807 397/397
f 2137/2137 2142/2142 3346/3346
f 2142/2142 3347/3347 3408/3408
f 5162/5162 249/249 3536/3536
f 797/797 3536/3536 3535/3535
f 4333/4333 4053/4053 2808/2808
f 2809/2809 2808/2808 4053/4053
f 1489/1489 4770/4770 1964/1964
f 1906/1906 2291/2291 1489/1489
f 3662/3662 3660/3660 496/496
f 494/494 414/414 1237/1237
f 4750/4750 5272/5272 2640/2640
f 3385/3385 5272/5272 3386/3386
f 221/221 494/494 496/496
f 496/496 494/494 1237/1237
f 1652/1652 1936/1936 3615/3615
f 1650/1650 1652/1652 3615/3615
f 2237/2237 2239/2239 4538/4538
f 4538/4538 2352/2352 2692/2692
f 5244/5244 4601/4601 1102/1102
f 4601/4601 4433/4433 1102/1102
f 5273/5273 5274/5274 1025/1025
f 5274/5274 1026/1026 1025/1025
f 2592/2592 1207/1207 1164/1164
f 1162/1162 1164/1164 1207/1207
f 1328/1328 5275/5275 1329/1329
f 5276/5276 4320/4320 4319/4319
f 225/225 224/224 5277/5277
f 5278/5278 139/139 225/225
f 3197/3197 3196/3196 5279/5279
f 1011/1011 3196/3196 92/92
f 2460/2460 2312/2312 4608/4608
f 2312/2312 2337/2337 4608/4608
f 754/754 2117/2117 1385/1385
f 1386/1386 1385/1385 2119/2119
f 1026/1026 5280/5280 1027/1027
f 5281/5281 1027/1027 5280/5280
f 3196/3196 1011/1011 5279/5279
f 1011/1011 4270/4270 5279/5279
f 2705/2705 2704/2704 4478/4478
f 2589/2589 3074/3074 2587/2587
f 1558/1558 1127/1127 4642/4642
f 4329/4329 1127/1127 2241/2241
f 4291/4291 271/271 4367/4367
f 2951/2951 4368/4368 2547/2547
f 1892/1892 3940/3940 44/44
f 3940/3940 3733/3733 44/44
f 4356/4356 719/719 602/602
f 4313/4313 2637/2637 602/602
f 2129/2129 908/908 5282/5282
f 2766/2766 2202/2202 4746/4746
f 1725/1725 421/421 939/939
f 421/421 3558/3558 939/939
f 2665/2665 2398/2398 2397/2397
f 2397/2397 4983/4983 4512/4512
f 5016/5016 4878/4878 5207/5207
f 5207/5207 5208/5208 1125/1125
f 1662/1662 4559/4559 1152/1152
f 1359/1359 1358/1358 1147/1147
f 861/861 863/863 1966/1966
f 1490/1490 1966/1966 863/863
f 3066/3066 3958/3958 3065/3065
f 1016/1016 1015/1015 3066/3066
f 5283/5283 809/809 808/808
f 5284/5284 5279/5279 809/809
f 672/672 5285/5285 673/673
f 863/863 4736/4736 1490/1490
f 3263/3263 3264/3264 4041/4041
f 3263/3263 4041/4041 4771/4771
f 2640/2640 5270/5270 2690/2690
f 5272/5272 5270/5270 2640/2640
f 5286/5286 1016/1016 3066/3066
f 3613/3613 1012/1012 1014/1014
f 4001/4001 4000/4000 4019/4019
f 3012/3012 4019/4019 4003/4003
f 2247/2247 4823/4823 2735/2735
f 4253/4253 4823/4823 5242/5242
f 4171/4171 4136/4136 4170/4170
f 1992/1992 1991/1991 4137/4137
f 3248/3248 3245/3245 1767/1767
f 3248/3248 3246/3246 3245/3245
f 4169/4169 4170/4170 4937/4937
f 3547/3547 2063/2063 3548/3548
f 987/987 3069/3069 988/988
f 3070/3070 3069/3069 987/987
f 527/527 4347/4347 3964/3964
f 4155/4155 2710/2710 3888/3888
f 3329/3329 3398/3398 3330/3330
f 3330/3330 3398/3398 3401/3401
f 1328/1328 5287/5287 5275/5275
f 1331/1331 1330/1330 5287/5287
f 5251/5251 2133/2133 4553/4553
f 2133/2133 4554/4554 4553/4553
f 1163/1163 3198/3198 3197/3197
f 3197/3197 3198/3198 92/92
f 3475/3475 4237/4237 2542/2542
f 3475/3475 2542/2542 3335/3335
f 4876/4876 5207/5207 1817/1817
f 1557/1557 1817/1817 5207/5207
f 4762/4762 198/198 197/197
f 1077/1077 4762/4762 3553/3553
f 1268/1268 1267/1267 4189/4189
f 1268/1268 4189/4189 3414/3414
f 4604/4604 4606/4606 2041/2041
f 2041/2041 2161/2161 4604/4604
f 3541/3541 2009/2009 1997/1997
f 2009/2009 1994/1994 1993/1993
f 3105/3105 3101/3101 5005/5005
f 5005/5005 560/560 3105/3105
f 3416/3416 1409/1409 5288/5288
f 1409/1409 1268/1268 5288/5288
f 3996/3996 332/332 331/331
f 3277/3277 533/533 332/332
f 3857/3857 813/813 812/812
f 3856/3856 3857/3857 3855/3855
f 4773/4773 1326/1326 2176/2176
f 1325/1325 2176/2176 1326/1326
f 3097/3097 3096/3096 1235/1235
f 3554/3554 4762/4762 3096/3096
f 3116/3116 2383/2383 3117/3117
f 2383/2383 4220/4220 3117/3117
f 410/410 165/165 3610/3610
f 1927/1927 1926/1926 3610/3610
f 835/835 1614/1614 2622/2622
f 2622/2622 2621/2621 835/835
f 2054/2054 2259/2259 113/113
f 2054/2054 2053/2053 2259/2259
f 515/515 4225/4225 5289/5289
f 3521/3521 4225/4225 1730/1730
f 3787/3787 2730/2730 3297/3297
f 4839/4839 3787/3787 3297/3297
f 1359/1359 4438/4438 5290/5290
f 1359/1359 1147/1147 4438/4438
f 263/263 262/262 1593/1593
f 1516/1516 1593/1593 1517/1517
f 1049/1049 1059/1059 1586/1586
f 958/958 2801/2801 2800/2800
f 4514/4514 3611/3611 166/166
f 4514/4514 3616/3616 3618/3618
f 1124/1124 2607/2607 3729/3729
f 4787/4787 2607/2607 1124/1124
f 945/945 236/236 235/235
f 945/945 235/235 4160/4160
f 779/779 132/132 5291/5291
f 5278/5278 225/225 5292/5292
f 1239/1239 3662/3662 1237/1237
f 3662/3662 496/496 1237/1237
f 607/607 3292/3292 144/144
f 3292/3292 607/607 1809/1809
f 867/867 5270/5270 5272/5272
f 867/867 5272/5272 868/868
f 2833/2833 5293/5293 5228/5228
f 5228/5228 2881/2881 4154/4154
f 602/602 721/721 603/603
f 1945/1945 603/603 721/721
f 3066/3066 5294/5294 5286/5286
f 5294/5294 3066/3066 852/852
f 5295/5295 384/384 2931/2931
f 2931/2931 4798/4798 4797/4797
f 556/556 1454/1454 3102/3102
f 3103/3103 109/109 3104/3104
f 3148/3148 1040/1040 4872/4872
f 1039/1039 4871/4871 1040/1040
f 4488/4488 4509/4509 4679/4679
f 4679/4679 4509/4509 2759/2759
f 3857/3857 812/812 5296/5296
f 999/999 5297/5297 812/812
f 1374/1374 4099/4099 1375/1375
f 4099/4099 163/163 1375/1375
f 3156/3156 730/730 733/733
f 730/730 3156/3156 3336/3336
f 3141/3141 5153/5153 3139/3139
f 3141/3141 3425/3425 5153/5153
f 4137/4137 4138/4138 1992/1992
f 4205/4205 3149/3149 1992/1992
f 5298/5298 5299/5299 4472/4472
f 5299/5299 5298/5298 5300/5300
f 781/781 2890/2890 2889/2889
f 904/904 5001/5001 4992/4992
f 4188/4188 3684/3684 3939/3939
f 1896/1896 3684/3684 4293/4293
f 4829/4829 4827/4827 3827/3827
f 2262/2262 3827/3827 5301/5301
f 5302/5302 4847/4847 4849/4849
f 5302/5302 4849/4849 4603/4603
f 4219/4219 969/969 3116/3116
f 970/970 969/969 3650/3650
f 3527/3527 1001/1001 1003/1003
f 3527/3527 1003/1003 3469/3469
f 2195/2195 5303/5303 2196/2196
f 5304/5304 2196/2196 5305/5305
f 962/962 2270/2270 2272/2272
f 2272/2272 2270/2270 2822/2822
f 3850/3850 3400/3400 1772/1772
f 2477/2477 3850/3850 1772/1772
f 829/829 3324/3324 3632/3632
f 3324/3324 829/829 1411/1411
f 1490/1490 5306/5306 1488/1488
f 1490/1490 4736/4736 5306/5306
f 5307/5307 1695/1695 1694/1694
f 5308/5308 3315/3315 5307/5307
f 5294/5294 852/852 5309/5309
f 5309/5309 852/852 5310/5310
f 132/132 131/131 5291/5291
f 1311/1311 139/139 5278/5278
f 5311/5311 5312/5312 3586/3586
f 5312/5312 5313/5313 5135/5135
f 5299/5299 5300/5300 2658/2658
f 2659/2659 2658/2658 5300/5300
f 4548/4548 3549/3549 2066/2066
f 4548/4548 2066/2066 4549/4549
f 986/986 988/988 2681/2681
f 3993/3993 3756/3756 3755/3755
f 902/902 3667/3667 543/543
f 902/902 543/543 544/544
f 4731/4731 4730/4730 1083/1083
f 465/465 1083/1083 1085/1085
f 812/812 5314/5314 998/998
f 3942/3942 816/816 998/998
f 4050/4050 1740/1740 4238/4238
f 4050/4050 4048/4048 1740/1740
f 2599/2599 2600/2600 2597/2597
f 902/902 3668/3668 3667/3667
f 2865/2865 2271/2271 1275/1275
f 1275/1275 2271/2271 1273/1273
f 5210/5210 3030/3030 2978/2978
f 2855/2855 3647/3647 2978/2978
f 2013/2013 4421/4421 2011/2011
f 1252/1252 2011/2011 4423/4423
f 2848/2848 60/60 59/59
f 1844/1844 59/59 1841/1841
f 3311/3311 268/268 4942/4942
f 4370/4370 3844/3844 3311/3311
f 4179/4179 2737/2737 4181/4181
f 2959/2959 2738/2738 2737/2737
f 1491/1491 213/213 212/212
f 1491/1491 3179/3179 213/213
f 4687/4687 2970/2970 4791/4791
f 2970/2970 3242/3242 4791/4791
f 3834/3834 1210/1210 4000/4000
f 1253/1253 4019/4019 4000/4000
f 1307/1307 1974/1974 1973/1973
f 3090/3090 1308/1308 1307/1307
f 1740/1740 563/563 4238/4238
f 591/591 1001/1001 4238/4238
f 4321/4321 3094/3094 4183/4183
f 3094/3094 4184/4184 4183/4183
f 317/317 3540/3540 3076/3076
f 3540/3540 317/317 314/314
f 1607/1607 3050/3050 1608/1608
f 3050/3050 742/742 624/624
f 1615/1615 1832/1832 1831/1831
f 1832/1832 1615/1615 4038/4038
f 3326/3326 4959/4959 5315/5315
f 5316/5316 4959/4959 670/670
f 1970/1970 2113/2113 2186/2186
f 2114/2114 1969/1969 1970/1970
f 3529/3529 3530/3530 1737/1737
f 4049/4049 4050/4050 3529/3529
f 3526/3526 2875/2875 3524/3524
f 4782/4782 2877/2877 3524/3524
f 2783/2783 2911/2911 254/254
f 4248/4248 5104/5104 4236/4236
f 3420/3420 3281/3281 3280/3280
f 3420/3420 3280/3280 4535/4535
f 1938/1938 951/951 4456/4456
f 4456/4456 5317/5317 3006/3006
f 5318/5318 5313/5313 5312/5312
f 5022/5022 1410/1410 831/831
f 829/829 831/831 1410/1410
f 5290/5290 4438/4438 3230/3230
f 2519/2519 3230/3230 3229/3229
f 1157/1157 5319/5319 2614/2614
f 4462/4462 4461/4461 5319/5319
f 5143/5143 503/503 5320/5320
f 5220/5220 5143/5143 5320/5320
f 2598/2598 2822/2822 5321/5321
f 5273/5273 1025/1025 2846/2846
f 980/980 982/982 3892/3892
f 3892/3892 982/982 3618/3618
f 899/899 898/898 5065/5065
f 899/899 1274/1274 4523/4523
f 2337/2337 183/183 2934/2934
f 2934/2934 183/183 182/182
f 2935/2935 182/182 249/249
f 2934/2934 182/182 2935/2935
f 2678/2678 656/656 1438/1438
f 1438/1438 656/656 658/658
f 4381/4381 1488/1488 5306/5306
f 4966/4966 1488/1488 4381/4381
f 4174/4174 302/302 4175/4175
f 302/302 5322/5322 4175/4175
f 5323/5323 579/579 581/581
f 5324/5324 3241/3241 3240/3240
f 2755/2755 1406/1406 2757/2757
f 2757/2757 5077/5077 4189/4189
f 3627/3627 1468/1468 4107/4107
f 4107/4107 1468/1468 1470/1470
f 3898/3898 155/155 217/217
f 3898/3898 3146/3146 155/155
f 2865/2865 2264/2264 4447/4447
f 2264/2264 2263/2263 4447/4447
f 2253/2253 2266/2266 2267/2267
f 2267/2267 2266/2266 3453/3453
f 1022/1022 1024/1024 3147/3147
f 1024/1024 1040/1040 3147/3147
f 161/161 163/163 1673/1673
f 1673/1673 1019/1019 1676/1676
f 1848/1848 5325/5325 5326/5326
f 1848/1848 4682/4682 5327/5327
f 5328/5328 2770/2770 3694/3694
f 913/913 5329/5329 3694/3694
f 4311/4311 4320/4320 2943/2943
f 4320/4320 2941/2941 2943/2943
f 830/830 3983/3983 831/831
f 549/549 3983/3983 830/830
f 2317/2317 2316/2316 556/556
f 2317/2317 556/556 3104/3104
f 1611/1611 1509/1509 1612/1612
f 359/359 1612/1612 1509/1509
f 1991/1991 1990/1990 5330/5330
f 5330/5330 1990/1990 4968/4968
f 3365/3365 272/272 274/274
f 152/152 3365/3365 4208/4208
f 3591/3591 306/306 3592/3592
f 4067/4067 306/306 1663/1663
f 163/163 1019/1019 1673/1673
f 4099/4099 1019/1019 163/163
f 1362/1362 316/316 4986/4986
f 2810/2810 2871/2871 2870/2870
f 1082/1082 770/770 3712/3712
f 1111/1111 1082/1082 3712/3712
f 2046/2046 931/931 4545/4545
f 5331/5331 2046/2046 2045/2045
f 3820/3820 3210/3210 1985/1985
f 3820/3820 1985/1985 1984/1984
f 1721/1721 1723/1723 1638/1638
f 940/940 1638/1638 938/938
f 136/136 3651/3651 137/137
f 3653/3653 133/133 3654/3654
f 4949/4949 4767/4767 5332/5332
f 817/817 3776/3776 3778/3778
f 204/204 4509/4509 4487/4487
f 4487/4487 4509/4509 4488/4488
f 1764/1764 4111/4111 85/85
f 1764/1764 5333/5333 4111/4111
f 1054/1054 2667/2667 3122/3122
f 3122/3122 2667/2667 3121/3121
f 5334/5334 3946/3946 3382/3382
f 3946/3946 3600/3600 3601/3601
f 353/353 352/352 377/377
f 352/352 4362/4362 4361/4361
f 4160/4160 4159/4159 3959/3959
f 4159/4159 2523/2523 3957/3957
f 951/951 5317/5317 4456/4456
f 5317/5317 951/951 950/950
f 2084/2084 625/625 742/742
f 625/625 624/624 742/742
f 1766/1766 1765/1765 5188/5188
f 1764/1764 1766/1766 5333/5333
f 948/948 5335/5335 3652/3652
f 3860/3860 5336/5336 947/947
f 395/395 397/397 4654/4654
f 2823/2823 4654/4654 397/397
f 717/717 5031/5031 2753/2753
f 716/716 4393/4393 717/717
f 745/745 2437/2437 2639/2639
f 4105/4105 2639/2639 2437/2437
f 249/249 99/99 3536/3536
f 97/97 99/99 249/249
f 1137/1137 3128/3128 4152/4152
f 3128/3128 1137/1137 1136/1136
f 948/948 949/949 5335/5335
f 947/947 5336/5336 3008/3008
f 4940/4940 3843/3843 4939/4939
f 3843/3843 5021/5021 4939/4939
f 2721/2721 2327/2327 1217/1217
f 1217/1217 2327/2327 2326/2326
f 2757/2757 1406/1406 5077/5077
f 5077/5077 1406/1406 1405/1405
f 4949/4949 5332/5332 3778/3778
f 4949/4949 3778/3778 3329/3329
f 4372/4372 1902/1902 4037/4037
f 4037/4037 538/538 4372/4372
f 3245/3245 3945/3945 1768/1768
f 3441/3441 3945/3945 3944/3944
f 3739/3739 3693/3693 4376/4376
f 5329/5329 5337/5337 3694/3694
f 4026/4026 2325/2325 2322/2322
f 2325/2325 4026/4026 2326/2326
f 2518/2518 2188/2188 2630/2630
f 2518/2518 1322/1322 2188/2188
f 2964/2964 3138/3138 5153/5153
f 3138/3138 3139/3139 5153/5153
f 717/717 5338/5338 2743/2743
f 2743/2743 5338/5338 5339/5339
f 5340/5340 5341/5341 1277/1277
f 5340/5340 1277/1277 1276/1276
f 1844/1844 1843/1843 2848/2848
f 59/59 1844/1844 2848/2848
f 351/351 4934/4934 2824/2824
f 351/351 350/350 4934/4934
f 3451/3451 3450/3450 74/74
f 74/74 3450/3450 1438/1438
f 1471/1471 1552/1552 2397/2397
f 1471/1471 1595/1595 1552/1552
f 5220/5220 1109/1109 5221/5221
f 5320/5320 1109/1109 5220/5220
f 5148/5148 5147/5147 5342/5342
f 5343/5343 3664/3664 3204/3204
f 3683/3683 1353/1353 3545/3545
f 1264/1264 1353/1353 1352/1352
f 3145/3145 5344/5344 3143/3143
f 3294/3294 565/565 5344/5344
f 460/460 2354/2354 2355/2355
f 3106/3106 460/460 2355/2355
f 2124/2124 378/378 4355/4355
f 2123/2123 378/378 2124/2124
f 4907/4907 5180/5180 2382/2382
f 2382/2382 5180/5180 5182/5182
f 4636/4636 4649/4649 4637/4637
f 4688/4688 4690/4690 4649/4649
f 691/691 1423/1423 2071/2071
f 1423/1423 3403/3403 2071/2071
f 3652/3652 136/136 948/948
f 136/136 100/100 948/948
f 1244/1244 4907/4907 1242/1242
f 1242/1242 4907/4907 4908/4908
f 3462/3462 942/942 3463/3463
f 1364/1364 3464/3464 3462/3462
f 1265/1265 1352/1352 4835/4835
f 1265/1265 1264/1264 1352/1352
f 3502/3502 3504/3504 3506/3506
f 5154/5154 3506/3506 4697/4697
f 5159/5159 2098/2098 5150/5150
f 2095/2095 5150/5150 5149/5149
f 2721/2721 1217/1217 4130/4130
f 1217/1217 3874/3874 4130/4130
f 5025/5025 2160/2160 5026/5026
f 2160/2160 991/991 5026/5026
f 5108/5108 5109/5109 557/557
f 2314/2314 5108/5108 5100/5100
f 1769/1769 1768/1768 3441/3441
f 3945/3945 3441/3441 1768/1768
f 3039/3039 1739/1739 400/400
f 1738/1738 400/400 1739/1739
f 1251/1251 1190/1190 3055/3055
f 1251/1251 1188/1188 1190/1190
f 4484/4484 4798/4798 542/542
f 4798/4798 540/540 542/542
f 1901/1901 4372/4372 2343/2343
f 1901/1901 2343/2343 5345/5345
f 5339/5339 5338/5338 2753/2753
f 717/717 2753/2753 5338/5338
f 5346/5346 4228/4228 3971/3971
f 4230/4230 499/499 4228/4228
f 2591/2591 808/808 5347/5347
f 808/808 3562/3562 5347/5347
f 4874/4874 2564/2564 2568/2568
f 4142/4142 4853/4853 2568/2568
f 2554/2554 4903/4903 4063/4063
f 4903/4903 2554/2554 957/957
f 2694/2694 319/319 941/941
f 321/321 941/941 319/319
f 176/176 2567/2567 177/177
f 2683/2683 4141/4141 176/176
f 732/732 734/734 730/730
f 5083/5083 2158/2158 734/734
f 4887/4887 3233/3233 5185/5185
f 4887/4887 2591/2591 5347/5347
f 1199/1199 5348/5348 5349/5349
f 1145/1145 3505/3505 4866/4866
f 3313/3313 1398/1398 3015/3015
f 1397/1397 3015/3015 1398/1398
f 1018/1018 1542/1542 2758/2758
f 1542/1542 1532/1532 2758/2758
f 5350/5350 2191/2191 2193/2193
f 5350/5350 3043/3043 2191/2191
f 2847/2847 4127/4127 2247/2247
f 379/379 1843/1843 380/380
f 5351/5351 3291/3291 4358/4358
f 364/364 3291/3291 365/365
f 5150/5150 2095/2095 5159/5159
f 5352/5352 447/447 5159/5159
f 3687/3687 2747/2747 3689/3689
f 3689/3689 2747/2747 2733/2733
f 4290/4290 3071/3071 2075/2075
f 3071/3071 3950/3950 3072/3072
f 5353/5353 5204/5204 701/701
f 4637/4637 4649/4649 4690/4690
f 2084/2084 5354/5354 2174/2174
f 5339/5339 2753/2753 2172/2172
f 2145/2145 1681/1681 1671/1671
f 1681/1681 2145/2145 2550/2550
f 4680/4680 3641/3641 3000/3000
f 3642/3642 3641/3641 5355/5355
f 2379/2379 2146/2146 2377/2377
f 2146/2146 2379/2379 3903/3903
f 3592/3592 1661/1661 5356/5356
f 306/306 1661/1661 3592/3592
f 5357/5357 5103/5103 5358/5358
f 2570/2570 4865/4865 283/283
f 2785/2785 189/189 2786/2786
f 4524/4524 3199/3199 4525/4525
f 94/94 2527/2527 2526/2526
f 2526/2526 4243/4243 94/94
f 3294/3294 3145/3145 3035/3035
f 3294/3294 5344/5344 3145/3145
f 2320/2320 2319/2319 4387/4387
f 3285/3285 4387/4387 796/796
f 2887/2887 4306/4306 4898/4898
f 1023/1023 2887/2887 4898/4898
f 144/144 3125/3125 4890/4890
f 144/144 3292/3292 3125/3125
f 4200/4200 251/251 1642/1642
f 147/147 251/251 4200/4200
f 3195/3195 3194/3194 3344/3344
f 3194/3194 3345/3345 3344/3344
f 3232/3232 5359/5359 1120/1120
f 1120/1120 5359/5359 4307/4307
f 4768/4768 1249/1249 1251/1251
f 2384/2384 2386/2386 5158/5158
f 838/838 1226/1226 1225/1225
f 2514/2514 1226/1226 838/838
f 5360/5360 4501/4501 5358/5358
f 5360/5360 4502/4502 4501/4501
f 1409/1409 2576/2576 5361/5361
f 2575/2575 4506/4506 2576/2576
f 329/329 328/328 467/467
f 329/329 4480/4480 4479/4479
f 907/907 3971/3971 553/553
f 5346/5346 3971/3971 907/907
f 2718/2718 3909/3909 2602/2602
f 2718/2718 2602/2602 2603/2603
f 3386/3386 5272/5272 4750/4750
f 4750/4750 4749/4749 3386/3386
f 4166/4166 4460/4460 2680/2680
f 2465/2465 2680/2680 4460/4460
f 947/947 3007/3007 5362/5362
f 947/947 5362/5362 80/80
f 4376/4376 4375/4375 5213/5213
f 1294/1294 908/908 910/910
f 3257/3257 1067/1067 5363/5363
f 5364/5364 5365/5365 5366/5366
f 234/234 94/94 2524/2524
f 2524/2524 2405/2405 234/234
f 2598/2598 2597/2597 2822/2822
f 4522/4522 2822/2822 2597/2597
f 4660/4660 4670/4670 1458/1458
f 1458/1458 2953/2953 1960/1960
f 5099/5099 396/396 5098/5098
f 3807/3807 396/396 5099/5099
f 3416/3416 3417/3417 2576/2576
f 3485/3485 1405/1405 1931/1931
f 3119/3119 212/212 209/209
f 212/212 210/210 209/209
f 1546/1546 2859/2859 2861/2861
f 1546/1546 4650/4650 2859/2859
f 1782/1782 4836/4836 1350/1350
f 4836/4836 2577/2577 1350/1350
f 3818/3818 3910/3910 3911/3911
f 3818/3818 3911/3911 540/540
f 1540/1540 2758/2758 1532/1532
f 1540/1540 1532/1532 1497/1497
f 262/262 4178/4178 1591/1591
f 1591/1591 4178/4178 3248/3248
f 4901/4901 2245/2245 2163/2163
f 2245/2245 4901/4901 3470/3470
f 56/56 58/58 3247/3247
f 4196/4196 3247/3247 4178/4178
f 3925/3925 3737/3737 3736/3736
f 3925/3925 3926/3926 3717/3717
f 4196/4196 56/56 3247/3247
f 54/54 56/56 4196/4196
f 655/655 504/504 4359/4359
f 4359/4359 3064/3064 655/655
f 883/883 1387/1387 5367/5367
f 5367/5367 884/884 883/883
f 276/276 1224/1224 1226/1226
f 2588/2588 3962/3962 276/276
f 3045/3045 3044/3044 3040/3040
f 3045/3045 1198/1198 1378/1378
f 5110/5110 266/266 4441/4441
f 4441/4441 266/266 265/265
f 5368/5368 2193/2193 2192/2192
f 2189/2189 5369/5369 2190/2190
f 189/189 188/188 2786/2786
f 3047/3047 2786/2786 188/188
f 685/685 4503/4503 3830/3830
f 4503/4503 685/685 3980/3980
f 775/775 5261/5261 773/773
f 5261/5261 775/775 1032/1032
f 1940/1940 4916/4916 2334/2334
f 4732/4732 2334/2334 2708/2708
f 5113/5113 436/436 2458/2458
f 4742/4742 2457/2457 2456/2456
f 3114/3114 4623/4623 186/186
f 4623/4623 2079/2079 186/186
f 2358/2358 4878/4878 750/750
f 750/750 733/733 735/735
f 946/946 1938/1938 1940/1940
f 945/945 4261/4261 946/946
f 1584/1584 5231/5231 4648/4648
f 5231/5231 1584/1584 5370/5370
f 3818/3818 1008/1008 5226/5226
f 3913/3913 5226/5226 1008/1008
f 5370/5370 3123/3123 5231/5231
f 5230/5230 5231/5231 3123/3123
f 2464/2464 2466/2466 5269/5269
f 5269/5269 2466/2466 2796/2796
f 2829/2829 2198/2198 2831/2831
f 3843/3843 4547/4547 394/394
f 3058/3058 906/906 501/501
f 4229/4229 497/497 499/499
f 10/10 2281/2281 2279/2279
f 10/10 2279/2279 3072/3072
f 2388/2388 5371/5371 5366/5366
f 5365/5365 2388/2388 5366/5366
f 5372/5372 4214/4214 4909/4909
f 5373/5373 5374/5374 5375/5375
f 2998/2998 2324/2324 4971/4971
f 1441/1441 2998/2998 4971/4971
f 4092/4092 888/888 4091/4091
f 888/888 2544/2544 4091/4091
f 457/457 3405/3405 1189/1189
f 1190/1190 1189/1189 3054/3054
f 1444/1444 1443/1443 4481/4481
f 4667/4667 5376/5376 5377/5377
f 2687/2687 5378/5378 2688/2688
f 5378/5378 631/631 3334/3334
f 2459/2459 5113/5113 2458/2458
f 318/318 4796/4796 5113/5113
f 735/735 3923/3923 2358/2358
f 750/750 735/735 2358/2358
f 1918/1918 710/710 4156/4156
f 710/710 4157/4157 4156/4156
f 3509/3509 3511/3511 3267/3267
f 3268/3268 3265/3265 3267/3267
f 3624/3624 4133/4133 4106/4106
f 4106/4106 1100/1100 3624/3624
f 1480/1480 1484/1484 1481/1481
f 2863/2863 119/119 3803/3803
f 2725/2725 2762/2762 2761/2761
f 2725/2725 2727/2727 3219/3219
f 5334/5334 2976/2976 2975/2975
f 5334/5334 3382/3382 2976/2976
f 5351/5351 4358/4358 2218/2218
f 5351/5351 2218/2218 366/366
f 3625/3625 762/762 761/761
f 3624/3624 3625/3625 761/761
f 3994/3994 3985/3985 3986/3986
f 3994/3994 3986/3986 3995/3995
f 4001/4001 3012/3012 848/848
f 3012/3012 4001/4001 4019/4019
f 3769/3769 1807/1807 1303/1303
f 1807/1807 3769/3769 3802/3802
f 2091/2091 2094/2094 1821/1821
f 2094/2094 2091/2091 3268/3268
f 4417/4417 3894/3894 4418/4418
f 4741/4741 4417/4417 4418/4418
f 4745/4745 4181/4181 1560/1560
f 4388/4388 4387/4387 4181/4181
f 356/356 5379/5379 1922/1922
f 5379/5379 3954/3954 1922/1922
f 4925/4925 4926/4926 1741/1741
f 4926/4926 1742/1742 1741/1741
f 5094/5094 3272/3272 1313/1313
f 5094/5094 1313/1313 1467/1467
f 1064/1064 5380/5380 4589/4589
f 2581/2581 4589/4589 2580/2580
f 432/432 431/431 5381/5381
f 2615/2615 193/193 2675/2675
f 4452/4452 5265/5265 5088/5088
f 1316/1316 4452/4452 3659/3659
f 1701/1701 1840/1840 1702/1702
f 1840/1840 1701/1701 52/52
f 3849/3849 1288/1288 2367/2367
f 2367/2367 2366/2366 3848/3848
f 3810/3810 1716/1716 5382/5382
f 1366/1366 3810/3810 5382/5382
f 5383/5383 1756/1756 5384/5384
f 1753/1753 5242/5242 3833/3833
f 4759/4759 1995/1995 3338/3338
f 3338/3338 1995/1995 1994/1994
f 302/302 301/301 5322/5322
f 1720/1720 5322/5322 301/301
f 891/891 4895/4895 886/886
f 886/886 4090/4090 891/891
f 1993/1993 1995/1995 1997/1997
f 2009/2009 1993/1993 1997/1997
f 624/624 626/626 1608/1608
f 1608/1608 3050/3050 624/624
f 339/339 2839/2839 2838/2838
f 1267/1267 3546/3546 3543/3543
f 4609/4609 2460/2460 2310/2310
f 3220/3220 800/800 3221/3221
f 5095/5095 76/76 5385/5385
f 5049/5049 2917/2917 5385/5385
f 4143/4143 4166/4166 4165/4165
f 4166/4166 4143/4143 4141/4141
f 4468/4468 2923/2923 5266/5266
f 2923/2923 2922/2922 5386/5386
f 4070/4070 418/418 1477/1477
f 2501/2501 418/418 1634/1634
f 2749/2749 2750/2750 1729/1729
f 2749/2749 1729/1729 1728/1728
f 1735/1735 1736/1736 4029/4029
f 149/149 2646/2646 4028/4028
f 1523/1523 1522/1522 1573/1573
f 1573/1573 1875/1875 1523/1523
f 4026/4026 2322/2322 4027/4027
f 2998/2998 4027/4027 2322/2322
f 900/900 5066/5066 898/898
f 900/900 4452/4452 5066/5066
f 4195/4195 4439/4439 2891/2891
f 5012/5012 5110/5110 4439/4439
f 2028/2028 4921/4921 2024/2024
f 4923/4923 4922/4922 4921/4921
f 3701/3701 3671/3671 1156/1156
f 3671/3671 3870/3870 1156/1156
f 3199/3199 3594/3594 478/478
f 478/478 3594/3594 4789/4789
f 1686/1686 3698/3698 77/77
f 77/77 3698/3698 2150/2150
f 3006/3006 1364/1364 1939/1939
f 4916/4916 1939/1939 1364/1364
f 2030/2030 2032/2032 4273/4273
f 2033/2033 2032/2032 2030/2030
f 2796/2796 2795/2795 4662/4662
f 2796/2796 2466/2466 2795/2795
f 3761/3761 2213/2213 655/655
f 655/655 3064/3064 3761/3761
f 2792/2792 4662/4662 4639/4639
f 2792/2792 5387/5387 4662/4662
f 4815/4815 2023/2023 4721/4721
f 3132/3132 4721/4721 2021/2021
f 4215/4215 1372/1372 1373/1373
f 3678/3678 1372/1372 4850/4850
f 3690/3690 5129/5129 1920/1920
f 2342/2342 3690/3690 1920/1920
f 2802/2802 5388/5388 554/554
f 500/500 554/554 5388/5388
f 5345/5345 1899/1899 1901/1901
f 1920/1920 1899/1899 2342/2342
f 4677/4677 2510/2510 4125/4125
f 471/471 2510/2510 4123/4123
f 4252/4252 4272/4272 4952/4952
f 4952/4952 4272/4272 3189/3189
f 3272/3272 1954/1954 5241/5241
f 1954/1954 1953/1953 1955/1955
f 4341/4341 5152/5152 4316/4316
f 1185/1185 4316/4316 4315/4315
f 866/866 2390/2390 3984/3984
f 3984/3984 693/693 866/866
f 1800/1800 639/639 638/638
f 1800/1800 5163/5163 639/639
f 5389/5389 2056/2056 1249/1249
f 2056/2056 5389/5389 4093/4093
f 3560/3560 4319/4319 3561/3561
f 1619/1619 4319/4319 4311/4311
f 117/117 1978/1978 1980/1980
f 116/116 1978/1978 117/117
f 2290/2290 1380/1380 4789/4789
f 2290/2290 1381/1381 1380/1380
f 1222/1222 3029/3029 1223/1223
f 1223/1223 3030/3030 2981/2981
f 3875/3875 1219/1219 1811/1811
f 1217/1217 1219/1219 3875/3875
f 4481/4481 4480/4480 1444/1444
f 329/329 467/467 4480/4480
f 3764/3764 2947/2947 5008/5008
f 1933/1933 2947/2947 3764/3764
f 1178/1178 2085/2085 1176/1176
f 1178/1178 5145/5145 2085/2085
f 3075/3075 2740/2740 5000/5000
f 2740/2740 3075/3075 2741/2741
f 1734/1734 1623/1623 1735/1735
f 1623/1623 1625/1625 1624/1624
f 3762/3762 2980/2980 2979/2979
f 2210/2210 2212/2212 2979/2979
f 275/275 2741/2741 3075/3075
f 275/275 3075/3075 2589/2589
f 4315/4315 5248/5248 1186/1186
f 1185/1185 4315/4315 1186/1186
f 1763/1763 85/85 87/87
f 2780/2780 1763/1763 87/87
f 3340/3340 3912/3912 1007/1007
f 3912/3912 1008/1008 1007/1007
f 2263/2263 4448/4448 4447/4447
f 4827/4827 4448/4448 2263/2263
f 2836/2836 2833/2833 5196/5196
f 2836/2836 5293/5293 2833/2833
f 4929/4929 4666/4666 2257/2257
f 3685/3685 2257/2257 2256/2256
f 3333/3333 1926/1926 2420/2420
f 3610/3610 1926/1926 3333/3333
f 2137/2137 4728/4728 2142/2142
f 2139/2139 4728/4728 2137/2137
f 4397/4397 2621/2621 3341/3341
f 4397/4397 3341/3341 1005/1005
f 1955/1955 1786/1786 4442/4442
f 1954/1954 1955/1955 5241/5241
f 5083/5083 5082/5082 5024/5024
f 734/734 5082/5082 5083/5083
f 3003/3003 961/961 4889/4889
f 4889/4889 961/961 5051/5051
f 1115/1115 3137/3137 2482/2482
f 2482/2482 3137/3137 3136/3136
f 1883/1883 518/518 1881/1881
f 1883/1883 5057/5057 518/518
f 2232/2232 1801/1801 3972/3972
f 1801/1801 3730/3730 3972/3972
f 2250/2250 1807/1807 3802/3802
f 3113/3113 3112/3112 3802/3802
f 273/273 3539/3539 1361/1361
f 154/154 3539/3539 273/273
f 2742/2742 2743/2743 3571/3571
f 2743/2743 5339/5339 3571/3571
f 2219/2219 4850/4850 1825/1825
f 1319/1319 2217/2217 2219/2219
f 3283/3283 3587/3587 713/713
f 2086/2086 4766/4766 3587/3587
f 558/558 560/560 2543/2543
f 2543/2543 591/591 558/558
f 2136/2136 4146/4146 5115/5115
f 2136/2136 5115/5115 5390/5390
f 3459/3459 3571/3571 3457/3457
f 3571/3571 5339/5339 5391/5391
f 3916/3916 3917/3917 5144/5144
f 3978/3978 3917/3917 3916/3916
f 1055/1055 1140/1140 1056/1056
f 1140/1140 3297/3297 1056/1056
f 927/927 2489/2489 5392/5392
f 2478/2478 5392/5392 2489/2489
f 697/697 698/698 3876/3876
f 3056/3056 3055/3055 3054/3054
f 441/441 4705/4705 4879/4879
f 4705/4705 441/441 3634/3634
f 1951/1951 1950/1950 3824/3824
f 1950/1950 3822/3822 3821/3821
f 3719/3719 5192/5192 5193/5193
f 5192/5192 4328/4328 4329/4329
f 3880/3880 5138/5138 2058/2058
f 518/518 520/520 3880/3880
f 4010/4010 4927/4927 4929/4929
f 1504/1504 1503/1503 1446/1446
f 4821/4821 5237/5237 2928/2928
f 4821/4821 2928/2928 866/866
f 814/814 3942/3942 5314/5314
f 998/998 5314/5314 3942/3942
f 3235/3235 3705/3705 1233/1233
f 1513/1513 3235/3235 1233/1233
f 228/228 227/227 229/229
f 227/227 4291/4291 229/229
f 1088/1088 5393/5393 3696/3696
f 509/509 5393/5393 1088/1088
f 4363/4363 1283/1283 925/925
f 2044/2044 2340/2340 4363/4363
f 5394/5394 5395/5395 976/976
f 1687/1687 381/381 5396/5396
f 5397/5397 665/665 4175/4175
f 1720/1720 665/665 5397/5397
f 1209/1209 2339/2339 1207/1207
f 1283/1283 2339/2339 1209/1209
f 3390/3390 2174/2174 4734/4734
f 3339/3339 1007/1007 1009/1009
f 4838/4838 810/810 363/363
f 363/363 362/362 4838/4838
f 5095/5095 4066/4066 3981/3981
f 4066/4066 3900/3900 3981/3981
f 2471/2471 1544/1544 1715/1715
f 1543/1543 1715/1715 1544/1544
f 2996/2996 4199/4199 1633/1633
f 1630/1630 1629/1629 1633/1633
f 2213/2213 2212/2212 654/654
f 3762/3762 2979/2979 2212/2212
f 5396/5396 381/381 5398/5398
f 381/381 4140/4140 5398/5398
f 3496/3496 1355/1355 322/322
f 322/322 1355/1355 1354/1354
f 668/668 3328/3328 3325/3325
f 5250/5250 3325/3325 3328/3328
f 2907/2907 4582/4582 4581/4581
f 4739/4739 3682/3682 4581/4581
f 3256/3256 2440/2440 3257/3257
f 3257/3257 2440/2440 1067/1067
f 4030/4030 4031/4031 2605/2605
f 2605/2605 4031/4031 759/759
f 284/284 5029/5029 1395/1395
f 5399/5399 284/284 5028/5028
f 3056/3056 699/699 698/698
f 698/698 697/697 3056/3056
f 516/516 5289/5289 2495/2495
f 5289/5289 516/516 515/515
f 1083/1083 5400/5400 1084/1084
f 1084/1084 1087/1087 4197/4197
f 5399/5399 5029/5029 284/284
f 3181/3181 5399/5399 5028/5028
f 3669/3669 3478/3478 364/364
f 3669/3669 364/364 3670/3670
f 1466/1466 4777/4777 5094/5094
f 1466/1466 5094/5094 1467/1467
f 4730/4730 5401/5401 1083/1083
f 261/261 2837/2837 259/259
f 5402/5402 5403/5403 5404/5404
f 3927/3927 3928/3928 5405/5405
f 4807/4807 1065/1065 2997/2997
f 1632/1632 2440/2440 4807/4807
f 3540/3540 314/314 1362/1362
f 1362/1362 314/314 316/316
f 1983/1983 3508/3508 3274/3274
f 3277/3277 1983/1983 4550/4550
f 3563/3563 91/91 93/93
f 3563/3563 363/363 4271/4271
f 4261/4261 1938/1938 946/946
f 952/952 1938/1938 4261/4261
f 603/603 1945/1945 5406/5406
f 5310/5310 852/852 853/853
f 1835/1835 4919/4919 1833/1833
f 1833/1833 4919/4919 2604/2604
f 1810/1810 1643/1643 250/250
f 250/250 4566/4566 1810/1810
f 2404/2404 952/952 4260/4260
f 952/952 4261/4261 4260/4260
f 5407/5407 3572/3572 4242/4242
f 3250/3250 3572/3572 2244/2244
f 2983/2983 4061/4061 5408/5408
f 1261/1261 5409/5409 1262/1262
f 4131/4131 4110/4110 5220/5220
f 5020/5020 5220/5220 4110/4110
f 1117/1117 4059/4059 5410/5410
f 4061/4061 5411/5411 5408/5408
f 358/358 1831/1831 359/359
f 1831/1831 1612/1612 359/359
f 33/33 23/23 26/26
f 33/33 26/26 28/28
f 1332/1332 1334/1334 686/686
f 686/686 1334/1334 3564/3564
f 2040/2040 2553/2553 4062/4062
f 2040/2040 2042/2042 1044/1044
f 3839/3839 2924/2924 2923/2923
f 2924/2924 3839/3839 3838/3838
f 4725/4725 2174/2174 3390/3390
f 4809/4809 4811/4811 4812/4812
f 2854/2854 4812/4812 4811/4811
f 3121/3121 3120/3120 1050/1050
f 3261/3261 1050/1050 3120/3120
f 5412/5412 2171/2171 2173/2173
f 2172/2172 2754/2754 2173/2173
f 1717/1717 1716/1716 3809/3809
f 301/301 1717/1717 3809/3809
f 967/967 972/972 905/905
f 905/905 972/972 5201/5201
f 1945/1945 4704/4704 5406/5406
f 4704/4704 1945/1945 1944/1944
f 22/22 5413/5413 2476/2476
f 1057/1057 2730/2730 5413/5413
f 1023/1023 1022/1022 5414/5414
f 5414/5414 1022/1022 4137/4137
f 2491/2491 1744/1744 294/294
f 1744/1744 1743/1743 294/294
f 2340/2340 2339/2339 1283/1283
f 4363/4363 2340/2340 1283/1283
f 2076/2076 4348/4348 2949/2949
f 3950/3950 2949/2949 4348/4348
f 2551/2551 608/608 144/144
f 843/843 845/845 5415/5415
f 344/344 5171/5171 3309/3309
f 3309/3309 5171/5171 5172/5172
f 3966/3966 5416/5416 5417/5417
f 5416/5416 2586/2586 5418/5418
f 1830/1830 1834/1834 1610/1610
f 1610/1610 1831/1831 1830/1830
f 1913/1913 2329/2329 4806/4806
f 2329/2329 2328/2328 4806/4806
f 2628/2628 2626/2626 5419/5419
f 5419/5419 2626/2626 3302/3302
f 1684/1684 1683/1683 3780/3780
f 1684/1684 3780/3780 2791/2791
f 1590/1590 4560/4560 2769/2769
f 1590/1590 2769/2769 3738/3738
f 233/233 232/232 3260/3260
f 232/232 3309/3309 3308/3308
f 2278/2278 3952/3952 3406/3406
f 1139/1139 2278/2278 2280/2280
f 1794/1794 4806/4806 4089/4089
f 4089/4089 4806/4806 2328/2328
f 3181/3181 2408/2408 5029/5029
f 5399/5399 3181/3181 5029/5029
f 2633/2633 1684/1684 2791/2791
f 2633/2633 2791/2791 2635/2635
f 1607/1607 5046/5046 5420/5420
f 5420/5420 3518/3518 5421/5421
f 3700/3700 1155/1155 480/480
f 480/480 3701/3701 3700/3700
f 4995/4995 58/58 196/196
f 1853/1853 4995/4995 196/196
f 5416/5416 3966/3966 2586/2586
f 3966/3966 2587/2587 2586/2586
f 483/483 3931/3931 3151/3151
f 483/483 3151/3151 3150/3150
f 1350/1350 2577/2577 3486/3486
f 2577/2577 3485/3485 3486/3486
f 5011/5011 5012/5012 4574/4574
f 5011/5011 4226/4226 1393/1393
f 1117/1117 5410/5410 1258/1258
f 5411/5411 4061/4061 5409/5409
f 4651/4651 4588/4588 179/179
f 4589/4589 4588/4588 4651/4651
f 4067/4067 1663/1663 1151/1151
f 258/258 4067/4067 4631/4631
f 3715/3715 3718/3718 1650/1650
f 3926/3926 1650/1650 3718/3718
f 3559/3559 999/999 1329/1329
f 1329/1329 3560/3560 3559/3559
f 5101/5101 116/116 1655/1655
f 116/116 1653/1653 1655/1655
f 5127/5127 3352/3352 2496/2496
f 2494/2494 3352/3352 5127/5127
f 2990/2990 3098/3098 3099/3099
f 3098/3098 1602/1602 3099/3099
f 1083/1083 5401/5401 5422/5422
f 1083/1083 5422/5422 5400/5400
f 2625/2625 2624/2624 1620/1620
f 1620/1620 4312/4312 2625/2625
f 5011/5011 4574/4574 4226/4226
f 4227/4227 4226/4226 4574/4574
f 74/74 1439/1439 417/417
f 1439/1439 3897/3897 417/417
f 510/510 438/438 3259/3259
f 5189/5189 3259/3259 2100/2100
f 1269/1269 1271/1271 4540/4540
f 1271/1271 2653/2653 4540/4540
f 4685/4685 4671/4671 4687/4687
f 4687/4687 4671/4671 2968/2968
f 2552/2552 4254/4254 3589/3589
f 4254/4254 1148/1148 3589/3589
f 3173/3173 3263/3263 3999/3999
f 3171/3171 3173/3173 3999/3999
f 5101/5101 4500/4500 116/116
f 4862/4862 4500/4500 5101/5101
f 2040/2040 1044/1044 2553/2553
f 2553/2553 1044/1044 1046/1046
f 101/101 100/100 1857/1857
f 1860/1860 1137/1137 741/741
f 2192/2192 2191/2191 1378/1378
f 2191/2191 3045/3045 1378/1378
f 273/273 1361/1361 141/141
f 139/139 141/141 224/224
f 1270/1270 4108/4108 4167/4167
f 1269/1269 4108/4108 1270/1270
f 5423/5423 684/684 5217/5217
f 89/89 1755/1755 90/90
f 237/237 242/242 238/238
f 237/237 4785/4785 242/242
f 5031/5031 5412/5412 2754/2754
f 2754/2754 5412/5412 2173/2173
f 5424/5424 438/438 437/437
f 5424/5424 3259/3259 438/438
f 410/410 412/412 165/165
f 165/165 412/412 2532/2532
f 5425/5425 1044/1044 2042/2042
f 2042/2042 2370/2370 5426/5426
f 2672/2672 4640/4640 2674/2674
f 2672/2672 461/461 3849/3849
f 3751/3751 4634/4634 3752/3752
f 4634/4634 3751/3751 544/544
f 2698/2698 690/690 689/689
f 689/689 122/122 2699/2699
f 2393/2393 2106/2106 2105/2105
f 2393/2393 4283/4283 2106/2106
f 1565/1565 1568/1568 4332/4332
f 4053/4053 4332/4332 1568/1568
f 2474/2474 2470/2470 2472/2472
f 2698/2698 2474/2474 2472/2472
f 2643/2643 2641/2641 2690/2690
f 3226/3226 2643/2643 2690/2690
f 65/65 241/241 2378/2378
f 242/242 241/241 238/238
f 4809/4809 614/614 2427/2427
f 4809/4809 4812/4812 614/614
f 3982/3982 5427/5427 3440/3440
f 3440/3440 3439/3439 3982/3982
f 4756/4756 3349/3349 3674/3674
f 3674/3674 3349/3349 3673/3673
f 3567/3567 1243/1243 2781/2781
f 3567/3567 1244/1244 1243/1243
f 5077/5077 5428/5428 3416/3416
f 3485/3485 3416/3416 5428/5428
f 4454/4454 3495/3495 506/506
f 506/506 3495/3495 322/322
f 1783/1783 4463/4463 21/21
f 22/22 21/21 4463/4463
f 5246/5246 1684/1684 2632/2632
f 5245/5245 2632/2632 4792/4792
f 3107/3107 979/979 256/256
f 4954/4954 4626/4626 3107/3107
f 2716/2716 2715/2715 2562/2562
f 3873/3873 2562/2562 2715/2715
f 2042/2042 5426/5426 5425/5425
f 1045/1045 1044/1044 5425/5425
f 476/476 1231/1231 1230/1230
f 3419/3419 1230/1230 3281/3281
f 4222/4222 1095/1095 1097/1097
f 1097/1097 1684/1684 5246/5246
f 1174/1174 2234/2234 687/687
f 2234/2234 1174/1174 2235/2235
f 714/714 5146/5146 715/715
f 744/744 3298/3298 1838/1838
f 1405/1405 5428/5428 5077/5077
f 5428/5428 1405/1405 3485/3485
f 4312/4312 1617/1617 1616/1616
f 1616/1616 2625/2625 4312/4312
f 1915/1915 4869/4869 3218/3218
f 1914/1914 4869/4869 1915/1915
f 4038/4038 538/538 1832/1832
f 539/539 538/538 4038/4038
f 3231/3231 1524/1524 889/889
f 3231/3231 6/6 1524/1524
f 5173/5173 980/980 3893/3893
f 3893/3893 980/980 3892/3892
f 1959/1959 4047/4047 1957/1957
f 1957/1957 4047/4047 4266/4266
f 1559/1559 4672/4672 1836/1836
f 4673/4673 1836/1836 4672/4672
f 320/320 1197/1197 321/321
f 3230/3230 30/30 320/320
f 2214/2214 2226/2226 5429/5429
f 2226/2226 4307/4307 4961/4961
f 3395/3395 3889/3889 569/569
f 569/569 3889/3889 1721/1721
f 3303/3303 4647/4647 3304/3304
f 4012/4012 3306/3306 3166/3166
f 2084/2084 2752/2752 5430/5430
f 2084/2084 5430/5430 5354/5354
f 2739/2739 4109/4109 2961/2961
f 2961/2961 2960/2960 2739/2739
f 4127/4127 1843/1843 379/379
f 4127/4127 379/379 1687/1687
f 2697/2697 140/140 4808/4808
f 140/140 2697/2697 14/14
f 510/510 3310/3310 2638/2638
f 5172/5172 3307/3307 2638/2638
f 4937/4937 3548/3548 4169/4169
f 4937/4937 2064/2064 3548/3548
f 2399/2399 4597/4597 4596/4596
f 4597/4597 2399/2399 3709/3709
f 1561/1561 2731/2731 513/513
f 2961/2961 4109/4109 513/513
f 3807/3807 349/349 3808/3808
f 3808/3808 349/349 351/351
f 5304/5304 3108/3108 3110/3110
f 3110/3110 2196/2196 5304/5304
f 4169/4169 3548/3548 2063/2063
f 2063/2063 1977/1977 4169/4169
f 4713/4713 4712/4712 4711/4711
f 2804/2804 4713/4713 5431/5431
f 53/53 3187/3187 973/973
f 973/973 3187/3187 974/974
f 1714/1714 1543/1543 4680/4680
f 5355/5355 3641/3641 4680/4680
f 1082/1082 2857/2857 1031/1031
f 1031/1031 2857/2857 1032/1032
f 2426/2426 4994/4994 2047/2047
f 819/819 2426/2426 2047/2047
f 4854/4854 3409/3409 3449/3449
f 5131/5131 5037/5037 1063/1063
f 1487/1487 682/682 4965/4965
f 1487/1487 728/728 682/682
f 1447/1447 3023/3023 3249/3249
f 3023/3023 1447/1447 1449/1449
f 3153/3153 3155/3155 3154/3154
f 3154/3154 3155/3155 4876/4876
f 2845/2845 170/170 3667/3667
f 3668/3668 2845/2845 3667/3667
f 5426/5426 1045/1045 5425/5425
f 2370/2370 1045/1045 5426/5426
f 2990/2990 2988/2988 3098/3098
f 2062/2062 2988/2988 2990/2990
f 2790/2790 4303/4303 815/815
f 789/789 815/815 4303/4303
f 180/180 4676/4676 872/872
f 4652/4652 2368/2368 872/872
f 1103/1103 2654/2654 2778/2778
f 605/605 1103/1103 2778/2778
f 3694/3694 2770/2770 911/911
f 2770/2770 1500/1500 911/911
f 1205/1205 2691/2691 3935/3935
f 3936/3936 3935/3935 4592/4592
f 2235/2235 1174/1174 1173/1173
f 4632/4632 5004/5004 3169/3169
f 5004/5004 4954/4954 3169/3169
f 2691/2691 3937/3937 4592/4592
f 3935/3935 2691/2691 4592/4592
f 2759/2759 1929/1929 4679/4679
f 1930/1930 1929/1929 2759/2759
f 3617/3617 5107/5107 258/258
f 257/257 3617/3617 258/258
f 4570/4570 3047/3047 2788/2788
f 4570/4570 637/637 3046/3046
f 4781/4781 1343/1343 1113/1113
f 4947/4947 1110/1110 1112/1112
f 637/637 4570/4570 2788/2788
f 637/637 2788/2788 638/638
f 1201/1201 4696/4696 3686/3686
f 1193/1193 1195/1195 3686/3686
f 2568/2568 4853/4853 4874/4874
f 5130/5130 4853/4853 4854/4854
f 1324/1324 3043/3043 2189/2189
f 3043/3043 1324/1324 1323/1323
f 5432/5432 1135/1135 1859/1859
f 1135/1135 1137/1137 1859/1859
f 2865/2865 1484/1484 2863/2863
f 2863/2863 1484/1484 119/119
f 2664/2664 1278/1278 1472/1472
f 1472/1472 1278/1278 1277/1277
f 4310/4310 4309/4309 1370/1370
f 4310/4310 1370/1370 4961/4961
f 4961/4961 1370/1370 2215/2215
f 2214/2214 5429/5429 2215/2215
f 5298/5298 4472/4472 4471/4471
f 5298/5298 4471/4471 4474/4474
f 1874/1874 1761/1761 4600/4600
f 1761/1761 1105/1105 4600/4600
f 5433/5433 2286/2286 2400/2400
f 5434/5434 5433/5433 2400/2400
f 4964/4964 2445/2445 622/622
f 5260/5260 4964/4964 3819/3819
f 3655/3655 3860/3860 5435/5435
f 2292/2292 3655/3655 5435/5435
f 4573/4573 2123/2123 3643/3643
f 2123/2123 2880/2880 3643/3643
f 706/706 2238/2238 3923/3923
f 3021/3021 706/706 3923/3923
f 5186/5186 4011/4011 80/80
f 5186/5186 80/80 5362/5362
f 3846/3846 3843/3843 3844/3844
f 3846/3846 5021/5021 3843/3843
f 5424/5424 437/437 2100/2100
f 5424/5424 2100/2100 3259/3259
f 2920/2920 4364/4364 641/641
f 2920/2920 2526/2526 4364/4364
f 5079/5079 2000/2000 1424/1424
f 3859/3859 1425/1425 1424/1424
f 5436/5436 2411/2411 4719/4719
f 4719/4719 2411/2411 1867/1867
f 1609/1609 626/626 5046/5046
f 1608/1608 626/626 1609/1609
f 2731/2731 2961/2961 513/513
f 2738/2738 2959/2959 2961/2961
f 2348/2348 2057/2057 5437/5437
f 1778/1778 2348/2348 5437/5437
f 2062/2062 2990/2990 2989/2989
f 2989/2989 1598/1598 2062/2062
f 1852/1852 1238/1238 3111/3111
f 1238/1238 414/414 69/69
f 159/159 1430/1430 1751/1751
f 1751/1751 1430/1430 1432/1432
f 2414/2414 4517/4517 2415/2415
f 2414/2414 3579/3579 4517/4517
f 2524/2524 2523/2523 2405/2405
f 4159/4159 2405/2405 2523/2523
f 159/159 202/202 1430/1430
f 521/521 202/202 159/159
f 922/922 4675/4675 923/923
f 4675/4675 896/896 923/923
f 4757/4757 4065/4065 3739/3739
f 3739/3739 4065/4065 4064/4064
f 4691/4691 857/857 4688/4688
f 4689/4689 4688/4688 857/857
f 5438/5438 3947/3947 3380/3380
f 3979/3979 3948/3948 3977/3977
f 1548/1548 5230/5230 3123/3123
f 1548/1548 857/857 4691/4691
f 292/292 3238/3238 1815/1815
f 1815/1815 3238/3238 3237/3237
f 3216/3216 2411/2411 5436/5436
f 3216/3216 2409/2409 2411/2411
f 4801/4801 600/600 4802/4802
f 3359/3359 3381/3381 3380/3380
f 1815/1815 1814/1814 918/918
f 4437/4437 4436/4436 1814/1814
f 2473/2473 2470/2470 2474/2474
f 2473/2473 1545/1545 2470/2470
f 4699/4699 336/336 1131/1131
f 2260/2260 336/336 4699/4699
f 1016/1016 5439/5439 1017/1017
f 1017/1017 5439/5439 4260/4260
f 4435/4435 1520/1520 4571/4571
f 4571/4571 4569/4569 4568/4568
f 975/975 1594/1594 4298/4298
f 975/975 4298/4298 2902/2902
f 5256/5256 4234/4234 673/673
f 5256/5256 673/673 5285/5285
f 2330/2330 4619/4619 2328/2328
f 4620/4620 2328/2328 4619/4619
f 4519/4519 492/492 3575/3575
f 493/493 492/492 4519/4519
f 3806/3806 440/440 3804/3804
f 440/440 3806/3806 3633/3633
f 3757/3757 3993/3993 2462/2462
f 584/584 3757/3757 2462/2462
f 4533/4533 4532/4532 2366/2366
f 2366/2366 1336/1336 4533/4533
f 4207/4207 1722/1722 4070/4070
f 1722/1722 4207/4207 1723/1723
f 5252/5252 4906/4906 5247/5247
f 5252/5252 4553/4553 4552/4552
f 4086/4086 3976/3976 4052/4052
f 3975/3975 4086/4086 912/912
f 4565/4565 4530/4530 664/664
f 2072/2072 4530/4530 4565/4565
f 5440/5440 3158/3158 3342/3342
f 5441/5441 5418/5418 2586/2586
f 3249/3249 3251/3251 3250/3250
f 3249/3249 3023/3023 3251/3251
f 4922/4922 1293/1293 2166/2166
f 1293/1293 1292/1292 2166/2166
f 4249/4249 1245/1245 2178/2178
f 2781/2781 1245/1245 5442/5442
f 4220/4220 443/443 445/445
f 783/783 4220/4220 445/445
f 738/738 5183/5183 4163/4163
f 738/738 737/737 5183/5183
f 5176/5176 3581/3581 2331/2331
f 4580/4580 3581/3581 5176/5176
f 4833/4833 2571/2571 289/289
f 4833/4833 291/291 2571/2571
f 1244/1244 1241/1241 3829/3829
f 1245/1245 1244/1244 3829/3829
f 523/523 128/128 4405/4405
f 1330/1330 2937/2937 2941/2941
f 5287/5287 1330/1330 2941/2941
f 648/648 2255/2255 2257/2257
f 5377/5377 2257/2257 4667/4667
f 4040/4040 3953/3953 174/174
f 4040/4040 174/174 173/173
f 4284/4284 2214/2214 3677/3677
f 1119/1119 1121/1121 4284/4284
f 4086/4086 4052/4052 912/912
f 2494/2494 912/912 4052/4052
f 3444/3444 4796/4796 2103/2103
f 2103/2103 4796/4796 3076/3076
f 1282/1282 1208/1208 4515/4515
f 1208/1208 3520/3520 4515/4515
f 3318/3318 3317/3317 1698/1698
f 3318/3318 1698/1698 3943/3943
f 1408/1408 1409/1409 3683/3683
f 1409/1409 5361/5361 3683/3683
f 36/36 1117/1117 5443/5443
f 5444/5444 5404/5404 5445/5445
f 4115/4115 5120/5120 4116/4116
f 2651/2651 3699/3699 2652/2652
f 3605/3605 3606/3606 3608/3608
f 3606/3606 3607/3607 3608/3608
f 3435/3435 3434/3434 3436/3436
f 4256/4256 3434/3434 2975/2975
f 2132/2132 4905/4905 2019/2019
f 2019/2019 4880/4880 3320/3320
f 3927/3927 5405/5405 2813/2813
f 3927/3927 2813/2813 2812/2812
f 3148/3148 2827/2827 3149/3149
f 2827/2827 3148/3148 4872/4872
f 2472/2472 2471/2471 1421/1421
f 2472/2472 1421/1421 1423/1423
f 1742/1742 3585/3585 2584/2584
f 2584/2584 3585/3585 2585/2585
f 4850/4850 4215/4215 1825/1825
f 4215/4215 4850/4850 1372/1372
f 4462/4462 1383/1383 1382/1382
f 74/74 416/416 75/75
f 1654/1654 3845/3845 4209/4209
f 4209/4209 5103/5103 4862/4862
f 5446/5446 255/255 2911/2911
f 865/865 255/255 5446/5446
f 3874/3874 1529/1529 1528/1528
f 3875/3875 1529/1529 3874/3874
f 1556/1556 1448/1448 4669/4669
f 1732/1732 1448/1448 1556/1556
f 1586/1586 1583/1583 1047/1047
f 1586/1586 5039/5039 1583/1583
f 3749/3749 3750/3750 4194/4194
f 4194/4194 4151/4151 3749/3749
f 4262/4262 4160/4160 1017/1017
f 945/945 4160/4160 4262/4262
f 4269/4269 2913/2913 2912/2912
f 4269/4269 4267/4267 2913/2913
f 4151/4151 1356/1356 419/419
f 4151/4151 419/419 546/546
f 2969/2969 3351/3351 3454/3454
f 2969/2969 3454/3454 2660/2660
f 4425/4425 3270/3270 3341/3341
f 2621/2621 4425/4425 3341/3341
f 3180/3180 4922/4922 2166/2166
f 4921/4921 4922/4922 2024/2024
f 3660/3660 4497/4497 3790/3790
f 4496/4496 3790/3790 4497/4497
f 614/614 4813/4813 612/612
f 4813/4813 4812/4812 2853/2853
f 997/997 2168/2168 3856/3856
f 2167/2167 3856/3856 2168/2168
f 551/551 3176/3176 401/401
f 3483/3483 3176/3176 551/551
f 2827/2827 1988/1988 3149/3149
f 1990/1990 3149/3149 1988/1988
f 1779/1779 3731/3731 18/18
f 18/18 3731/3731 662/662
f 5447/5447 3728/3728 3727/3727
f 3727/3727 3332/3332 5447/5447
f 1897/1897 1893/1893 749/749
f 1693/1693 1692/1692 3793/3793
f 1935/1935 3327/3327 3326/3326
f 3327/3327 1935/1935 604/604
f 3025/3025 2168/2168 2170/2170
f 646/646 648/648 3026/3026
f 3146/3146 2529/2529 156/156
f 155/155 3146/3146 156/156
f 1897/1897 1896/1896 1893/1893
f 1893/1893 1896/1896 4293/4293
f 373/373 5320/5320 503/503
f 5040/5040 5320/5320 373/373
f 3749/3749 546/546 657/657
f 4151/4151 546/546 3749/3749
f 642/642 824/824 954/954
f 823/823 954/954 824/824
f 2007/2007 5448/5448 5449/5449
f 5450/5450 5448/5448 581/581
f 4453/4453 4451/4451 2601/2601
f 2601/2601 4451/4451 4523/4523
f 4351/4351 580/580 4350/4350
f 5450/5450 5449/5449 5448/5448
f 3599/3599 1298/1298 834/834
f 833/833 3599/3599 834/834
f 4491/4491 75/75 416/416
f 2501/2501 4491/4491 416/416
f 4256/4256 3436/3436 3434/3434
f 3436/3436 4256/4256 2176/2176
f 772/772 5175/5175 770/770
f 772/772 5056/5056 5175/5175
f 4045/4045 433/433 3671/3671
f 4044/4044 433/433 4045/4045
f 5304/5304 11/11 5427/5427
f 11/11 3440/3440 5427/5427
f 252/252 1811/1811 250/250
f 4088/4088 1811/1811 252/252
f 3551/3551 4548/4548 4549/4549
f 4934/4934 3551/3551 4549/4549
f 681/681 2435/2435 2434/2434
f 5198/5198 681/681 2434/2434
f 4305/4305 4898/4898 4306/4306
f 4898/4898 4305/4305 5257/5257
f 4049/4049 1737/1737 2610/2610
f 3529/3529 1737/1737 4049/4049
f 4008/4008 1941/1941 1943/1943
f 1943/1943 2201/2201 5451/5451
f 4073/4073 3468/3468 2435/2435
f 2435/2435 681/681 4073/4073
f 2853/2853 3376/3376 612/612
f 4813/4813 2853/2853 612/612
f 3462/3462 3464/3464 942/942
f 3464/3464 943/943 942/942
f 1940/1940 2334/2334 4732/4732
f 946/946 1940/1940 4732/4732
f 531/531 533/533 3266/3266
f 3266/3266 533/533 4653/4653
f 2704/2704 4772/4772 5452/5452
f 2707/2707 355/355 528/528
f 4343/4343 653/653 5453/5453
f 5453/5453 282/282 405/405
f 3630/3630 4904/4904 4515/4515
f 4904/4904 3630/3630 4675/4675
f 5454/5454 4245/4245 2693/2693
f 4245/4245 5454/5454 4244/4244
f 3781/3781 531/531 1820/1820
f 3266/3266 3265/3265 531/531
f 3006/3006 1365/1365 1364/1364
f 3006/3006 5317/5317 1365/1365
f 5427/5427 3982/3982 5032/5032
f 5032/5032 402/402 4980/4980
f 5434/5434 2399/2399 4596/4596
f 2399/2399 5434/5434 2400/2400
f 1943/1943 5451/5451 4008/4008
f 5451/5451 3432/3432 1976/1976
f 2818/2818 970/970 1537/1537
f 2820/2820 971/971 970/970
f 1792/1792 3448/3448 5455/5455
f 5455/5455 3448/3448 4244/4244
f 4422/4422 2013/2013 1211/1211
f 4213/4213 1212/1212 1211/1211
f 3031/3031 3295/3295 3034/3034
f 3034/3034 3295/3295 3294/3294
f 3841/3841 3842/3842 1334/1334
f 1334/1334 3842/3842 1335/1335
f 4489/4489 2422/2422 5010/5010
f 4489/4489 5010/5010 2420/2420
f 3982/3982 403/403 402/402
f 3982/3982 402/402 5032/5032
f 3520/3520 3519/3519 1010/1010
f 3935/3935 1010/1010 1205/1205
f 3155/3155 3153/3153 3336/3336
f 4122/4122 3336/3336 3153/3153
f 2748/2748 2750/2750 2749/2749
f 2750/2750 4612/4612 2093/2093
f 421/421 420/420 3557/3557
f 2521/2521 3557/3557 420/420
f 5044/5044 3584/3584 3586/3586
f 3586/3586 5312/5312 5044/5044
f 176/176 4141/4141 2567/2567
f 2567/2567 4141/4141 2568/2568
f 3091/3091 3090/3090 3088/3088
f 475/475 1972/1972 5456/5456
f 1015/1015 1017/1017 3958/3958
f 1015/1015 3958/3958 3066/3066
f 3142/3142 3091/3091 474/474
f 3091/3091 3088/3088 5457/5457
f 3258/3258 4657/4657 2439/2439
f 740/740 3258/3258 2439/2439
f 2592/2592 5284/5284 2590/2590
f 5284/5284 809/809 5283/5283
f 3532/3532 2077/2077 3533/3533
f 5458/5458 5390/5390 5115/5115
f 2013/2013 4213/4213 1211/1211
f 5372/5372 4213/4213 4214/4214
f 2292/2292 5047/5047 3653/3653
f 2294/2294 5047/5047 2292/2292
f 1446/1446 1503/1503 4927/4927
f 1503/1503 4928/4928 4927/4927
f 1357/1357 3497/3497 4946/4946
f 1357/1357 4946/4946 4943/4943
f 1010/1010 869/869 894/894
f 869/869 868/868 894/894
f 2230/2230 3067/3067 4686/4686
f 4686/4686 2231/2231 2230/2230
f 2013/2013 4443/4443 4214/4214
f 4213/4213 2013/2013 4214/4214
f 3560/3560 5276/5276 4319/4319
f 1329/1329 5275/5275 3560/3560
f 3150/3150 2923/2923 1454/1454
f 1862/1862 1454/1454 1455/1455
f 1227/1227 356/356 355/355
f 4772/4772 355/355 5452/5452
f 2590/2590 5284/5284 5283/5283
f 808/808 2590/2590 5283/5283
f 4058/4058 196/196 1236/1236
f 4915/4915 4058/4058 1236/1236
f 4312/4312 4311/4311 1617/1617
f 2943/2943 1617/1617 4311/4311
f 2141/2141 2140/2140 337/337
f 3348/3348 3921/3921 3920/3920
f 3826/3826 1745/1745 4829/4829
f 1745/1745 1130/1130 4828/4828
f 2307/2307 2303/2303 2305/2305
f 2303/2303 2307/2307 1889/1889
f 1522/1522 1521/1521 2048/2048
f 1521/1521 5459/5459 2048/2048
f 2390/2390 2389/2389 3984/3984
f 2389/2389 4337/4337 3984/3984
f 5083/5083 5024/5024 5025/5025
f 5025/5025 5024/5024 2160/2160
f 337/337 2852/2852 572/572
f 572/572 2852/2852 2230/2230
f 1592/1592 4516/4516 1766/1766
f 1592/1592 3248/3248 4516/4516
f 337/337 2849/2849 2852/2852
f 2850/2850 2852/2852 2849/2849
f 5095/5095 5385/5385 2917/2917
f 2917/2917 4066/4066 5095/5095
f 3234/3234 1281/1281 2560/2560
f 5460/5460 3706/3706 3708/3708
f 4470/4470 3785/3785 4560/4560
f 3785/3785 4470/4470 2392/2392
f 3397/3397 3400/3400 3398/3398
f 1772/1772 3400/3400 1773/1773
f 3496/3496 3497/3497 1355/1355
f 167/167 4946/4946 3497/3497
f 497/497 4229/4229 3058/3058
f 498/498 497/497 3058/3058
f 3046/3046 2784/2784 2786/2786
f 3046/3046 185/185 1575/1575
f 645/645 2276/2276 2275/2275
f 643/643 645/645 2275/2275
f 1430/1430 4292/4292 1431/1431
f 150/150 1431/1431 4292/4292
f 1641/1641 3387/3387 4702/4702
f 1641/1641 4702/4702 878/878
f 2522/2522 420/420 1356/1356
f 2522/2522 1356/1356 2519/2519
f 2680/2680 5461/5461 4166/4166
f 4166/4166 5461/5461 4755/4755
f 2407/2407 1293/1293 2408/2408
f 2408/2408 1293/1293 4922/4922
f 282/282 5453/5453 1453/1453
f 5453/5453 653/653 1453/1453
f 3412/3412 4678/4678 2296/2296
f 4301/4301 3412/3412 2296/2296
f 4174/4174 2391/2391 302/302
f 4174/4174 2389/2389 2391/2391
f 4585/4585 4586/4586 1000/1000
f 5462/5462 4598/4598 3467/3467
f 3881/3881 3882/3882 226/226
f 3881/3881 158/158 3882/3882
f 1453/1453 4352/4352 1657/1657
f 1453/1453 1222/1222 4352/4352
f 4281/4281 3745/3745 2108/2108
f 3745/3745 3582/3582 2108/2108
f 3944/3944 4700/4700 1802/1802
f 4700/4700 1856/1856 1802/1802
f 4855/4855 1301/1301 374/374
f 505/505 4856/4856 4855/4855
f 4560/4560 3785/3785 3975/3975
f 3975/3975 1500/1500 4560/4560
f 2918/2918 2919/2919 60/60
f 2918/2918 60/60 2848/2848
f 2265/2265 2262/2262 4902/4902
f 2262/2262 5301/5301 4902/4902
f 1774/1774 4369/4369 842/842
f 841/841 1774/1774 842/842
f 3950/3950 3071/3071 4290/4290
f 2949/2949 3950/3950 4290/4290
f 373/373 505/505 374/374
f 4855/4855 374/374 505/505
f 747/747 746/746 3253/3253
f 3177/3177 746/746 5234/5234
f 700/700 1138/1138 1142/1142
f 2281/2281 1142/1142 1138/1138
f 2817/2817 2416/2416 2419/2419
f 2416/2416 2817/2817 661/661
f 1865/1865 4191/4191 1866/1866
f 5463/5463 4191/4191 5464/5464
f 4143/4143 310/310 4142/4142
f 310/310 312/312 4142/4142
f 988/988 5461/5461 2680/2680
f 5461/5461 988/988 4755/4755
f 4587/4587 5465/5465 2369/2369
f 5466/5466 2800/2800 5465/5465
f 5463/5463 1866/1866 4191/4191
f 1866/1866 5463/5463 482/482
f 3724/3724 5100/5100 2316/2316
f 3724/3724 2316/2316 111/111
f 22/22 1057/1057 5413/5413
f 22/22 4463/4463 1057/1057
f 183/183 2337/2337 2708/2708
f 4732/4732 2708/2708 2337/2337
f 785/785 3896/3896 786/786
f 787/787 3896/3896 785/785
f 2901/2901 973/973 975/975
f 973/973 2901/2901 2903/2903
f 4772/4772 1227/1227 355/355
f 1227/1227 4772/4772 1228/1228
f 3088/3088 3090/3090 1973/1973
f 3090/3090 1307/1307 1973/1973
f 4996/4996 537/537 539/539
f 4038/4038 1614/1614 539/539
f 880/880 1628/1628 5073/5073
f 4335/4335 5073/5073 1628/1628
f 810/810 809/809 4270/4270
f 809/809 5279/5279 4270/4270
f 2207/2207 4228/4228 499/499
f 499/499 5267/5267 2207/2207
f 1918/1918 4156/4156 3887/3887
f 1920/1920 5129/5129 3887/3887
f 937/937 934/934 933/933
f 4065/4065 937/937 933/933
f 5467/5467 1341/1341 1343/1343
f 5467/5467 1343/1343 4781/4781
f 627/627 4725/4725 3390/3390
f 4724/4724 4725/4725 627/627
f 4963/4963 5074/5074 2726/2726
f 2445/2445 4963/4963 2726/2726
f 3345/3345 4753/4753 3343/3343
f 3345/3345 3342/3342 4753/4753
f 3971/3971 4228/4228 4227/4227
f 3971/3971 4227/4227 4576/4576
f 4284/4284 1121/1121 2214/2214
f 2214/2214 1121/1121 2226/2226
f 942/942 944/944 1279/1279
f 944/944 1280/1280 1279/1279
f 1804/1804 3774/3774 4011/4011
f 81/81 3774/3774 1804/1804
f 2628/2628 5419/5419 995/995
f 2629/2629 2628/2628 995/995
f 3350/3350 4415/4415 4671/4671
f 1605/1605 4415/4415 3350/3350
f 2868/2868 5402/5402 1306/1306
f 2868/2868 1306/1306 1305/1305
f 2539/2539 679/679 4969/4969
f 679/679 2539/2539 677/677
f 4006/4006 4008/4008 4004/4004
f 1975/1975 4004/4004 1976/1976
f 854/854 1649/1649 3734/3734
f 854/854 3734/3734 855/855
f 4054/4054 1239/1239 4055/4055
f 4054/4054 3661/3661 1239/1239
f 4124/4124 469/469 471/471
f 469/469 4124/4124 4125/4125
f 2509/2509 1451/1451 1450/1450
f 2509/2509 2244/2244 1451/1451
f 5029/5029 4923/4923 1395/1395
f 4921/4921 1395/1395 4923/4923
f 4055/4055 1239/1239 2531/2531
f 4057/4057 4058/4058 4055/4055
f 4705/4705 830/830 5200/5200
f 4879/4879 4705/4705 5200/5200
f 1827/1827 4024/4024 2670/2670
f 4025/4025 4024/4024 1827/1827
f 882/882 1629/1629 1628/1628
f 882/882 4623/4623 1629/1629
f 4409/4409 3084/3084 1942/1942
f 4409/4409 3844/3844 3084/3084
f 1449/1449 1732/1732 771/771
f 771/771 1732/1732 4329/4329
f 1654/1654 4862/4862 1655/1655
f 4862/4862 1654/1654 4209/4209
f 4297/4297 4296/4296 5042/5042
f 3237/3237 576/576 578/578
f 3730/3730 2787/2787 3973/3973
f 3730/3730 3973/3973 3972/3972
f 854/854 326/326 1649/1649
f 854/854 327/327 326/326
f 5331/5331 929/929 931/931
f 931/931 2046/2046 5331/5331
f 3821/3821 3825/3825 3824/3824
f 3824/3824 1950/1950 3821/3821
f 4741/4741 3649/3649 4573/4573
f 3646/3646 4741/4741 4573/4573
f 5042/5042 578/578 3010/3010
f 5042/5042 3237/3237 578/578
f 5170/5170 146/146 148/148
f 5170/5170 3793/3793 146/146
f 3385/3385 868/868 5272/5272
f 897/897 892/892 3385/3385
f 4788/4788 1465/1465 1659/1659
f 2415/2415 1465/1465 4788/4788
f 3123/3123 5370/5370 3124/3124
f 5045/5045 124/124 3348/3348
f 567/567 1748/1748 1750/1750
f 3792/3792 1748/1748 567/567
f 4277/4277 4276/4276 956/956
f 956/956 4276/4276 957/957
f 2534/2534 4978/4978 4977/4977
f 408/408 5468/5468 3679/3679
f 2878/2878 2886/2886 5414/5414
f 5414/5414 2886/2886 1023/1023
f 141/141 1361/1361 224/224
f 4120/4120 4119/4119 4121/4121
f 4152/4152 3128/3128 739/739
f 741/741 4152/4152 739/739
f 5315/5315 5469/5469 3326/3326
f 1014/1014 1013/1013 5469/5469
f 3701/3701 3670/3670 4045/4045
f 3701/3701 480/480 3670/3670
f 4917/4917 567/567 566/566
f 566/566 564/564 4917/4917
f 344/344 3904/3904 4357/4357
f 4412/4412 3904/3904 344/344
f 4467/4467 758/758 760/760
f 2604/2604 758/758 4467/4467
f 3790/3790 3789/3789 630/630
f 2457/2457 5470/5470 388/388
f 5471/5471 5472/5472 1291/1291
f 3763/3763 2407/2407 2406/2406
f 4286/4286 4149/4149 1606/1606
f 4150/4150 4149/4149 4286/4286
f 3791/3791 388/388 5470/5470
f 218/218 388/388 3791/3791
f 3243/3243 34/34 4406/4406
f 3888/3888 2710/2710 4158/4158
f 4158/4158 4267/4267 4269/4269
f 1004/1004 3913/3913 1005/1005
f 1093/1093 3913/3913 5111/5111
f 1733/1733 1735/1735 2646/2646
f 2646/2646 1735/1735 4028/4028
f 4837/4837 3124/3124 1263/1263
f 1265/1265 4837/4837 1263/1263
f 1045/1045 2369/2369 2800/2800
f 2369/2369 5465/5465 2800/2800
f 3719/3719 4328/4328 5192/5192
f 771/771 4328/4328 3719/3719
f 2828/2828 2830/2830 5196/5196
f 2830/2830 5197/5197 5196/5196
f 2376/2376 2378/2378 3168/3168
f 3168/3168 2378/2378 241/241
f 4034/4034 2608/2608 4618/4618
f 4618/4618 2608/2608 2607/2607
f 5333/5333 1766/1766 5188/5188
f 3186/3186 3951/3951 1705/1705
f 4924/4924 1791/1791 1793/1793
f 1793/1793 4870/4870 4924/4924
f 1506/1506 4792/4792 4482/4482
f 4792/4792 2632/2632 4482/4482
f 3704/3704 3705/3705 4275/4275
f 3705/3705 3235/3235 4275/4275
f 4642/4642 4331/4331 4330/4330
f 4331/4331 4329/4329 1732/1732
f 5190/5190 5473/5473 437/437
f 437/437 5473/5473 5474/5474
f 4081/4081 2950/2950 456/456
f 5034/5034 456/456 2074/2074
f 5475/5475 3243/3243 4406/4406
f 5475/5475 3928/3928 3243/3243
f 709/709 2713/2713 4132/4132
f 2713/2713 4158/4158 4132/4132
f 1735/1735 4029/4029 4028/4028
f 4028/4028 4029/4029 216/216
f 3623/3623 3103/3103 5476/5476
f 3623/3623 562/562 561/561
f 2842/2842 1072/1072 1153/1153
f 1603/1603 1072/1072 2842/2842
f 2107/2107 3997/3997 331/331
f 331/331 2105/2105 2107/2107
f 3130/3130 294/294 1743/1743
f 2585/2585 3130/3130 1743/1743
f 5353/5353 701/701 4278/4278
f 701/701 2862/2862 4278/4278
f 1318/1318 1479/1479 1481/1481
f 1481/1481 5088/5088 1318/1318
f 3609/3609 1927/1927 3610/3610
f 3609/3609 3612/3612 1927/1927
f 1453/1453 652/652 1222/1222
f 652/652 3029/3029 1222/1222
f 5092/5092 4062/4062 3255/3255
f 3255/3255 5085/5085 5092/5092
f 4377/4377 5167/5167 4507/4507
f 5167/5167 4377/4377 4379/4379
f 1933/1933 3767/3767 4327/4327
f 1933/1933 3764/3764 3767/3767
f 4025/4025 4022/4022 4023/4023
f 4025/4025 1827/1827 1829/1829
f 4344/4344 1865/1865 5086/5086
f 4344/4344 4190/4190 1865/1865
f 1975/1975 3547/3547 4005/4005
f 3550/3550 4005/4005 3547/3547
f 3293/3293 1136/1136 3125/3125
f 1136/1136 3129/3129 3128/3128
f 2528/2528 3816/3816 5096/5096
f 2528/2528 3815/3815 3816/3816
f 3126/3126 4989/4989 1134/1134
f 1134/1134 3125/3125 3126/3126
f 3286/3286 2555/2555 3287/3287
f 3287/3287 2555/2555 2321/2321
f 4642/4642 4329/4329 4331/4331
f 4642/4642 1127/1127 4329/4329
f 1291/1291 1293/1293 2407/2407
f 1291/1291 2407/2407 5471/5471
f 1539/1539 2760/2760 1018/1018
f 4508/4508 2760/2760 2759/2759
f 2792/2792 2793/2793 5387/5387
f 5387/5387 491/491 493/493
f 3723/3723 358/358 3722/3722
f 358/358 3723/3723 3190/3190
f 2075/2075 2074/2074 2950/2950
f 456/456 2950/2950 2074/2074
f 3005/3005 1368/1368 1367/1367
f 1368/1368 3005/3005 2070/2070
f 3381/3381 3359/3359 5477/5477
f 3381/3381 5477/5477 3379/3379
f 272/272 152/152 154/154
f 3365/3365 152/152 272/272
f 104/104 1074/1074 2666/2666
f 104/104 2666/2666 105/105
f 2253/2253 2269/2269 4433/4433
f 2269/2269 2253/2253 2267/2267
f 547/547 1958/1958 2612/2612
f 1958/1958 1957/1957 2612/2612
f 2149/2149 2082/2082 1581/1581
f 634/634 4114/4114 4082/4082
f 525/525 2402/2402 526/526
f 2402/2402 525/525 4597/4597
f 1666/1666 707/707 760/760
f 708/708 707/707 1666/1666
f 562/562 559/559 558/558
f 3623/3623 5476/5476 562/562
f 760/760 707/707 490/490
f 490/490 489/489 760/760
f 2942/2942 2944/2944 2938/2938
f 2941/2941 2944/2944 2942/2942
f 3531/3531 3536/3536 3532/3532
f 3536/3536 99/99 3532/3532
f 2301/2301 2300/2300 2364/2364
f 4534/4534 3280/3280 4300/4300
f 1674/1674 1533/1533 203/203
f 1674/1674 203/203 205/205
f 2939/2939 4250/4250 4252/4252
f 2939/2939 4252/4252 4251/4251
f 3944/3944 3945/3945 3244/3244
f 3944/3944 3244/3244 3442/3442
f 5387/5387 2797/2797 4662/4662
f 493/493 2797/2797 5387/5387
f 1931/1931 1933/1933 4096/4096
f 3486/3486 1931/1931 4096/4096
f 4218/4218 3650/3650 4817/4817
f 4218/4218 4817/4817 2291/2291
f 1167/1167 3854/3854 964/964
f 1167/1167 1128/1128 3854/3854
f 443/443 253/253 444/444
f 862/862 444/444 253/253
f 1538/1538 4218/4218 1904/1904
f 4078/4078 4077/4077 1904/1904
f 2610/2610 2609/2609 5271/5271
f 4266/4266 5271/5271 2611/2611
f 4814/4814 1169/1169 1168/1168
f 3807/3807 5099/5099 4814/4814
f 862/862 864/864 863/863
f 862/862 253/253 864/864
f 3542/3542 3541/3541 1997/1997
f 3969/3969 3541/3541 3542/3542
f 4253/4253 2736/2736 2735/2735
f 2735/2735 4823/4823 4253/4253
f 12/12 5305/5305 4799/4799
f 4231/4231 4945/4945 4944/4944
f 296/296 2493/2493 297/297
f 297/297 2491/2491 294/294
f 2930/2930 384/384 2933/2933
f 384/384 383/383 4221/4221
f 2491/2491 297/297 2493/2493
f 2489/2489 2491/2491 2493/2493
f 2556/2556 2814/2814 3629/3629
f 3629/3629 2814/2814 535/535
f 2685/2685 2684/2684 4831/4831
f 5206/5206 4831/4831 2684/2684
f 3114/3114 1068/1068 1631/1631
f 5050/5050 4623/4623 3114/3114
f 4534/4534 4300/4300 2298/2298
f 4301/4301 2296/2296 2298/2298
f 391/391 2530/2530 3813/3813
f 157/157 391/391 1566/1566
f 4083/4083 2031/2031 635/635
f 4273/4273 4274/4274 2031/2031
f 840/840 879/879 841/841
f 4583/4583 840/840 4739/4739
f 5407/5407 4242/4242 3574/3574
f 1163/1163 4242/4242 3198/3198
f 3237/3237 4296/4296 1815/1815
f 4296/4296 3237/3237 5042/5042
f 323/323 4204/4204 4193/4193
f 1354/1354 323/323 322/322
f 2454/2454 1330/1330 788/788
f 4701/4701 788/788 790/790
f 955/955 703/703 4787/4787
f 703/703 4035/4035 4787/4787
f 5271/5271 4266/4266 4265/4265
f 4047/4047 4265/4265 4266/4266
f 4582/4582 2909/2909 2904/2904
f 4582/4582 2907/2907 2909/2909
f 780/780 967/967 905/905
f 967/967 780/780 782/782
f 4728/4728 4729/4729 4710/4710
f 3675/3675 4710/4710 4729/4729
f 1163/1163 2245/2245 3574/3574
f 1163/1163 3574/3574 4242/4242
f 3343/3343 4753/4753 3160/3160
f 3160/3160 4894/4894 3343/3343
f 1314/1314 4628/4628 1312/1312
f 4628/4628 1465/1465 1312/1312
f 4074/4074 1321/1321 1320/1320
f 4024/4024 5478/5478 2670/2670
f 1537/1537 1538/1538 4077/4077
f 1538/1538 1904/1904 4077/4077
f 1914/1914 4870/4870 4869/4869
f 4924/4924 4870/4870 1914/1914
f 4655/4655 5479/5479 2594/2594
f 2594/2594 5479/5479 2203/2203
f 3642/3642 4629/4629 4628/4628
f 4167/4167 4628/4628 4629/4629
f 5125/5125 1415/1415 3758/3758
f 239/239 1415/1415 5125/5125
f 3570/3570 2867/2867 718/718
f 5093/5093 2745/2745 4104/4104
f 1053/1053 766/766 765/765
f 3508/3508 4098/4098 3275/3275
f 3397/3397 930/930 1773/1773
f 1773/1773 3400/3400 3397/3397
f 5016/5016 5207/5207 4876/4876
f 5016/5016 4876/4876 3155/3155
f 3758/3758 1415/1415 3760/3760
f 4985/4985 1360/1360 1362/1362
f 4590/4590 4589/4589 5480/5480
f 5480/5480 4589/4589 5380/5380
f 5481/5481 1670/1670 1672/1672
f 1672/1672 5482/5482 5481/5481
f 4605/4605 5085/5085 2043/2043
f 5085/5085 4605/4605 5092/5092
f 965/965 4294/4294 334/334
f 3424/3424 4294/4294 2963/2963
f 3219/3219 2762/2762 2725/2725
f 3218/3218 2762/2762 3219/3219
f 1633/1633 5050/5050 1631/1631
f 5050/5050 3114/3114 1631/1631
f 64/64 2080/2080 413/413
f 495/495 62/62 64/64
f 2803/2803 3971/3971 4576/4576
f 2804/2804 2803/2803 4576/4576
f 4492/4492 5483/5483 4493/4493
f 5009/5009 833/833 832/832
f 3793/3793 1897/1897 749/749
f 749/749 146/146 3793/3793
f 4550/4550 1983/1983 3274/3274
f 3274/3274 3276/3276 4550/4550
f 1948/1948 120/120 119/119
f 120/120 1948/1948 4831/4831
f 4294/4294 3424/3424 334/334
f 3424/3424 335/335 334/334
f 1725/1725 938/938 1723/1723
f 1723/1723 938/938 1638/1638
f 2080/2080 72/72 2081/2081
f 64/64 72/72 2080/2080
f 789/789 816/816 815/815
f 816/816 789/789 1330/1330
f 1416/1416 778/778 777/777
f 239/239 778/778 2468/2468
f 3315/3315 1695/1695 5307/5307
f 1695/1695 3315/3315 3318/3318
f 1731/1731 1730/1730 515/515
f 4225/4225 515/515 1730/1730
f 2853/2853 4342/4342 3376/3376
f 3376/3376 4342/4342 3377/3377
f 3157/3157 751/751 4878/4878
f 3157/3157 3156/3156 751/751
f 4023/4023 4457/4457 192/192
f 4023/4023 4022/4022 4457/4457
f 5374/5374 2014/2014 4350/4350
f 5374/5374 4350/4350 579/579
f 1879/1879 4733/4733 3556/3556
f 4733/4733 4825/4825 3556/3556
f 5248/5248 2517/2517 2516/2516
f 5248/5248 2516/2516 2630/2630
f 3561/3561 1619/1619 1621/1621
f 4319/4319 1619/1619 3561/3561
f 1277/1277 5341/5341 1595/1595
f 5484/5484 3970/3970 2488/2488
f 3708/3708 5485/5485 5460/5460
f 5485/5485 3708/3708 2561/2561
f 4048/4048 1959/1959 1738/1738
f 4047/4047 1959/1959 4048/4048
f 2123/2123 2125/2125 2880/2880
f 2887/2887 2880/2880 4526/4526
f 3776/3776 817/817 819/819
f 3776/3776 819/819 2047/2047
f 4330/4330 3729/3729 4643/4643
f 2607/2607 4643/4643 3729/3729
f 2616/2616 4458/4458 2676/2676
f 2675/2675 2616/2616 2615/2615
f 3974/3974 3322/3322 4981/4981
f 3711/3711 4981/4981 1411/1411
f 355/355 357/357 528/528
f 3159/3159 4884/4884 3160/3160
f 2472/2472 1423/1423 690/690
f 1423/1423 691/691 690/690
f 405/405 4343/4343 5453/5453
f 4343/4343 405/405 3377/3377
f 2483/2483 3622/3622 3621/3621
f 2483/2483 5486/5486 3622/3622
f 604/604 1935/1935 3396/3396
f 604/604 3396/3396 605/605
f 571/571 457/457 3494/3494
f 1637/1637 571/571 3494/3494
f 4919/4919 4032/4032 4030/4030
f 4031/4031 4030/4030 4032/4032
f 185/185 3046/3046 4834/4834
f 639/639 3115/3115 4834/4834
f 3283/3283 511/511 3587/3587
f 512/512 511/511 3283/3283
f 1936/1936 4392/4392 3615/3615
f 4392/4392 3614/3614 3615/3615
f 5087/5087 4202/4202 4203/4203
f 4203/4203 4177/4177 5087/5087
f 4981/4981 3322/3322 1411/1411
f 3322/3322 3324/3324 1411/1411
f 3977/3977 3948/3948 596/596
f 3917/3917 3977/3977 596/596
f 1021/1021 3636/3636 1542/1542
f 1021/1021 1020/1020 3636/3636
f 2482/2482 2965/2965 1113/1113
f 2965/2965 4781/4781 1113/1113
f 2688/2688 5378/5378 3334/3334
f 2688/2688 3334/3334 3333/3333
f 4950/4950 4949/4949 3331/3331
f 3331/3331 4949/4949 3329/3329
f 901/901 1828/1828 2668/2668
f 901/901 2668/2668 902/902
f 1979/1979 5487/5487 1980/1980
f 5487/5487 1979/1979 4499/4499
f 3333/3333 3334/3334 410/410
f 410/410 3610/3610 3333/3333
f 5241/5241 1955/1955 4442/4442
f 5241/5241 4442/4442 3018/3018
f 4216/4216 2669/2669 2668/2668
f 4453/4453 2601/2601 3658/3658
f 633/633 632/632 4496/4496
f 4496/4496 410/410 633/633
f 5459/5459 1773/1773 930/930
f 5459/5459 930/930 929/929
f 1880/1880 3556/3556 4826/4826
f 2371/2371 1880/1880 5488/5488
f 2471/2471 1715/1715 2467/2467
f 2467/2467 1421/1421 2471/2471
f 5377/5377 3027/3027 648/648
f 5377/5377 648/648 2257/2257
f 1429/1429 1428/1428 2603/2603
f 1428/1428 2717/2717 2603/2603
f 4185/4185 4317/4317 4318/4318
f 1683/1683 4317/4317 4185/4185
f 542/542 3093/3093 4484/4484
f 3093/3093 4317/4317 4484/4484
f 835/835 4398/4398 2620/2620
f 717/717 4393/4393 5031/5031
f 4761/4761 2315/2315 2429/2429
f 2315/2315 2430/2430 2429/2429
f 2402/2402 2401/2401 526/526
f 839/839 526/526 2401/2401
f 521/521 200/200 202/202
f 521/521 2157/2157 200/200
f 4771/4771 4041/4041 173/173
f 3261/3261 4771/4771 1051/1051
f 4239/4239 2058/2058 2347/2347
f 1781/1781 1780/1780 2347/2347
f 504/504 4355/4355 4360/4360
f 4355/4355 504/504 503/503
f 2048/2048 5459/5459 929/929
f 2049/2049 2048/2048 929/929
f 3519/3519 1205/1205 1010/1010
f 1206/1206 1205/1205 3519/3519
f 4473/4473 2843/2843 1153/1153
f 2657/2657 2843/2843 4473/4473
f 5489/5489 5490/5490 5491/5491
f 281/281 2424/2424 406/406
f 3876/3876 700/700 1141/1141
f 1141/1141 700/700 1142/1142
f 3307/3307 2636/2636 507/507
f 507/507 2636/2636 508/508
f 3368/3368 3369/3369 4893/4893
f 4893/4893 3369/3369 3370/3370
f 3042/3042 1199/1199 1198/1198
f 3042/3042 5348/5348 1199/1199
f 2169/2169 3907/3907 2167/2167
f 3907/3907 3905/3905 813/813
f 199/199 4258/4258 197/197
f 4258/4258 199/199 4396/4396
f 4914/4914 1660/1660 820/820
f 1660/1660 4914/4914 2425/2425
f 2966/2966 2729/2729 1074/1074
f 2966/2966 1074/1074 1154/1154
f 5492/5492 1366/1366 5382/5382
f 1367/1367 1366/1366 5492/5492
f 1542/1542 3635/3635 1532/1532
f 3636/3636 3635/3635 1542/1542
f 288/288 287/287 4994/4994
f 5493/5493 281/281 5491/5491
f 3107/3107 256/256 4954/4954
f 256/256 3169/3169 4954/4954
f 3987/3987 3070/3070 987/987
f 3988/3988 3068/3068 3070/3070
f 813/813 3857/3857 2167/2167
f 2167/2167 3907/3907 813/813
f 2194/2194 5494/5494 1358/1358
f 5494/5494 1147/1147 1358/1358
f 3416/3416 5288/5288 3414/3414
f 5288/5288 1268/1268 3414/3414
f 3335/3335 2805/2805 3474/3474
f 2805/2805 5218/5218 3474/3474
f 1423/1423 3995/3995 3403/3403
f 3403/3403 3995/3995 3986/3986
f 3937/3937 5270/5270 4591/4591
f 4591/4591 3936/3936 3937/3937
f 4113/4113 85/85 4111/4111
f 85/85 4113/4113 86/86
f 1710/1710 1709/1709 1652/1652
f 1709/1709 1710/1710 1707/1707
f 150/150 2104/2104 4208/4208
f 4208/4208 3366/3366 150/150
f 4830/4830 928/928 927/927
f 5392/5392 4830/4830 927/927
f 2336/2336 1937/1937 2661/2661
f 2661/2661 1937/1937 2662/2662
f 2561/2561 1276/1276 1278/1278
f 1276/1276 2561/2561 5340/5340
f 771/771 3720/3720 3721/3721
f 1080/1080 1079/1079 3721/3721
f 405/405 282/282 406/406
f 281/281 406/406 282/282
f 3573/3573 5495/5495 2507/2507
f 3573/3573 3251/3251 5495/5495
f 1578/1578 4594/4594 1579/1579
f 1579/1579 3593/3593 3594/3594
f 2255/2255 648/648 647/647
f 2259/2259 2258/2258 4186/4186
f 3764/3764 5008/5008 3695/3695
f 3695/3695 5008/5008 4967/4967
f 5118/5118 1094/1094 5112/5112
f 4701/4701 1092/1092 1094/1094
f 2835/2835 1980/1980 4153/4153
f 5496/5496 1980/1980 5487/5487
f 464/464 4731/4731 465/465
f 4731/4731 1083/1083 465/465
f 347/347 650/650 722/722
f 5497/5497 3300/3300 722/722
f 5495/5495 3251/3251 752/752
f 752/752 2507/2507 5495/5495
f 4280/4280 3763/3763 2409/2409
f 4280/4280 2409/2409 3216/3216
f 3187/3187 3188/3188 974/974
f 974/974 3188/3188 1594/1594
f 4701/4701 2454/2454 788/788
f 5118/5118 2452/2452 2454/2454
f 2550/2550 2573/2573 1682/1682
f 143/143 145/145 1682/1682
f 4547/4547 2830/2830 2829/2829
f 2831/2831 4547/4547 2829/2829
f 3446/3446 5498/5498 1051/1051
f 173/173 1051/1051 4771/4771
f 4667/4667 4481/4481 5376/5376
f 4667/4667 4668/4668 4481/4481
f 3351/3351 1034/1034 5035/5035
f 5035/5035 4472/4472 5299/5299
f 112/112 114/114 4843/4843
f 114/114 4129/4129 4128/4128
f 361/361 3563/3563 3022/3022
f 773/773 361/361 3022/3022
f 1327/1327 1323/1323 2515/2515
f 1323/1323 1327/1327 3043/3043
f 4518/4518 1315/1315 2415/2415
f 2415/2415 1315/1315 1465/1465
f 1850/1850 1579/1579 3594/3594
f 1850/1850 3594/3594 3199/3199
f 1742/1742 3583/3583 3585/3585
f 3586/3586 3583/3583 1742/1742
f 5364/5364 5363/5363 5365/5365
f 3257/3257 5363/5363 4658/4658
f 2189/2189 5350/5350 5369/5369
f 2189/2189 3043/3043 5350/5350
f 337/337 3921/3921 2141/2141
f 3921/3921 337/337 339/339
f 4649/4649 4648/4648 5229/5229
f 5231/5231 5229/5229 4648/4648
f 226/226 2154/2154 3881/3881
f 2152/2152 2154/2154 226/226
f 514/514 3428/3428 3427/3427
f 515/515 514/514 3427/3427
f 3798/3798 3797/3797 3811/3811
f 3797/3797 2069/2069 3811/3811
f 3027/3027 5377/5377 5376/5376
f 5376/5376 4481/4481 1443/1443
f 2847/2847 2848/2848 1843/1843
f 2847/2847 1843/1843 4127/4127
f 3720/3720 1080/1080 3721/3721
f 1080/1080 3720/3720 3719/3719
f 4658/4658 5363/5363 5364/5364
f 3272/3272 5094/5094 4776/4776
f 4774/4774 1952/1952 4776/4776
f 1958/1958 547/547 3633/3633
f 3634/3634 3633/3633 547/547
f 2671/2671 2363/2363 2365/2365
f 4532/4532 2363/2363 2671/2671
f 814/814 811/811 3905/3905
f 5117/5117 3906/3906 328/328
f 696/696 3055/3055 697/697
f 3055/3055 3056/3056 697/697
f 549/549 830/830 3634/3634
f 549/549 3634/3634 547/547
f 3201/3201 3826/3826 3834/3834
f 3827/3827 3834/3834 3826/3826
f 318/318 5113/5113 2459/2459
f 318/318 45/45 47/47
f 2009/2009 2008/2008 2487/2487
f 299/299 2487/2487 2008/2008
f 1651/1651 106/106 1710/1710
f 1651/1651 3926/3926 106/106
f 2896/2896 2933/2933 4221/4221
f 2933/2933 384/384 4221/4221
f 1719/1719 1366/1366 3799/3799
f 3799/3799 3797/3797 1719/1719
f 1816/1816 1818/1818 4034/4034
f 1558/1558 4034/4034 1818/1818
f 4580/4580 1981/1981 3375/3375
f 4580/4580 5176/5176 1981/1981
f 1337/1337 821/821 3728/3728
f 4767/4767 3728/3728 821/821
f 4810/4810 4809/4809 1220/1220
f 4809/4809 2427/2427 1220/1220
f 4928/4928 4668/4668 4666/4666
f 4668/4668 4667/4667 4666/4666
f 4359/4359 4362/4362 3064/3064
f 4362/4362 3062/3062 3064/3064
f 3577/3577 3626/3626 3578/3578
f 3626/3626 3577/3577 2413/2413
f 77/77 2151/2151 78/78
f 78/78 2151/2151 1700/1700
f 1328/1328 1331/1331 5287/5287
f 816/816 1331/1331 1328/1328
f 134/134 1302/1302 135/135
f 4844/4844 1302/1302 134/134
f 3682/3682 748/748 2907/2907
f 2907/2907 4581/4581 3682/3682
f 2199/2199 2832/2832 3432/3432
f 2828/2828 2832/2832 2199/2199
f 3602/3602 2115/2115 3603/3603
f 793/793 2115/2115 3602/3602
f 4012/4012 5499/5499 5500/5500
f 3306/3306 4012/4012 5500/5500
f 453/453 2644/2644 936/936
f 453/453 1587/1587 2644/2644
f 3961/3961 3967/3967 1225/1225
f 3962/3962 3961/3961 1225/1225
f 2342/2342 5345/5345 2343/2343
f 5345/5345 2342/2342 1899/1899
f 1750/1750 3365/3365 274/274
f 568/568 274/274 2596/2596
f 453/453 454/454 1587/1587
f 1587/1587 1589/1589 1588/1588
f 3640/3640 511/511 277/277
f 277/277 276/276 3639/3639
f 2341/2341 5128/5128 3690/3690
f 2341/2341 2343/2343 5128/5128
f 4165/4165 2220/2220 310/310
f 4165/4165 4164/4164 2220/2220
f 2469/2469 67/67 3619/3619
f 776/776 778/778 2469/2469
f 675/675 674/674 5194/5194
f 5501/5501 4345/4345 590/590
f 5502/5502 5503/5503 1718/1718
f 3708/3708 3707/3707 5133/5133
f 3048/3048 4533/4533 1336/1336
f 3048/3048 190/190 4533/4533
f 1070/1070 2967/2967 1071/1071
f 3865/3865 1071/1071 2967/2967
f 202/202 1435/1435 1494/1494
f 1435/1435 202/202 4449/4449
f 3049/3049 3048/3048 1336/1336
f 3842/3842 3049/3049 1336/1336
f 1714/1714 2999/2999 4692/4692
f 1714/1714 4692/4692 871/871
f 1505/1505 4867/4867 2894/2894
f 1505/1505 2894/2894 1685/1685
f 188/188 3049/3049 3840/3840
f 3842/3842 3840/3840 3049/3049
f 5152/5152 2175/2175 1325/1325
f 5152/5152 1325/1325 2515/2515
f 4776/4776 1952/1952 3272/3272
f 1952/1952 1954/1954 3272/3272
f 3959/3959 4159/4159 3957/3957
f 3957/3957 826/826 3959/3959
f 1966/1966 1965/1965 861/861
f 862/862 861/861 1965/1965
f 333/333 2105/2105 331/331
f 3688/3688 2394/2394 2105/2105
f 4737/4737 2003/2003 5504/5504
f 2002/2002 4527/4527 2003/2003
f 3403/3403 3402/3402 2071/2071
f 3402/3402 2070/2070 2071/2071
f 3040/3040 3044/3044 3041/3041
f 3041/3041 3044/3044 3043/3043
f 3354/3354 3184/3184 4738/4738
f 3184/3184 3354/3354 3185/3185
f 1622/1622 233/233 5189/5189
f 1622/1622 1624/1624 233/233
f 1929/1929 594/594 3222/3222
f 594/594 3223/3223 3222/3222
f 2892/2892 2894/2894 4848/4848
f 4867/4867 4848/4848 2894/2894
f 4632/4632 1151/1151 1150/1150
f 5003/5003 4632/4632 1150/1150
f 546/546 545/545 1478/1478
f 545/545 4998/4998 1478/1478
f 4607/4607 4556/4556 3133/3133
f 4607/4607 3133/3133 3135/3135
f 5482/5482 4709/4709 5505/5505
f 1672/1672 4709/4709 5482/5482
f 1316/1316 1318/1318 5265/5265
f 4452/4452 1316/1316 5265/5265
f 3746/3746 776/776 3619/3619
f 776/776 2469/2469 3619/3619
f 3390/3390 3389/3389 628/628
f 5068/5068 2885/2885 628/628
f 1451/1451 2246/2246 3472/3472
f 1122/1122 3472/3472 2246/2246
f 488/488 2916/2916 4894/4894
f 3343/3343 4894/4894 2916/2916
f 3830/3830 4503/4503 3899/3899
f 3831/3831 3830/3830 3899/3899
f 3514/3514 910/910 909/909
f 909/909 2129/2129 2131/2131
f 5432/5432 1859/1859 5058/5058
f 5506/5506 1858/1858 100/100
f 5498/5498 3446/3446 4993/4993
f 4970/4970 4993/4993 3445/3445
f 2938/2938 4659/4659 1618/1618
f 2938/2938 1618/1618 2942/2942
f 2417/2417 664/664 2418/2418
f 1461/1461 664/664 2417/2417
f 1179/1179 838/838 837/837
f 837/837 1180/1180 1179/1179
f 5379/5379 3955/3955 3954/3954
f 4380/4380 2449/2449 3955/3955
f 881/881 2079/2079 882/882
f 5458/5458 3533/3533 5390/5390
f 181/181 4873/4873 1845/1845
f 4873/4873 5161/5161 1845/1845
f 5037/5037 3411/3411 5507/5507
f 3411/3411 4975/4975 5507/5507
f 2182/2182 2181/2181 4378/4378
f 1028/1028 4378/4378 2181/2181
f 2908/2908 2538/2538 3795/3795
f 2908/2908 748/748 2538/2538
f 247/247 4510/4510 3269/3269
f 4510/4510 4425/4425 3269/3269
f 4539/4539 2622/2622 1613/1613
f 3465/3465 4539/4539 1613/1613
f 1089/1089 1091/1091 3003/3003
f 1599/1599 3003/3003 1091/1091
f 3476/3476 1602/1602 802/802
f 802/802 801/801 3476/3476
f 3914/3914 536/536 3915/3915
f 3576/3576 2094/2094 3510/3510
f 3914/3914 534/534 536/536
f 534/534 3914/3914 3629/3629
f 1991/1991 5330/5330 5508/5508
f 5508/5508 4137/4137 1991/1991
f 3863/3863 338/338 2231/2231
f 4686/4686 3863/3863 2231/2231
f 2388/2388 1069/1069 1799/1799
f 1069/1069 5163/5163 1799/1799
f 2935/2935 797/797 799/799
f 799/799 2308/2308 2935/2935
f 5444/5444 5509/5509 5404/5404
f 36/36 5443/5443 5510/5510
f 5071/5071 3590/3590 5511/5511
f 5511/5511 1148/1148 1147/1147
f 5173/5173 5177/5177 980/980
f 4445/4445 5177/5177 5173/5173
f 3491/3491 3488/3488 3487/3487
f 5356/5356 1076/1076 5070/5070
f 164/164 3610/3610 165/165
f 3611/3611 3610/3610 164/164
f 3329/3329 3778/3778 3777/3777
f 3399/3399 3329/3329 3777/3777
f 4071/4071 3051/3051 4042/4042
f 3051/3051 3053/3053 4042/4042
f 4810/4810 1349/1349 4811/4811
f 2854/2854 4811/4811 1349/1349
f 5034/5034 2073/2073 3406/3406
f 3406/3406 2073/2073 2278/2278
f 2456/2456 388/388 390/390
f 2456/2456 390/390 4743/4743
f 3250/3250 2244/2244 2509/2509
f 2508/2508 3250/3250 2509/2509
f 398/398 3805/3805 3804/3804
f 1738/1738 3805/3805 398/398
f 5012/5012 1393/1393 5110/5110
f 5110/5110 1393/1393 1392/1392
f 5009/5009 5483/5483 833/833
f 5483/5483 3599/3599 833/833
f 5118/5118 2454/2454 4701/4701
f 1094/1094 5118/5118 4701/4701
f 48/48 3395/3395 569/569
f 3393/3393 3395/3395 48/48
f 1126/1126 2240/2240 1127/1127
f 1126/1126 2692/2692 2240/2240
f 2051/2051 1020/1020 4099/4099
f 4099/4099 1374/1374 2051/2051
f 4970/4970 3121/3121 5498/5498
f 5498/5498 4993/4993 4970/4970
f 691/691 669/669 5165/5165
f 691/691 5165/5165 689/689
f 4644/4644 4858/4858 4856/4856
f 4858/4858 4644/4644 3597/3597
f 2578/2578 1353/1353 3683/3683
f 5361/5361 2578/2578 3683/3683
f 1051/1051 5498/5498 1052/1052
f 3121/3121 1052/1052 5498/5498
f 671/671 3480/3480 672/672
f 4381/4381 5306/5306 1485/1485
f 452/452 4536/4536 269/269
f 3241/3241 4536/4536 5075/5075
f 4524/4524 4146/4146 3200/3200
f 4146/4146 1849/1849 3200/3200
f 5075/5075 4536/4536 4882/4882
f 4882/4882 3013/3013 5075/5075
f 4325/4325 451/451 3501/3501
f 279/279 451/451 4325/4325
f 1308/1308 565/565 16/16
f 16/16 15/15 1308/1308
f 4190/4190 4344/4344 404/404
f 5490/5490 5489/5489 404/404
f 452/452 4881/4881 4882/4882
f 4536/4536 452/452 4882/4882
f 3089/3089 565/565 1308/1308
f 5344/5344 565/565 3089/3089
f 2034/2034 769/769 1836/1836
f 2034/2034 4046/4046 769/769
f 520/520 5138/5138 3880/3880
f 520/520 803/803 5138/5138
f 4180/4180 4181/4181 1564/1564
f 1563/1563 2451/2451 1564/1564
f 4367/4367 2545/2545 4368/4368
f 4367/4367 4368/4368 4291/4291
f 1562/1562 2318/2318 174/174
f 1562/1562 1564/1564 2318/2318
f 4928/4928 5124/5124 4668/4668
f 1503/1503 5123/5123 4928/4928
f 5238/5238 4200/4200 1642/1642
f 1644/1644 5238/5238 1642/1642
f 1108/1108 1413/1413 5023/5023
f 1413/1413 2503/2503 5023/5023
f 1446/1446 4010/4010 1195/1195
f 1446/1446 4927/4927 4010/4010
f 4037/4037 1902/1902 1898/1898
f 1899/1899 1898/1898 1902/1902
f 3091/3091 5457/5457 474/474
f 5512/5512 5513/5513 1972/1972
f 4852/4852 585/585 762/762
f 762/762 585/585 763/763
f 3276/3276 3275/3275 4653/4653
f 3275/3275 3267/3267 4653/4653
f 4318/4318 4353/4353 4322/4322
f 4185/4185 4318/4318 4322/4322
f 3443/3443 1854/1854 1856/1856
f 1854/1854 4683/4683 3801/3801
f 3716/3716 3735/3735 3715/3715
f 3715/3715 3735/3735 3717/3717
f 2218/2218 3676/3676 2219/2219
f 2219/2219 3676/3676 4850/4850
f 3235/3235 1513/1513 3236/3236
f 3236/3236 4414/4414 466/466
f 2531/2531 1238/1238 1851/1851
f 4057/4057 1851/1851 1853/1853
f 4275/4275 2033/2033 2030/2030
f 3235/3235 2033/2033 4275/4275
f 1076/1076 5356/5356 1661/1661
f 1661/1661 305/305 1076/1076
f 3823/3823 5206/5206 2684/2684
f 3823/3823 3825/3825 5206/5206
f 4545/4545 4544/4544 4610/4610
f 4544/4544 3399/3399 3779/3779
f 5506/5506 100/100 3378/3378
f 4987/4987 1135/1135 5432/5432
f 4610/4610 3779/3779 3776/3776
f 4544/4544 3779/3779 4610/4610
f 3849/3849 2367/2367 3848/3848
f 3849/3849 3848/3848 2672/2672
f 2377/2377 4217/4217 142/142
f 3620/3620 3665/3665 142/142
f 3481/3481 671/671 369/369
f 3480/3480 671/671 3481/3481
f 2954/2954 2956/2956 2148/2148
f 2956/2956 3620/3620 2148/2148
f 1504/1504 1446/1446 1194/1194
f 5169/5169 1504/1504 1194/1194
f 4918/4918 4033/4033 4032/4032
f 4918/4918 4920/4920 4033/4033
f 3685/3685 4010/4010 4929/4929
f 2257/2257 3685/3685 4929/4929
f 320/320 30/30 1197/1197
f 1197/1197 30/30 32/32
f 869/869 1010/1010 3936/3936
f 869/869 3936/3936 4591/4591
f 1096/1096 4317/4317 1683/1683
f 1096/1096 1683/1683 1097/1097
f 2295/2295 81/81 1803/1803
f 1803/1803 2293/2293 2295/2295
f 5514/5514 590/590 3469/3469
f 5515/5515 5501/5501 590/590
f 4979/4979 4036/4036 4976/4976
f 2536/2536 1396/1396 5121/5121
f 4973/4973 4092/4092 5516/5516
f 5516/5516 4092/4092 472/472
f 5290/5290 2519/2519 1359/1359
f 2519/2519 5290/5290 3230/3230
f 5509/5509 1261/1261 1260/1260
f 5517/5517 5509/5509 5444/5444
f 3220/3220 2310/2310 1390/1390
f 3221/3221 2310/2310 3220/3220
f 3930/3930 3929/3929 592/592
f 594/594 3930/3930 592/592
f 2490/2490 4925/4925 1741/1741
f 926/926 2490/2490 927/927
f 4685/4685 3672/3672 3350/3350
f 3349/3349 3350/3350 3672/3672
f 5166/5166 5167/5167 4379/4379
f 4379/4379 2873/2873 5166/5166
f 1737/1737 3530/3530 589/589
f 3530/3530 3527/3527 3528/3528
f 3673/3673 3672/3672 3067/3067
f 3067/3067 3672/3672 4685/4685
f 755/755 5054/5054 1689/1689
f 757/757 5054/5054 755/755
f 3118/3118 220/220 3119/3119
f 220/220 3118/3118 221/221
f 2840/2840 2659/2659 105/105
f 2660/2660 2659/2659 2840/2840
f 2630/2630 2190/2190 5368/5368
f 5369/5369 5368/5368 2190/2190
f 4977/4977 5106/5106 2535/2535
f 2534/2534 4977/4977 2535/2535
f 5509/5509 5517/5517 1261/1261
f 1117/1117 1259/1259 5443/5443
f 3964/3964 3966/3966 5417/5417
f 5417/5417 527/527 3964/3964
f 5244/5244 1999/1999 4601/4601
f 1999/1999 5244/5244 1998/1998
f 910/910 3515/3515 2128/2128
f 3515/3515 2126/2126 2128/2128
f 832/832 2020/2020 5009/5009
f 1299/1299 2020/2020 832/832
f 1382/1382 2614/2614 4461/4461
f 4461/4461 2614/2614 5319/5319
f 3331/3331 3726/3726 4950/4950
f 4950/4950 3726/3726 4767/4767
f 167/167 3497/3497 3496/3496
f 167/167 3496/3496 3495/3495
f 4743/4743 4584/4584 4511/4511
f 4743/4743 390/390 4584/4584
f 2012/2012 4443/4443 2013/2013
f 2012/2012 1255/1255 4443/4443
f 615/615 5252/5252 5247/5247
f 615/615 5247/5247 1299/1299
f 5293/5293 2836/2836 2881/2881
f 5293/5293 2881/2881 5228/5228
f 590/590 589/589 3528/3528
f 3530/3530 3528/3528 589/589
f 1928/1928 3918/3918 2423/2423
f 2423/2423 3918/3918 3919/3919
f 2722/2722 738/738 4163/4163
f 2722/2722 4163/4163 1528/1528
f 2455/2455 4252/4252 4952/4952
f 2455/2455 4952/4952 4951/4951
f 4932/4932 5472/5472 5471/5471
f 4931/4931 5105/5105 2164/2164
f 4527/4527 4528/4528 581/581
f 3009/3009 578/578 577/577
f 139/139 1310/1310 4808/4808
f 4808/4808 140/140 139/139
f 1238/1238 69/69 3111/3111
f 68/68 1805/1805 69/69
f 1982/1982 2332/2332 4956/4956
f 1982/1982 4956/4956 1983/1983
f 3231/3231 4974/4974 1/1
f 1/1 4974/4974 4/4
f 3192/3192 4272/4272 4250/4250
f 3192/3192 3189/3189 4272/4272
f 5209/5209 723/723 2618/2618
f 5209/5209 2618/2618 917/917
f 3596/3596 2351/2351 1301/1301
f 4857/4857 1301/1301 4855/4855
f 196/196 4674/4674 1235/1235
f 1235/1235 4674/4674 2375/2375
f 2619/2619 4413/4413 4412/4412
f 2619/2619 4412/4412 343/343
f 5308/5308 3316/3316 3315/3315
f 4313/4313 4780/4780 508/508
f 2101/2101 5474/5474 435/435
f 2101/2101 437/437 5474/5474
f 4625/4625 4630/4630 3170/3170
f 4955/4955 4625/4625 3170/3170
f 2733/2733 1727/1727 1726/1726
f 2733/2733 2747/2747 1727/1727
f 5056/5056 5157/5157 5175/5175
f 5056/5056 1112/1112 5157/5157
f 3650/3650 969/969 4219/4219
f 4817/4817 3650/3650 4219/4219
f 2281/2281 2282/2282 4839/4839
f 2282/2282 3787/3787 4839/4839
f 3930/3930 1930/1930 2760/2760
f 594/594 1930/1930 3930/3930
f 4386/4386 768/768 796/796
f 767/767 796/796 768/768
f 1699/1699 2060/2060 1598/1598
f 1699/1699 2526/2526 2060/2060
f 24/24 391/391 3813/3813
f 27/27 24/24 3813/3813
f 392/392 394/394 2831/2831
f 2831/2831 394/394 4547/4547
f 1388/1388 801/801 800/800
f 801/801 1388/1388 4390/4390
f 4843/4843 114/114 4128/4128
f 4843/4843 4128/4128 914/914
f 491/491 2793/2793 983/983
f 5387/5387 2793/2793 491/491
f 2629/2629 5297/5297 999/999
f 812/812 5297/5297 5296/5296
f 1006/1006 5102/5102 1004/1004
f 5102/5102 4365/4365 4366/4366
f 4436/4436 4435/4435 290/290
f 4568/4568 4435/4435 4571/4571
f 2629/2629 995/995 3855/3855
f 5296/5296 5297/5297 2629/2629
f 2112/2112 360/360 5168/5168
f 5168/5168 360/360 359/359
f 2386/2386 1246/1246 5158/5158
f 1844/1844 1841/1841 2386/2386
f 5489/5489 4190/4190 404/404
f 4190/4190 5489/5489 4191/4191
f 984/984 4639/4639 4662/4662
f 984/984 983/983 4639/4639
f 3455/3455 5299/5299 2658/2658
f 3455/3455 5035/5035 5299/5299
f 4997/4997 2206/2206 4819/4819
f 4819/4819 2206/2206 4820/4820
f 5030/5030 2839/2839 338/338
f 3863/3863 5030/5030 338/338
f 5296/5296 2629/2629 3855/3855
f 3857/3857 5296/5296 3855/3855
f 155/155 389/389 218/218
f 218/218 389/389 388/388
f 2309/2309 798/798 1390/1390
f 2309/2309 1390/1390 2310/2310
f 426/426 5044/5044 5043/5043
f 3010/3010 3009/3009 426/426
f 4291/4291 2951/2951 229/229
f 2951/2951 4291/4291 4368/4368
f 452/452 1400/1400 4881/4881
f 1400/1400 1397/1397 4881/4881
f 4614/4614 3204/3204 4616/4616
f 822/822 821/821 1338/1338
f 1787/1787 3132/3132 1785/1785
f 922/922 4783/4783 924/924
f 4478/4478 2586/2586 2587/2587
f 4478/4478 2587/2587 3074/3074
f 2248/2248 5049/5049 5385/5385
f 2248/2248 1752/1752 5049/5049
f 5105/5105 4931/4931 4932/4932
f 4279/4279 5105/5105 4932/4932
f 1299/1299 5247/5247 2018/2018
f 2018/2018 2020/2020 1299/1299
f 74/74 73/73 3451/3451
f 2617/2617 2616/2616 3451/3451
f 3675/3675 2850/2850 4710/4710
f 2850/2850 3675/3675 2851/2851
f 3270/3270 4365/4365 1006/1006
f 4365/4365 5102/5102 1006/1006
f 609/609 845/845 844/844
f 844/844 1643/1643 609/609
f 3837/3837 4466/4466 3680/3680
f 5518/5518 2533/2533 2925/2925
f 1677/1677 1679/1679 5519/5519
f 3836/3836 2143/2143 2145/2145
f 4931/4931 1291/1291 5472/5472
f 4931/4931 5472/5472 4932/4932
f 4711/4711 487/487 5431/5431
f 5431/5431 4713/4713 4711/4711
f 4798/4798 4486/4486 4561/4561
f 4798/4798 4484/4484 4486/4486
f 4934/4934 350/350 4465/4465
f 3551/3551 4934/4934 4465/4465
f 347/347 723/723 5209/5209
f 347/347 5209/5209 348/348
f 1507/1507 1611/1611 3891/3891
f 1611/1611 1507/1507 1509/1509
f 473/473 3143/3143 3142/3142
f 3144/3144 3143/3143 473/473
f 2877/2877 4786/4786 3524/3524
f 2876/2876 4786/4786 2877/2877
f 1065/1065 4971/4971 2996/2996
f 4971/4971 2324/2324 2996/2996
f 4326/4326 4096/4096 4327/4327
f 5520/5520 5521/5521 4327/4327
f 4989/4989 3126/3126 4988/4988
f 2126/2126 2205/2205 4997/4997
f 2205/2205 2206/2206 4997/4997
f 4853/4853 5130/5130 4874/4874
f 1062/1062 4874/4874 5130/5130
f 5111/5111 3913/3913 1004/1004
f 2453/2453 5111/5111 1004/1004
f 2037/2037 2432/2432 3468/3468
f 3468/3468 2432/2432 2435/2435
f 2657/2657 4472/4472 1034/1034
f 1034/1034 4472/4472 5035/5035
f 312/312 311/311 3409/3409
f 4853/4853 312/312 3409/3409
f 4428/4428 4427/4427 2392/2392
f 4338/4338 4340/4340 2392/2392
f 5064/5064 1550/1550 2135/2135
f 2134/2134 1550/1550 2582/2582
f 5522/5522 3298/3298 743/743
f 744/744 743/743 3298/3298
f 2424/2424 5493/5493 404/404
f 2424/2424 281/281 5493/5493
f 505/505 3314/3314 4856/4856
f 3314/3314 4644/4644 4856/4856
f 1040/1040 4871/4871 4872/4872
f 4424/4424 4872/4872 4871/4871
f 4033/4033 3886/3886 4031/4031
f 3886/3886 4033/4033 3884/3884
f 3993/3993 986/986 2681/2681
f 3990/3990 986/986 3993/3993
f 971/971 4717/4717 5523/5523
f 5523/5523 4717/4717 4575/4575
f 4100/4100 2913/2913 4268/4268
f 2914/2914 4100/4100 4101/4101
f 931/931 4543/4543 4545/4545
f 3399/3399 4545/4545 4543/4543
f 1064/1064 2565/2565 1062/1062
f 2581/2581 2566/2566 2565/2565
f 1987/1987 4968/4968 3908/3908
f 3908/3908 1988/1988 1987/1987
f 3050/3050 5522/5522 743/743
f 3050/3050 4042/4042 5522/5522
f 3812/3812 5189/5189 2548/2548
f 5189/5189 2100/2100 2548/2548
f 877/877 879/879 4583/4583
f 879/879 840/840 4583/4583
f 2010/2010 3086/3086 3087/3087
f 1911/1911 3086/3086 2010/2010
f 2714/2714 1530/1530 1527/1527
f 2716/2716 1530/1530 2714/2714
f 4080/4080 4966/4966 1903/1903
f 4079/4079 4080/4080 1903/1903
f 2461/2461 2460/2460 4609/4609
f 2527/2527 2460/2460 2461/2461
f 4382/4382 1487/1487 4965/4965
f 4382/4382 4966/4966 4381/4381
f 2717/2717 1427/1427 1508/1508
f 1427/1427 1968/1968 1508/1508
f 1274/1274 5065/5065 2865/2865
f 1274/1274 899/899 5065/5065
f 3058/3058 501/501 2927/2927
f 5524/5524 2925/2925 2927/2927
f 2738/2738 2731/2731 1560/1560
f 2731/2731 2738/2738 2961/2961
f 4028/4028 216/216 2647/2647
f 2647/2647 216/216 215/215
f 5525/5525 777/777 5253/5253
f 777/777 1847/1847 1416/1416
f 332/332 3782/3782 5097/5097
f 3782/3782 3781/3781 5097/5097
f 2527/2527 2061/2061 2060/2060
f 2527/2527 2461/2461 2061/2061
f 3600/3600 5334/5334 2975/2975
f 5334/5334 3600/3600 3946/3946
f 238/238 65/65 239/239
f 241/241 65/65 238/238
f 3211/3211 5078/5078 5057/5057
f 2354/2354 3211/3211 5057/5057
f 3522/3522 2092/2092 2094/2094
f 3522/3522 2094/2094 3576/3576
f 2709/2709 4268/4268 2710/2710
f 4101/4101 4100/4100 4268/4268
f 581/581 5448/5448 4527/4527
f 5504/5504 5448/5448 4737/4737
f 1746/1746 1399/1399 1398/1398
f 3077/3077 1399/1399 1746/1746
f 4389/4389 2910/2910 4234/4234
f 2910/2910 367/367 4234/4234
f 4790/4790 4706/4706 4685/4685
f 4791/4791 3861/3861 4790/4790
f 470/470 3946/3946 4842/4842
f 4841/4841 470/470 4842/4842
f 1762/1762 1761/1761 1874/1874
f 2121/2121 1762/1762 1874/1874
f 1882/1882 5259/5259 17/17
f 5259/5259 18/18 17/17
f 2007/2007 2006/2006 4737/4737
f 5448/5448 2007/2007 4737/4737
f 878/878 4702/4702 841/841
f 841/841 879/879 878/878
f 198/198 1077/1077 1076/1076
f 198/198 4762/4762 1077/1077
f 3504/3504 1201/1201 4697/4697
f 3504/3504 4697/4697 3506/3506
f 3901/3901 3900/3900 1753/1753
f 3901/3901 1753/1753 3833/3833
f 271/271 160/160 3792/3792
f 1751/1751 3792/3792 160/160
f 756/756 3477/3477 757/757
f 756/756 3476/3476 3477/3477
f 3931/3931 409/409 4466/4466
f 4466/4466 3839/3839 3931/3931
f 276/276 3962/3962 1224/1224
f 1224/1224 3962/3962 1225/1225
f 1784/1784 3877/3877 3876/3876
f 1784/1784 4464/4464 3877/3877
f 2588/2588 2587/2587 3960/3960
f 3960/3960 3962/3962 2588/2588
f 3060/3060 1873/1873 1758/1758
f 3060/3060 1874/1874 1873/1873
f 407/407 482/482 5463/5463
f 482/482 407/407 5243/5243
f 1996/1996 2641/2641 2643/2643
f 1995/1995 2641/2641 1996/1996
f 2219/2219 1825/1825 1319/1319
f 1319/1319 1825/1825 1320/1320
f 2960/2960 2958/2958 2957/2957
f 2740/2740 2960/2960 5000/5000
f 574/574 3171/3171 2728/2728
f 2728/2728 3171/3171 3174/3174
f 63/63 1678/1678 71/71
f 64/64 63/63 71/71
f 903/903 5523/5523 4575/4575
f 5523/5523 5201/5201 971/971
f 4706/4706 3861/3861 4686/4686
f 4790/4790 3861/3861 4706/4706
f 794/794 3446/3446 173/173
f 1051/1051 173/173 3446/3446
f 3766/3766 5520/5520 4327/4327
f 3765/3765 5520/5520 3766/3766
f 2020/2020 3321/3321 3323/3323
f 3321/3321 3324/3324 3323/3323
f 1676/1676 1021/1021 1533/1533
f 1674/1674 1676/1676 1533/1533
f 1166/1166 1165/1165 1129/1129
f 1165/1165 4447/4447 1129/1129
f 3695/3695 4967/4967 993/993
f 993/993 4967/4967 1934/1934
f 2957/2957 3073/3073 5000/5000
f 2960/2960 2957/2957 5000/5000
f 1550/1550 1551/1551 2582/2582
f 2582/2582 3479/3479 3289/3289
f 4966/4966 4382/4382 4965/4965
f 1903/1903 4966/4966 4965/4965
f 1167/1167 1166/1166 1128/1128
f 1166/1166 1129/1129 1128/1128
f 5447/5447 1337/1337 3728/3728
f 3332/3332 1337/1337 5447/5447
f 2936/2936 4020/4020 3193/3193
f 1330/1330 4020/4020 2936/2936
f 1808/1808 4566/4566 1218/1218
f 1808/1808 1810/1810 4566/4566
f 392/392 1943/1943 3085/3085
f 3085/3085 393/393 392/392
f 3642/3642 1545/1545 2473/2473
f 1545/1545 3642/3642 5355/5355
f 2239/2239 5526/5526 4538/4538
f 4537/4537 4538/4538 5526/5526
f 5275/5275 5276/5276 3560/3560
f 5275/5275 5287/5287 5276/5276
f 5527/5527 4426/4426 4432/4432
f 4428/4428 4339/4339 4426/4426
f 4339/4339 4338/4338 342/342
f 4339/4339 342/342 4426/4426
f 2003/2003 4527/4527 5504/5504
f 5504/5504 4527/4527 5448/5448
f 3282/3282 1230/1230 1569/1569
f 1569/1569 430/430 4302/4302
f 1514/1514 4414/4414 1513/1513
f 4414/4414 3236/3236 1513/1513
f 5490/5490 5493/5493 5491/5491
f 5490/5490 404/404 5493/5493
f 4696/4696 1193/1193 3686/3686
f 4696/4696 5258/5258 1193/1193
f 4340/4340 4339/4339 4428/4428
f 2392/2392 4340/4340 4428/4428
f 3340/3340 4399/4399 3912/3912
f 5412/5412 5528/5528 2171/2171
f 2650/2650 2649/2649 2652/2652
f 5423/5423 2650/2650 684/684
f 4891/4891 3418/3418 3421/3421
f 3418/3418 3419/3419 3421/3421
f 2039/2039 677/677 487/487
f 1537/1537 2039/2039 487/487
f 428/428 2287/2287 1379/1379
f 428/428 1229/1229 2287/2287
f 1692/1692 1895/1895 1897/1897
f 3793/3793 1692/1692 1897/1897
f 2804/2804 5431/5431 486/486
f 486/486 5431/5431 487/487
f 84/84 2875/2875 3526/3526
f 82/82 84/84 3526/3526
f 4569/4569 4571/4571 1574/1574
f 1574/1574 2571/2571 4569/4569
f 5164/5164 4251/4251 2455/2455
f 2940/2940 4251/4251 5164/5164
f 4638/4638 2794/2794 985/985
f 2795/2795 2794/2794 4638/4638
f 3992/3992 3990/3990 3993/3993
f 3992/3992 3757/3757 583/583
f 4564/4564 2530/2530 5096/5096
f 2530/2530 2529/2529 5096/5096
f 270/270 3845/3845 4942/4942
f 4210/4210 3845/3845 270/270
f 4520/4520 130/130 5529/5529
f 7/7 127/127 5/5
f 3819/3819 4964/4964 622/622
f 622/622 621/621 3819/3819
f 3501/3501 5352/5352 2095/2095
f 2095/2095 5352/5352 5159/5159
f 5526/5526 4748/4748 4537/4537
f 4537/4537 4748/4748 4349/4349
f 5248/5248 2630/2630 2631/2631
f 5368/5368 2631/2631 2630/2630
f 4180/4180 2451/2451 2450/2450
f 1564/1564 2451/2451 4180/4180
f 536/536 1823/1823 3915/3915
f 3915/3915 1823/1823 1822/1822
f 4942/4942 3845/3845 3847/3847
f 4370/4370 3311/3311 4942/4942
f 5164/5164 2403/2403 4659/4659
f 5164/5164 2455/2455 2403/2403
f 3992/3992 583/583 3990/3990
f 1036/1036 3991/3991 3990/3990
f 4365/4365 3270/3270 4021/4021
f 4510/4510 4021/4021 3270/3270
f 828/828 954/954 826/826
f 954/954 828/828 642/642
f 786/786 3896/3896 5013/5013
f 3063/3063 786/786 5013/5013
f 2926/2926 5106/5106 4976/4976
f 2926/2926 2535/2535 5106/5106
f 871/871 692/692 4043/4043
f 4043/4043 1715/1715 871/871
f 5322/5322 5397/5397 4175/4175
f 5397/5397 5322/5322 1720/1720
f 5/5 3638/3638 3637/3637
f 3638/3638 5/5 127/127
f 2404/2404 4260/4260 5439/5439
f 1016/1016 2404/2404 5439/5439
f 5084/5084 5352/5352 450/450
f 3499/3499 5352/5352 5084/5084
f 462/462 461/461 2674/2674
f 2672/2672 2674/2674 461/461
f 2962/2962 1028/1028 2181/2181
f 2962/2962 965/965 1028/1028
f 91/91 4271/4271 1011/1011
f 4271/4271 91/91 3563/3563
f 2837/2837 261/261 1384/1384
f 429/429 1384/1384 261/261
f 5337/5337 5329/5329 4376/4376
f 4374/4374 4376/4376 3566/3566
f 4959/4959 668/668 670/670
f 4959/4959 3328/3328 668/668
f 4677/4677 4124/4124 4123/4123
f 2510/2510 4677/4677 4123/4123
f 2896/2896 4794/4794 2897/2897
f 4794/4794 2896/2896 5246/5246
f 4624/4624 5003/5003 2197/2197
f 4624/4624 2197/2197 2196/2196
f 4504/4504 2185/2185 108/108
f 3602/3602 3604/3604 4505/4505
f 1379/1379 1381/1381 1382/1382
f 2614/2614 1382/1382 1381/1381
f 583/583 1036/1036 3990/3990
f 583/583 1037/1037 1036/1036
f 738/738 754/754 736/736
f 754/754 1387/1387 736/736
f 5484/5484 2488/2488 5530/5530
f 2488/2488 858/858 5530/5530
f 2011/2011 4420/4420 1255/1255
f 1255/1255 4420/4420 1256/1256
f 635/635 4274/4274 636/636
f 2031/2031 4274/4274 635/635
f 4191/4191 5489/5489 5464/5464
f 5464/5464 5489/5489 5491/5491
f 5251/5251 399/399 2133/2133
f 5251/5251 615/615 399/399
f 4105/4105 3585/3585 2639/2639
f 3585/3585 4105/4105 2585/2585
f 243/243 2510/2510 2511/2511
f 243/243 2512/2512 244/244
f 913/913 3566/3566 5329/5329
f 5329/5329 3566/3566 4376/4376
f 1216/1216 1215/1215 3657/3657
f 1215/1215 3656/3656 3657/3657
f 2442/2442 5531/5531 1759/1759
f 2441/2441 5531/5531 2442/2442
f 641/641 1698/1698 3317/3317
f 3317/3317 642/642 641/641
f 1332/1332 688/688 3972/3972
f 688/688 1332/1332 686/686
f 3074/3074 2705/2705 4478/4478
f 3073/3073 2705/2705 3074/3074
f 4551/4551 398/398 3804/3804
f 2133/2133 399/399 4551/4551
f 2174/2174 5354/5354 5532/5532
f 4734/4734 2174/2174 5532/5532
f 5172/5172 2638/2638 3310/3310
f 5172/5172 3310/3310 3309/3309
f 1653/1653 4211/4211 1654/1654
f 4939/4939 4211/4211 4940/4940
f 1789/1789 1786/1786 1711/1711
f 1789/1789 1711/1711 1713/1713
f 2349/2349 1107/1107 375/375
f 1412/1412 1107/1107 2349/2349
f 1879/1879 308/308 3487/3487
f 308/308 1879/1879 309/309
f 4361/4361 377/377 352/352
f 4360/4360 4355/4355 4354/4354
f 2634/2634 1504/1504 5169/5169
f 2634/2634 5169/5169 4860/4860
f 1522/1522 3692/3692 1572/1572
f 1522/1522 2049/2049 3692/3692
f 3829/3829 2177/2177 1245/1245
f 3829/3829 3828/3828 2177/2177
f 2623/2623 4539/4539 248/248
f 248/248 3269/3269 2623/2623
f 1637/1637 5219/5219 1638/1638
f 1637/1637 3494/3494 5219/5219
f 4887/4887 5347/5347 3233/3233
f 3233/3233 5347/5347 3562/3562
f 2133/2133 3804/3804 440/440
f 4551/4551 3804/3804 2133/2133
f 2349/2349 375/375 1300/1300
f 374/374 1300/1300 375/375
f 4409/4409 3083/3083 4410/4410
f 1941/1941 4410/4410 3083/3083
f 1534/1534 4770/4770 2291/2291
f 4770/4770 1489/1489 2291/2291
f 4594/4594 481/481 2289/2289
f 481/481 2290/2290 2289/2289
f 4071/4071 2775/2775 4072/4072
f 4072/4072 3051/3051 4071/4071
f 5200/5200 2016/2016 4879/4879
f 2016/2016 4892/4892 4879/4879
f 431/431 4074/4074 5533/5533
f 5381/5381 431/431 5533/5533
f 4449/4449 201/201 3898/3898
f 201/201 4449/4449 202/202
f 1420/1420 2068/2068 2067/2067
f 1420/1420 2067/2067 3402/3402
f 1677/1677 5519/5519 5534/5534
f 1677/1677 5534/5534 4168/4168
f 2412/2412 2222/2222 176/176
f 3575/3575 2222/2222 2412/2412
f 2201/2201 2200/2200 5451/5451
f 3432/3432 5451/5451 2200/2200
f 4744/4744 411/411 4496/4496
f 4496/4496 411/411 410/410
f 569/569 1721/1721 5535/5535
f 3493/3493 3492/3492 5535/5535
f 495/495 413/413 414/414
f 495/495 64/64 413/413
f 4172/4172 3747/3747 5253/5253
f 5253/5253 777/777 4172/4172
f 1333/1333 3841/3841 1334/1334
f 1333/1333 2788/2788 3841/3841
f 4064/4064 932/932 1588/1588
f 4065/4065 932/932 4064/4064
f 3575/3575 1315/1315 4518/4518
f 4517/4517 3575/3575 4518/4518
f 3617/3617 4396/4396 304/304
f 304/304 4396/4396 305/305
f 2512/2512 2511/2511 2513/2513
f 2512/2512 243/243 2511/2511
f 3919/3919 2421/2421 2423/2423
f 2421/2421 3919/3919 4389/4389
f 1419/1419 2068/2068 1420/1420
f 1419/1419 667/667 2068/2068
f 2997/2997 1633/1633 1632/1632
f 1632/1632 4807/4807 2997/2997
f 1158/1158 1157/1157 2613/2613
f 1155/1155 1158/1158 2613/2613
f 5259/5259 1779/1779 18/18
f 5259/5259 4240/4240 1779/1779
f 4654/4654 2823/2823 3691/3691
f 2270/2270 4654/4654 3691/3691
f 4899/4899 5536/5536 3707/3707
f 5536/5536 4899/4899 943/943
f 4646/4646 3303/3303 1303/1303
f 1303/1303 3303/3303 1304/1304
f 4107/4107 1470/1470 4108/4108
f 1470/1470 1659/1659 4108/4108
f 1262/1262 5409/5409 4061/4061
f 1305/1305 1262/1262 4061/4061
f 737/737 883/883 885/885
f 4198/4198 885/885 4335/4335
f 1297/1297 3788/3788 1252/1252
f 3140/3140 3788/3788 1297/1297
f 3262/3262 3999/3999 3263/3263
f 3262/3262 3263/3263 4771/4771
f 303/303 5502/5502 1718/1718
f 303/303 302/302 5502/5502
f 4580/4580 3375/3375 3371/3371
f 3374/3374 3371/3371 3375/3375
f 3354/3354 5537/5537 424/424
f 5537/5537 422/422 424/424
f 689/689 2699/2699 2698/2698
f 2699/2699 2474/2474 2698/2698
f 4936/4936 3358/3358 3359/3359
f 267/267 4936/4936 470/470
f 2136/2136 2135/2135 2134/2134
f 2134/2134 2135/2135 1550/1550
f 3116/3116 1535/1535 4219/4219
f 3116/3116 3273/3273 1535/1535
f 267/267 266/266 3358/3358
f 3358/3358 4936/4936 267/267
f 3422/3422 1297/1297 1254/1254
f 3422/3422 1254/1254 335/335
f 448/448 3498/3498 4279/4279
f 3498/3498 5105/5105 4279/4279
f 1041/1041 1757/1757 2888/2888
f 1042/1042 1041/1041 2888/2888
f 5062/5062 3240/3240 3239/3239
f 3241/3241 5060/5060 3239/3239
f 1840/1840 1246/1246 1841/1841
f 1246/1246 2386/2386 1841/1841
f 3883/3883 569/569 5535/5535
f 5535/5535 3492/3492 3883/3883
f 850/850 5062/5062 5060/5060
f 5060/5060 5062/5062 3239/3239
f 2463/2463 5269/5269 2798/2798
f 2798/2798 5269/5269 2796/2796
f 2723/2723 2727/2727 3580/3580
f 3373/3373 2723/2723 3580/3580
f 4369/4369 4558/4558 1678/1678
f 63/63 4369/4369 1678/1678
f 3985/3985 4336/4336 1418/1418
f 4336/4336 1419/1419 1418/1418
f 2700/2700 2653/2653 2474/2474
f 2655/2655 2700/2700 2699/2699
f 737/737 4198/4198 2323/2323
f 737/737 885/885 4198/4198
f 3177/3177 3253/3253 746/746
f 874/874 3253/3253 3177/3177
f 5079/5079 2253/2253 2001/2001
f 2001/2001 2000/2000 5079/5079
f 2493/2493 2479/2479 2489/2489
f 2479/2479 2478/2478 2489/2489
f 3693/3693 2770/2770 5328/5328
f 5337/5337 5328/5328 3694/3694
f 3844/3844 4409/4409 4411/4411
f 3015/3015 3844/3844 4411/4411
f 1334/1334 1335/1335 3564/3564
f 1335/1335 1286/1286 3564/3564
f 920/920 4400/4400 921/921
f 5389/5389 1249/1249 5538/5538
f 5538/5538 1249/1249 4768/4768
f 2078/2078 99/99 5064/5064
f 5064/5064 2135/2135 2078/2078
f 5337/5337 3693/3693 5328/5328
f 4376/4376 3693/3693 5337/5337
f 1185/1185 4314/4314 4341/4341
f 4341/4341 4316/4316 1185/1185
f 3065/3065 826/826 953/953
f 3065/3065 3959/3959 826/826
f 1551/1551 4513/4513 3479/3479
f 1551/1551 3479/3479 2582/2582
f 1254/1254 1253/1253 1210/1210
f 1210/1210 1253/1253 4000/4000
f 1986/1986 4957/4957 5260/5260
f 5260/5260 4957/4957 4964/4964
f 3493/3493 1721/1721 1638/1638
f 1721/1721 3493/3493 5535/5535
f 3197/3197 1164/1164 1163/1163
f 1164/1164 3197/3197 2592/2592
f 2485/2485 5486/5486 2483/2483
f 1345/1345 2485/2485 1342/1342
f 4297/4297 5312/5312 5135/5135
f 5312/5312 4297/4297 5044/5044
f 5279/5279 5284/5284 2592/2592
f 2592/2592 3197/3197 5279/5279
f 3143/3143 5344/5344 3296/3296
f 3089/3089 3296/3296 5344/5344
f 1295/1295 5486/5486 2485/2485
f 5486/5486 1295/1295 3622/3622
f 5074/5074 2444/2444 2443/2443
f 2726/2726 5074/5074 2443/2443
f 5004/5004 5003/5003 4627/4627
f 5004/5004 4627/4627 4954/4954
f 2654/2654 2268/2268 2655/2655
f 2653/2653 2700/2700 2655/2655
f 194/194 2663/2663 2665/2665
f 97/97 2663/2663 194/194
f 1900/1900 1834/1834 1830/1830
f 1900/1900 1835/1835 1834/1834
f 2477/2477 296/296 3851/3851
f 2479/2479 5539/5539 2477/2477
f 2706/2706 1228/1228 4772/4772
f 2448/2448 2450/2450 1563/1563
f 5097/5097 3781/3781 1819/1819
f 3781/3781 1820/1820 1819/1819
f 2464/2464 5142/5142 3755/3755
f 5142/5142 2464/2464 5269/5269
f 3111/3111 2250/2250 3112/3112
f 2250/2250 3802/3802 3112/3112
f 3115/3115 185/185 4834/4834
f 3115/3115 186/186 185/185
f 2912/2912 3082/3082 4269/4269
f 4269/4269 3082/3082 4132/4132
f 3127/3127 3656/3656 1215/1215
f 3127/3127 3129/3129 3656/3656
f 2741/2741 4109/4109 2739/2739
f 277/277 4109/4109 2741/2741
f 5043/5043 5042/5042 3010/3010
f 5043/5043 3010/3010 426/426
f 332/332 532/532 3782/3782
f 3782/3782 532/532 531/531
f 121/121 123/123 5250/5250
f 5250/5250 123/123 3325/3325
f 5281/5281 2825/2825 1027/1027
f 5223/5223 2826/2826 4872/4872
f 1340/1340 1339/1339 3207/3207
f 5342/5342 1339/1339 5148/5148
f 1028/1028 1030/1030 4378/4378
f 4379/4379 4378/4378 1030/1030
f 1594/1594 3775/3775 4298/4298
f 1594/1594 3188/3188 3775/3775
f 2492/2492 5539/5539 2479/2479
f 5540/5540 2477/2477 5539/5539
f 523/523 4405/4405 4404/4404
f 4404/4404 28/28 523/523
f 3938/3938 206/206 2716/2716
f 3938/3938 2716/2716 2562/2562
f 2229/2229 2228/2228 5541/5541
f 5541/5541 4164/4164 2229/2229
f 423/423 3185/3185 424/424
f 5542/5542 2004/2004 3182/3182
f 1345/1345 1295/1295 2485/2485
f 1345/1345 1296/1296 1295/1295
f 3405/3405 3054/3054 1189/1189
f 3057/3057 3054/3054 3405/3405
f 4595/4595 4257/4257 855/855
f 3614/3614 4257/4257 4595/4595
f 3870/3870 5381/5381 3871/3871
f 3870/3870 3871/3871 1157/1157
f 4810/4810 1347/1347 1349/1349
f 1347/1347 616/616 1298/1298
f 4895/4895 2952/2952 2547/2547
f 2952/2952 4895/4895 891/891
f 5020/5020 5143/5143 5220/5220
f 5143/5143 5020/5020 5019/5019
f 5540/5540 296/296 2477/2477
f 2492/2492 5540/5540 5539/5539
f 3714/3714 1079/1079 4948/4948
f 3721/3721 1079/1079 3714/3714
f 1013/1013 3326/3326 5469/5469
f 1013/1013 1935/1935 3326/3326
f 5343/5343 5342/5342 5147/5147
f 1339/1339 5342/5342 5343/5343
f 616/616 1347/1347 4810/4810
f 4810/4810 1220/1220 616/616
f 2484/2484 1342/1342 2485/2485
f 1342/1342 2484/2484 1114/1114
f 3949/3949 4846/4846 3072/3072
f 8/8 3072/3072 4846/4846
f 1887/1887 2496/2496 4051/4051
f 1887/1887 4051/4051 514/514
f 4541/4541 2653/2653 2267/2267
f 2267/2267 3453/3453 4541/4541
f 555/555 5109/5109 2314/2314
f 2314/2314 5109/5109 5108/5108
f 1343/1343 1114/1114 1113/1113
f 1343/1343 1342/1342 1114/1114
f 4173/4173 4337/4337 2389/2389
f 4337/4337 4173/4173 1419/1419
f 4101/4101 4268/4268 2709/2709
f 2709/2709 3195/3195 4101/4101
f 2544/2544 887/887 2546/2546
f 2544/2544 2546/2546 3145/3145
f 5435/5435 3860/3860 79/79
f 79/79 2292/2292 5435/5435
f 2347/2347 1780/1780 4239/4239
f 1780/1780 4240/4240 4239/4239
f 581/581 580/580 5450/5450
f 5449/5449 5450/5450 580/580
f 1475/1475 1477/1477 1498/1498
f 1475/1475 1498/1498 546/546
f 1486/1486 729/729 728/728
f 550/550 3483/3483 551/551
f 3637/3637 1526/1526 5/5
f 1526/1526 3637/3637 1525/1525
f 2915/2915 2914/2914 4101/4101
f 2915/2915 2912/2912 2914/2914
f 3648/3648 1347/1347 2211/2211
f 3648/3648 2211/2211 2210/2210
f 236/236 2311/2311 95/95
f 95/95 94/94 236/236
f 2330/2330 2724/2724 4840/4840
f 4840/4840 4619/4619 2330/2330
f 2508/2508 1450/1450 4669/4669
f 1450/1450 1556/1556 4669/4669
f 4334/4334 4335/4335 1630/1630
f 4334/4334 4198/4198 4335/4335
f 2314/2314 2313/2313 555/555
f 555/555 2313/2313 3376/3376
f 3002/3002 4693/4693 1713/1713
f 870/870 4693/4693 3002/3002
f 3873/3873 2715/2715 4681/4681
f 4088/4088 3873/3873 4681/4681
f 846/846 848/848 3014/3014
f 3014/3014 4373/4373 846/846
f 3407/3407 3922/3922 4288/4288
f 4288/4288 5211/5211 3407/3407
f 598/598 600/600 2025/2025
f 2025/2025 2166/2166 2884/2884
f 2077/2077 5390/5390 3533/3533
f 5390/5390 2077/2077 2136/2136
f 2302/2302 4724/4724 627/627
f 2302/2302 3516/3516 4724/4724
f 5237/5237 4821/4821 3002/3002
f 3002/3002 1713/1713 5237/5237
f 1431/1431 3366/3366 1432/1432
f 1432/1432 1749/1749 1748/1748
f 5210/5210 2978/2978 3647/3647
f 2210/2210 5210/5210 3647/3647
f 2868/2868 4785/4785 5402/5402
f 242/242 4785/4785 2868/2868
f 1170/1170 1169/1169 5099/5099
f 4814/4814 5099/5099 1169/1169
f 1486/1486 5543/5543 729/729
f 5544/5544 726/726 725/725
f 906/906 4229/4229 907/907
f 4229/4229 906/906 3058/3058
f 230/230 890/890 1525/1525
f 2952/2952 890/890 230/230
f 3180/3180 2025/2025 2024/2024
f 3180/3180 2024/2024 4922/4922
f 2105/2105 333/333 3688/3688
f 3688/3688 333/333 1501/1501
f 2317/2317 109/109 111/111
f 2317/2317 3104/3104 109/109
f 3881/3881 2157/2157 158/158
f 2157/2157 521/521 158/158
f 4150/4150 4286/4286 1923/1923
f 4150/4150 1923/1923 573/573
f 5343/5343 5147/5147 3664/3664
f 5147/5147 3205/3205 3664/3664
f 4841/4841 471/471 470/470
f 471/471 4841/4841 2513/2513
f 4634/4634 4633/4633 3752/3752
f 4633/4633 3750/3750 3752/3752
f 739/739 1066/1066 740/740
f 740/740 1066/1066 3256/3256
f 3603/3603 2187/2187 2113/2113
f 2186/2186 2113/2113 2187/2187
f 2816/2816 4046/4046 2815/2815
f 2815/2815 2814/2814 2816/2816
f 2652/2652 3698/3698 684/684
f 2650/2650 2652/2652 684/684
f 3703/3703 2702/2702 2701/2701
f 3703/3703 2609/2609 588/588
f 4138/4138 4205/4205 1992/1992
f 4138/4138 3147/3147 4205/4205
f 5479/5479 5545/5545 2203/2203
f 5545/5545 4909/4909 2203/2203
f 2394/2394 3688/3688 2395/2395
f 2392/2392 2394/2394 2395/2395
f 634/634 4115/4115 4114/4114
f 4113/4113 4115/4115 634/634
f 5287/5287 2941/2941 4320/4320
f 5287/5287 4320/4320 5276/5276
f 468/468 2169/2169 1445/1445
f 468/468 328/328 2169/2169
f 4149/4149 1603/1603 1606/1606
f 4149/4149 573/573 1603/1603
f 4346/4346 724/724 3703/3703
f 5546/5546 5547/5547 4346/4346
f 3569/3569 2382/2382 5182/5182
f 3569/3569 5182/5182 443/443
f 213/213 874/874 876/876
f 874/874 213/213 3179/3179
f 109/109 3103/3103 110/110
f 3103/3103 3623/3623 110/110
f 296/296 5540/5540 2492/2492
f 296/296 2492/2492 2493/2493
f 5268/5268 763/763 587/587
f 2463/2463 2798/2798 5268/5268
f 4049/4049 2610/2610 4265/4265
f 5271/5271 4265/4265 2610/2610
f 4334/4334 1630/1630 4199/4199
f 4199/4199 1630/1630 1633/1633
f 2433/2433 2036/2036 5137/5137
f 2037/2037 2036/2036 2433/2433
f 2076/2076 660/660 659/659
f 2076/2076 659/659 4348/4348
f 4009/4009 1070/1070 1604/1604
f 574/574 4009/4009 575/575
f 2989/2989 2991/2991 3004/3004
f 2991/2991 959/959 3004/3004
f 1658/1658 4629/4629 2473/2473
f 1271/1271 1658/1658 2473/2473
f 725/725 724/724 5547/5547
f 5547/5547 724/724 4346/4346
f 5352/5352 3501/3501 450/450
f 450/450 3501/3501 451/451
f 2212/2212 2213/2213 3762/3762
f 2213/2213 1221/1221 3762/3762
f 1580/1580 1284/1284 4893/4893
f 1580/1580 1285/1285 1284/1284
f 823/823 3065/3065 953/953
f 823/823 953/953 954/954
f 5137/5137 4076/4076 2433/2433
f 4077/4077 4076/4076 5137/5137
f 2362/2362 307/307 459/459
f 458/458 2362/2362 459/459
f 3021/3021 991/991 704/704
f 3021/3021 5026/5026 991/991
f 1765/1765 1769/1769 4011/4011
f 1769/1769 1804/1804 4011/4011
f 4854/4854 3449/3449 5037/5037
f 3449/3449 3411/3411 5037/5037
f 5046/5046 2302/2302 3518/3518
f 3518/3518 5420/5420 5046/5046
f 1226/1226 2514/2514 5224/5224
f 2514/2514 2086/2086 5224/5224
f 4683/4683 1852/1852 4684/4684
f 1852/1852 3111/3111 4684/4684
f 5268/5268 587/587 2463/2463
f 586/586 2463/2463 587/587
f 5140/5140 2498/2498 2497/2497
f 5140/5140 4587/4587 2498/2498
f 4009/4009 1604/1604 575/575
f 1603/1603 575/575 1604/1604
f 2000/2000 3859/3859 1424/1424
f 3858/3858 3859/3859 2000/2000
f 4531/4531 3106/3106 2357/2357
f 458/458 3106/3106 4531/4531
f 2265/2265 2260/2260 2262/2262
f 2265/2265 4707/4707 2260/2260
f 2441/2441 2504/2504 2503/2503
f 2441/2441 2503/2503 1413/1413
f 1589/1589 1587/1587 454/454
f 341/341 1706/1706 454/454
f 5531/5531 2441/2441 5041/5041
f 1413/1413 5041/5041 2441/2441
f 2863/2863 966/966 2864/2864
f 966/966 4698/4698 2864/2864
f 4769/4769 696/696 4542/4542
f 2387/2387 380/380 2385/2385
f 1290/1290 3500/3500 1289/1289
f 3500/3500 5084/5084 1289/1289
f 3582/3582 3447/3447 1791/1791
f 1791/1791 3447/3447 1792/1792
f 2971/2971 3061/3061 4306/4306
f 4306/4306 2887/2887 2971/2971
f 1018/1018 4508/4508 204/204
f 2760/2760 4508/4508 1018/1018
f 2867/2867 5093/5093 4102/4102
f 2867/2867 3570/3570 5093/5093
f 4300/4300 4302/4302 4301/4301
f 2298/2298 4300/4300 4301/4301
f 4925/4925 926/926 919/919
f 926/926 4925/4925 2490/2490
f 1417/1417 4120/4120 1414/1414
f 3760/3760 1414/1414 4120/4120
f 2441/2441 4611/4611 2504/2504
f 4611/4611 4600/4600 2504/2504
f 3293/3293 3656/3656 3129/3129
f 1136/1136 3293/3293 3129/3129
f 4356/4356 2637/2637 2636/2636
f 4356/4356 602/602 2637/2637
f 5156/5156 2362/2362 2361/2361
f 32/32 5156/5156 2361/2361
f 696/696 695/695 1783/1783
f 4463/4463 1783/1783 695/695
f 2565/2565 1064/1064 2581/2581
f 2581/2581 1064/1064 4589/4589
f 1439/1439 658/658 3897/3897
f 658/658 657/657 3897/3897
f 2974/2974 1725/1725 1724/1724
f 1724/1724 4207/4207 2974/2974
f 5298/5298 4474/4474 5300/5300
f 3864/3864 4474/4474 4473/4473
f 177/177 2569/2569 2579/2579
f 3989/3989 177/177 2579/2579
f 2540/2540 4722/4722 485/485
f 3473/3473 4722/4722 2540/2540
f 5511/5511 3590/3590 1148/1148
f 3589/3589 1148/1148 3590/3590
f 1098/1098 1272/1272 2252/2252
f 2252/2252 1272/1272 3452/3452
f 1266/1266 1268/1268 1408/1408
f 1266/1266 1408/1408 3683/3683
f 1552/1552 1596/1596 1553/1553
f 1597/1597 1553/1553 1596/1596
f 5264/5264 2406/2406 3181/3181
f 2409/2409 2406/2406 5264/5264
f 4055/4055 2531/2531 4057/4057
f 2531/2531 1851/1851 4057/4057
f 5300/5300 4474/4474 103/103
f 5300/5300 103/103 2659/2659
f 5357/5357 4501/4501 4500/4500
f 5357/5357 5358/5358 4501/4501
f 2092/2092 3523/3523 3521/3521
f 3523/3523 5014/5014 3521/3521
f 2208/2208 2891/2891 469/469
f 245/245 2891/2891 2208/2208
f 277/277 3639/3639 3640/3640
f 3588/3588 3640/3640 3639/3639
f 3943/3943 1697/1697 1090/1090
f 3943/3943 1090/1090 1696/1696
f 1950/1950 2179/2179 2872/2872
f 3822/3822 1950/1950 2872/2872
f 1161/1161 1160/1160 2044/2044
f 4363/4363 1161/1161 2044/2044
f 1696/1696 1695/1695 3319/3319
f 1696/1696 3319/3319 3943/3943
f 4009/4009 2729/2729 1070/1070
f 2729/2729 2966/2966 1070/1070
f 2320/2320 4387/4387 3285/3285
f 3285/3285 2321/2321 2320/2320
f 2656/2656 2699/2699 122/122
f 2656/2656 2655/2655 2699/2699
f 3687/3687 3689/3689 3783/3783
f 1819/1819 3687/3687 3783/3783
f 4960/4960 950/950 2404/2404
f 4959/4959 5316/5316 5315/5315
f 524/524 523/523 4563/4563
f 524/524 4563/4563 4564/4564
f 342/342 341/341 4432/4432
f 4426/4426 342/342 4432/4432
f 501/501 5524/5524 2927/2927
f 5524/5524 501/501 500/500
f 2546/2546 2545/2545 3035/3035
f 3035/3035 3145/3145 2546/2546
f 12/12 5304/5304 5305/5305
f 11/11 5304/5304 12/12
f 1477/1477 4069/4069 4207/4207
f 2974/2974 4207/4207 4069/4069
f 5548/5548 5460/5460 5485/5485
f 1280/1280 5460/5460 5548/5548
f 598/598 2884/2884 2885/2885
f 2884/2884 598/598 2025/2025
f 4054/4054 4056/4056 5076/5076
f 4744/4744 4054/4054 5076/5076
f 1378/1378 1377/1377 2192/2192
f 1377/1377 1200/1200 2192/2192
f 1480/1480 1948/1948 119/119
f 1480/1480 119/119 1484/1484
f 4259/4259 2532/2532 4056/4056
f 166/166 2532/2532 4259/4259
f 3161/3161 5549/5549 3162/3162
f 4884/4884 5549/5549 3161/3161
f 553/553 502/502 907/907
f 553/553 500/500 502/502
f 1586/1586 1061/1061 5039/5039
f 1063/1063 5380/5380 1064/1064
f 5024/5024 4097/4097 4933/4933
f 4326/4326 4327/4327 5521/5521
f 3891/3891 2719/2719 2717/2717
f 1507/1507 3891/3891 2717/2717
f 857/857 618/618 4689/4689
f 5202/5202 701/701 5205/5205
f 3511/3511 3268/3268 3267/3267
f 3511/3511 2094/2094 3268/3268
f 4176/4176 395/395 4202/4202
f 4654/4654 4202/4202 395/395
f 1575/1575 1576/1576 2784/2784
f 3046/3046 1575/1575 2784/2784
f 4383/4383 4385/4385 1493/1493
f 1492/1492 4383/4383 1493/1493
f 4195/4195 5012/5012 4439/4439
f 4574/4574 5012/5012 4195/4195
f 5037/5037 5131/5131 4854/4854
f 4854/4854 5131/5131 1062/1062
f 4663/4663 3224/3224 4665/4665
f 3222/3222 3224/3224 4663/4663
f 2360/2360 455/455 571/571
f 2360/2360 1196/1196 455/455
f 4414/4414 1571/1571 466/466
f 464/464 466/466 1571/1571
f 3722/3722 1969/1969 3191/3191
f 3722/3722 360/360 1969/1969
f 3209/3209 3210/3210 3820/3820
f 3209/3209 5017/5017 3210/3210
f 5033/5033 3109/3109 3108/3108
f 5032/5032 5033/5033 5427/5427
f 439/439 510/510 3696/3696
f 439/439 3696/3696 5190/5190
f 1280/1280 3706/3706 5460/5460
f 4899/4899 3706/3706 1280/1280
f 1694/1694 1696/1696 3697/3697
f 3696/3696 5393/5393 5191/5191
f 873/873 5161/5161 4873/4873
f 873/873 2368/2368 5161/5161
f 2459/2459 46/46 45/45
f 318/318 2459/2459 45/45
f 5427/5427 5033/5033 3108/3108
f 5427/5427 3108/3108 5304/5304
f 3934/3934 3949/3949 1890/1890
f 3934/3934 4846/4846 3949/3949
f 4307/4307 4990/4990 4310/4310
f 4307/4307 5359/5359 4990/4990
f 5197/5197 2830/2830 4546/4546
f 5197/5197 2834/2834 2836/2836
f 4852/4852 2251/2251 5550/5550
f 5550/5550 2251/2251 1425/1425
f 1884/1884 2732/2732 1885/1885
f 3254/3254 2732/2732 1884/1884
f 723/723 4413/4413 2619/2619
f 723/723 1944/1944 4413/4413
f 836/836 5551/5551 4371/4371
f 3868/3868 2283/2283 2866/2866
f 1953/1953 1952/1952 4816/4816
f 1953/1953 4816/4816 1956/1956
f 4538/4538 2692/2692 2237/2237
f 2359/2359 2237/2237 2692/2692
f 5548/5548 5485/5485 2560/2560
f 5485/5485 2561/2561 2560/2560
f 1787/1787 1956/1956 4816/4816
f 1787/1787 1786/1786 1956/1956
f 5171/5171 344/344 4357/4357
f 4357/4357 3307/3307 5171/5171
f 2701/2701 2609/2609 3703/3703
f 2701/2701 5271/5271 2609/2609
f 270/270 269/269 4210/4210
f 5552/5552 3238/3238 292/292
f 955/955 1123/1123 3470/3470
f 4901/4901 955/955 3470/3470
f 4982/4982 2994/2994 2993/2993
f 2995/2995 2994/2994 2841/2841
f 881/881 5553/5553 2079/2079
f 5553/5553 187/187 2079/2079
f 2110/2110 1949/1949 1951/1951
f 2110/2110 1951/1951 2684/2684
f 3348/3348 2142/2142 2141/2141
f 3348/3348 2141/2141 3921/3921
f 3118/3118 62/62 495/495
f 3118/3118 211/211 62/62
f 1636/1636 1635/1635 3889/3889
f 3889/3889 1635/1635 1721/1721
f 5554/5554 5353/5353 4278/4278
f 5554/5554 4278/4278 4277/4277
f 2897/2897 1685/1685 2893/2893
f 1685/1685 2894/2894 2893/2893
f 2453/2453 4366/4366 2454/2454
f 2453/2453 5102/5102 4366/4366
f 2448/2448 2706/2706 2450/2450
f 2706/2706 2705/2705 2450/2450
f 955/955 4787/4787 1123/1123
f 1123/1123 4787/4787 1124/1124
f 1986/1986 2841/2841 4982/4982
f 4982/4982 2841/2841 2994/2994
f 5371/5371 3772/3772 5555/5555
f 3772/3772 3773/3773 5555/5555
f 3417/3417 3485/3485 2577/2577
f 3416/3416 3485/3485 3417/3417
f 4500/4500 4863/4863 5357/5357
f 5357/5357 4863/4863 5103/5103
f 4427/4427 5527/5527 4118/4118
f 5527/5527 4427/4427 4426/4426
f 2339/2339 2162/2162 2338/2338
f 1207/1207 2339/2339 2338/2338
f 4321/4321 4303/4303 4353/4353
f 4353/4353 4318/4318 4321/4321
f 3828/3828 1241/1241 2175/2175
f 3828/3828 2175/2175 4314/4314
f 2268/2268 2653/2653 2655/2655
f 2267/2267 2653/2653 2268/2268
f 5117/5117 814/814 3905/3905
f 5117/5117 815/815 814/814
f 232/232 3308/3308 3260/3260
f 3308/3308 510/510 3260/3260
f 4992/4992 781/781 780/780
f 5001/5001 781/781 4992/4992
f 2388/2388 2232/2232 5371/5371
f 5371/5371 2232/2232 3772/3772
f 4282/4282 4283/4283 4429/4429
f 4429/4429 4283/4283 2393/2393
f 2780/2780 1593/1593 1763/1763
f 1517/1517 1593/1593 2780/2780
f 211/211 210/210 3740/3740
f 211/211 3740/3740 62/62
f 3433/3433 3601/3601 3434/3434
f 3433/3433 3946/3946 3601/3601
f 3673/3673 2851/2851 3675/3675
f 3067/3067 2851/2851 3673/3673
f 2346/2346 3465/3465 1831/1831
f 3465/3465 1615/1615 1831/1831
f 4097/4097 5082/5082 732/732
f 734/734 732/732 5082/5082
f 2153/2153 2236/2236 522/522
f 2528/2528 2155/2155 3815/3815
f 3223/3223 593/593 4450/4450
f 4450/4450 1433/1433 4449/4449
f 3756/3756 2681/2681 2465/2465
f 3756/3756 3993/3993 2681/2681
f 4430/4430 5527/5527 4432/4432
f 4118/4118 5527/5527 4430/4430
f 842/842 3740/3740 3741/3741
f 3741/3741 840/840 842/842
f 3916/3916 2932/2932 4603/4603
f 5302/5302 4603/4603 2932/2932
f 2748/2748 4612/4612 2750/2750
f 4613/4613 4612/4612 2748/2748
f 1230/1230 1229/1229 1569/1569
f 1229/1229 428/428 1569/1569
f 1228/1228 2448/2448 2447/2447
f 1228/1228 2706/2706 2448/2448
f 3125/3125 1133/1133 4890/4890
f 3125/3125 1134/1134 1133/1133
f 4309/4309 5556/5556 1371/1371
f 4308/4308 5556/5556 4309/4309
f 1697/1697 1600/1600 1090/1090
f 1598/1598 1600/1600 1697/1697
f 2344/2344 4951/4951 4446/4446
f 4951/4951 2344/2344 2455/2455
f 4091/4091 3144/3144 473/473
f 4091/4091 2544/2544 3144/3144
f 3929/3929 1433/1433 593/593
f 593/593 1433/1433 4450/4450
f 5557/5557 1280/1280 5548/5548
f 5557/5557 5548/5548 2560/2560
f 2379/2379 4782/4782 3903/3903
f 2875/2875 4782/4782 3524/3524
f 3765/3765 3767/3767 4694/4694
f 992/992 3765/3765 4694/4694
f 4746/4746 2130/2130 2129/2129
f 2129/2129 5282/5282 4746/4746
f 1067/1067 5365/5365 5363/5363
f 1067/1067 2388/2388 5365/5365
f 3884/3884 4920/4920 3887/3887
f 3887/3887 4920/4920 4918/4918
f 3980/3980 1686/1686 3981/3981
f 685/685 1686/1686 3980/3980
f 1085/1085 4206/4206 1515/1515
f 264/264 263/263 4206/4206
f 2766/2766 5282/5282 2767/2767
f 4746/4746 5282/5282 2766/2766
f 2112/2112 4784/4784 2113/2113
f 4182/4182 4784/4784 2112/2112
f 4446/4446 2114/2114 2116/2116
f 4446/4446 2116/2116 2344/2344
f 876/876 4740/4740 210/210
f 876/876 3682/3682 4739/4739
f 1280/1280 5557/5557 1281/1281
f 5557/5557 2560/2560 1281/1281
f 3384/3384 3383/3383 3385/3385
f 3383/3383 3384/3384 1908/1908
f 793/793 4505/4505 5558/5558
f 793/793 5558/5558 791/791
f 5221/5221 1109/1109 5222/5222
f 4131/4131 5221/5221 5222/5222
f 3538/3538 138/138 1667/1667
f 135/135 1304/1304 4477/4477
f 2556/2556 3629/3629 2557/2557
f 3629/3629 3914/3914 2557/2557
f 1292/1292 2164/2164 2166/2166
f 4931/4931 2164/2164 1292/1292
f 1085/1085 264/264 4206/4206
f 1085/1085 262/262 264/264
f 4557/4557 2550/2550 2144/2144
f 1777/1777 1678/1678 4558/4558
f 1519/1519 1572/1572 4571/4571
f 1519/1519 1573/1573 1572/1572
f 5440/5440 4751/4751 3158/3158
f 529/529 5441/5441 2586/2586
f 162/162 5559/5559 1375/1375
f 1375/1375 5559/5559 1376/1376
f 5560/5560 5559/5559 162/162
f 5560/5560 162/162 161/161
f 5561/5561 418/418 4070/4070
f 4070/4070 1635/1635 5561/5561
f 541/541 4818/4818 3093/3093
f 540/540 4818/4818 541/541
f 1842/1842 380/380 1843/1843
f 1842/1842 2385/2385 380/380
f 1459/1459 83/83 82/82
f 1459/1459 1960/1960 83/83
f 3288/3288 795/795 3355/3355
f 3355/3355 2556/2556 3288/3288
f 4236/4236 5562/5562 4248/4248
f 4248/4248 5562/5562 4246/4246
f 4659/4659 792/792 1618/1618
f 793/793 792/792 4659/4659
f 2281/2281 1138/1138 2280/2280
f 2280/2280 2279/2279 2281/2281
f 4980/4980 3109/3109 5032/5032
f 4980/4980 3107/3107 4955/4955
f 3063/3063 5013/5013 3761/3761
f 3761/3761 3064/3064 3063/3063
f 4783/4783 3134/3134 1159/1159
f 3133/3133 1159/1159 3134/3134
f 2728/2728 3174/3174 1075/1075
f 1075/1075 3174/3174 1073/1073
f 5449/5449 4351/4351 2007/2007
f 580/580 4351/4351 5449/5449
f 717/717 2742/2742 718/718
f 2742/2742 2746/2746 718/718
f 2525/2525 2921/2921 2920/2920
f 2524/2524 2921/2921 2525/2525
f 3929/3929 1434/1434 1433/1433
f 3929/3929 1541/1541 1434/1434
f 3996/3996 3277/3277 332/332
f 3277/3277 3996/3996 3278/3278
f 5563/5563 2925/2925 5524/5524
f 5563/5563 5518/5518 2925/2925
f 847/847 846/846 3203/3203
f 847/847 3203/3203 3202/3202
f 4002/4002 4003/4003 849/849
f 1212/1212 849/849 4003/4003
f 2834/2834 4546/4546 117/117
f 5197/5197 4546/4546 2834/2834
f 2777/2777 1101/1101 1103/1103
f 5239/5239 1101/1101 2777/2777
f 1518/1518 920/920 926/926
f 1518/1518 1520/1520 920/920
f 1635/1635 1634/1634 5561/5561
f 1634/1634 418/418 5561/5561
f 5240/5240 1101/1101 5239/5239
f 1709/1709 1708/1708 5239/5239
f 1147/1147 1149/1149 4438/4438
f 4438/4438 1149/1149 4255/4255
f 3614/3614 4595/4595 3716/3716
f 1650/1650 3614/3614 3716/3716
f 3265/3265 1820/1820 531/531
f 3265/3265 2091/2091 1820/1820
f 1690/1690 1689/1689 5053/5053
f 5053/5053 2273/2273 1690/1690
f 1385/1385 2117/2117 2119/2119
f 1531/1531 2119/2119 2117/2117
f 2136/2136 1577/1577 4147/4147
f 4147/4147 1577/1577 1849/1849
f 4035/4035 3152/3152 4617/4617
f 4617/4617 3152/3152 4877/4877
f 4661/4661 1963/1963 1962/1962
f 3666/3666 1963/1963 4579/4579
f 1862/1862 1864/1864 484/484
f 1866/1866 484/484 1864/1864
f 4955/4955 3170/3170 3109/3109
f 4980/4980 4955/4955 3109/3109
f 5518/5518 5563/5563 5564/5564
f 2924/2924 3838/3838 3681/3681
f 27/27 3813/3813 3814/3814
f 3814/3814 28/28 27/27
f 3481/3481 3483/3483 3482/3482
f 3482/3482 3483/3483 550/550
f 1196/1196 1462/1462 4081/4081
f 4081/4081 1462/1462 2948/2948
f 3227/3227 1118/1118 860/860
f 1118/1118 3227/3227 4887/4887
f 2981/2981 2210/2210 2979/2979
f 2981/2981 5210/5210 2210/2210
f 2923/2923 5386/5386 5266/5266
f 5266/5266 5386/5386 4469/4469
f 5391/5391 3457/3457 3571/3571
f 5391/5391 3461/3461 3457/3457
f 5086/5086 1861/1861 3377/3377
f 1861/1861 5086/5086 1864/1864
f 2672/2672 2365/2365 4640/4640
f 2365/2365 2300/2300 4640/4640
f 2585/2585 2583/2583 4875/4875
f 4875/4875 2583/2583 2773/2773
f 851/851 3013/3013 4002/4002
f 4002/4002 3013/3013 3012/3012
f 4906/4906 4552/4552 4892/4892
f 4906/4906 5252/5252 4552/4552
f 3150/3150 1862/1862 484/484
f 1862/1862 3150/3150 1454/1454
f 2273/2273 3605/3605 2274/2274
f 2274/2274 3605/3605 645/645
f 2035/2035 1836/1836 4673/4673
f 512/512 2035/2035 4673/4673
f 2138/2138 3346/3346 3408/3408
f 3408/3408 3346/3346 2142/2142
f 1847/1847 777/777 5525/5525
f 1847/1847 5525/5525 5565/5565
f 1221/1221 1223/1223 2980/2980
f 2980/2980 1223/1223 2981/2981
f 2874/2874 1689/1689 1688/1688
f 2874/2874 4803/4803 960/960
f 88/88 4621/4621 89/89
f 4622/4622 2650/2650 5423/5423
f 759/759 3885/3885 708/708
f 759/759 4031/4031 3885/3885
f 1708/1708 5240/5240 5239/5239
f 1708/1708 1102/1102 5240/5240
f 4857/4857 3596/3596 1301/1301
f 3596/3596 4857/4857 4858/4858
f 629/629 222/222 3660/3660
f 629/629 3660/3660 3790/3790
f 1932/1932 2992/2992 5048/5048
f 2992/2992 2993/2993 5048/5048
f 3037/3037 5116/5116 1092/1092
f 3910/3910 5116/5116 3037/3037
f 2874/2874 1688/1688 4803/4803
f 4803/4803 1688/1688 2274/2274
f 366/366 2217/2217 4555/4555
f 1321/1321 2217/2217 1319/1319
f 1822/1822 1824/1824 5566/5566
f 2558/2558 3628/3628 5566/5566
f 1407/1407 3484/3484 1405/1405
f 3484/3484 1407/1407 2992/2992
f 3062/3062 787/787 784/784
f 3062/3062 784/784 786/786
f 4243/4243 2524/2524 94/94
f 2921/2921 2524/2524 4243/4243
f 701/701 5203/5203 702/702
f 5203/5203 4695/4695 702/702
f 1892/1892 44/44 5567/5567
f 1891/1891 1892/1892 5567/5567
f 3029/3029 3030/3030 1223/1223
f 3030/3030 3029/3029 3028/3028
f 3574/3574 2244/2244 5407/5407
f 2244/2244 3572/3572 5407/5407
f 3803/3803 965/965 966/966
f 1028/1028 965/965 3803/3803
f 4606/4606 4556/4556 2041/2041
f 4556/4556 4606/4606 4605/4605
f 2372/2372 5078/5078 3211/3211
f 55/55 2375/2375 4674/4674
f 3291/3291 3677/3677 4358/4358
f 3677/3677 3676/3676 4358/4358
f 4012/4012 4014/4014 5499/5499
f 4014/4014 4716/4716 5499/5499
f 3763/3763 5471/5471 2407/2407
f 5471/5471 3763/3763 4932/4932
f 4896/4896 5257/5257 1039/1039
f 5257/5257 4896/4896 4898/4898
f 1862/1862 1455/1455 1863/1863
f 1863/1863 1455/1455 555/555
f 3061/3061 2121/2121 3059/3059
f 3061/3061 3059/3059 1758/1758
f 3867/3867 4022/4022 1436/1436
f 3751/3751 3867/3867 1436/1436
f 2466/2466 4459/4459 2682/2682
f 4459/4459 2683/2683 2682/2682
f 1543/1543 1545/1545 5355/5355
f 5355/5355 4680/4680 1543/1543
f 764/764 2558/2558 5566/5566
f 764/764 5566/5566 1824/1824
f 4789/4789 3594/3594 2288/2288
f 2290/2290 4789/4789 2288/2288
f 195/195 2665/2665 4512/4512
f 2665/2665 2397/2397 4512/4512
f 915/915 1627/1627 916/916
f 1626/1626 916/916 1627/1627
f 4947/4947 1112/1112 4948/4948
f 5056/5056 4948/4948 1112/1112
f 797/797 5162/5162 3536/3536
f 2935/2935 5162/5162 797/797
f 3825/3825 3821/3821 118/118
f 120/120 3825/3825 118/118
f 811/811 814/814 5314/5314
f 812/812 811/811 5314/5314
f 804/804 2055/2055 2056/2056
f 804/804 49/49 2055/2055
f 3922/3922 3407/3407 3347/3347
f 3348/3348 3922/3922 3347/3347
f 4267/4267 2710/2710 4268/4268
f 4158/4158 2710/2710 4267/4267
f 1733/1733 3011/3011 1626/1626
f 3011/3011 916/916 1626/1626
f 2147/2147 2954/2954 2148/2148
f 2954/2954 2147/2147 1961/1961
f 4983/4983 4513/4513 4512/4512
f 3479/3479 4513/4513 4983/4983
f 4126/4126 2666/2666 1054/1054
f 1054/1054 2666/2666 2667/2667
f 2446/2446 623/623 622/622
f 623/623 2446/2446 2946/2946
f 1877/1877 5459/5459 1521/1521
f 1773/1773 5459/5459 1877/1877
f 5442/5442 1184/1184 4953/4953
f 5442/5442 4953/4953 2781/2781
f 3231/3231 889/889 4974/4974
f 4972/4972 4974/4974 889/889
f 3095/3095 1251/1251 1250/1250
f 1250/1250 2055/2055 3095/3095
f 1734/1734 1625/1625 1623/1623
f 1626/1626 1625/1625 1734/1734
f 4940/4940 4211/4211 115/115
f 4940/4940 115/115 4547/4547
f 5135/5135 1814/1814 1813/1813
f 1813/1813 4296/4296 4295/4295
f 2045/2045 287/287 3692/3692
f 2045/2045 2047/2047 287/287
f 639/639 5163/5163 1068/1068
f 1068/1068 5163/5163 1069/1069
f 3069/3069 4755/4755 988/988
f 3068/3068 4755/4755 3069/3069
f 3087/3087 1909/1909 3337/3337
f 1909/1909 4759/4759 3337/3337
f 4197/4197 4196/4196 4178/4178
f 4197/4197 4178/4178 262/262
f 4756/4756 5568/5568 1605/1605
f 1925/1925 1605/1605 5568/5568
f 3743/3743 4089/4089 4117/4117
f 4117/4117 4281/4281 3743/3743
f 4888/4888 3216/3216 5436/5436
f 3401/3401 3852/3852 5263/5263
f 4295/4295 5135/5135 1813/1813
f 5135/5135 4295/4295 4297/4297
f 2946/2946 2945/2945 623/623
f 2945/2945 2946/2946 1932/1932
f 2376/2376 2380/2380 2377/2377
f 2876/2876 2379/2379 2380/2380
f 2883/2883 1214/1214 4026/4026
f 1442/1442 1214/1214 2883/2883
f 3870/3870 432/432 5381/5381
f 3870/3870 3671/3671 432/432
f 2953/2953 1458/1458 4670/4670
f 2953/2953 4670/4670 1962/1962
f 5374/5374 579/579 5375/5375
f 5323/5323 5375/5375 579/579
f 4801/4801 2026/2026 600/600
f 600/600 2026/2026 2025/2025
f 5181/5181 3568/3568 443/443
f 3567/3567 3568/3568 5181/5181
f 5067/5067 1483/1483 1482/1482
f 5069/5069 898/898 5067/5067
f 4013/4013 2982/2982 4014/4014
f 4060/4060 2982/2982 4013/4013
f 2539/2539 2541/2541 677/677
f 677/677 2541/2541 487/487
f 2357/2357 17/17 19/19
f 4530/4530 2357/2357 19/19
f 4996/4996 539/539 1614/1614
f 835/835 4996/4996 1614/1614
f 3535/3535 4391/4391 798/798
f 3535/3535 798/798 797/797
f 5180/5180 3567/3567 5181/5181
f 5180/5180 4907/4907 3567/3567
f 4008/4008 1976/1976 4004/4004
f 1976/1976 4008/4008 5451/5451
f 4757/4757 5214/5214 1402/1402
f 4758/4758 4757/4757 1402/1402
f 4905/4905 4880/4880 2019/2019
f 4880/4880 4905/4905 4892/4892
f 763/763 5236/5236 493/493
f 763/763 5268/5268 5236/5236
f 2023/2023 2021/2021 4721/4721
f 2021/2021 2023/2023 1845/1845
f 3320/3320 4880/4880 4754/4754
f 4754/4754 3321/3321 3320/3320
f 605/605 5141/5141 606/606
f 5141/5141 5250/5250 606/606
f 3199/3199 477/477 3418/3418
f 477/477 3199/3199 478/478
f 1976/1976 4171/4171 1977/1977
f 4171/4171 4170/4170 1977/1977
f 1885/1885 5006/5006 1886/1886
f 5006/5006 3976/3976 1886/1886
f 3931/3931 5243/5243 409/409
f 482/482 5243/5243 3931/3931
f 3291/3291 5351/5351 365/365
f 365/365 5351/5351 366/366
f 4678/4678 3413/3413 2296/2296
f 5002/5002 3413/3413 4678/4678
f 5569/5569 5372/5372 4909/4909
f 5061/5061 5063/5063 5569/5569
f 3040/3040 3042/3042 1198/1198
f 3045/3045 3040/3040 1198/1198
f 3372/3372 3278/3278 3998/3998
f 3996/3996 3998/3998 3278/3278
f 5026/5026 2159/2159 5027/5027
f 2158/2158 5027/5027 2159/2159
f 2254/2254 3452/3452 2266/2266
f 3452/3452 1272/1272 2266/2266
f 1260/1260 1306/1306 5509/5509
f 1262/1262 1306/1306 1260/1260
f 2355/2355 2353/2353 2356/2356
f 2357/2357 2356/2356 1882/1882
f 5159/5159 5160/5160 2099/2099
f 446/446 2099/2099 5160/5160
f 1882/1882 2356/2356 2353/2353
f 1882/1882 2353/2353 1883/1883
f 4250/4250 2944/2944 4991/4991
f 3192/3192 4250/4250 4991/4991
f 2478/2478 1771/1771 2481/2481
f 2478/2478 2477/2477 1771/1771
f 5466/5466 958/958 2800/2800
f 956/956 958/958 5466/5466
f 1980/1980 5496/5496 4153/4153
f 4153/4153 5496/5496 4154/4154
f 3374/3374 3372/3372 3371/3371
f 3374/3374 3278/3278 3372/3372
f 2049/2049 929/929 5331/5331
f 2049/2049 5331/5331 2045/2045
f 545/545 2973/2973 4998/4998
f 2973/2973 421/421 4998/4998
f 1218/1218 2326/2326 1216/1216
f 1218/1218 1217/1217 2326/2326
f 2478/2478 2481/2481 5392/5392
f 5392/5392 2481/2481 4830/4830
f 4370/4370 4942/4942 3847/3847
f 3847/3847 3846/3846 4370/4370
f 4712/4712 4576/4576 4717/4717
f 4717/4717 971/971 4712/4712
f 58/58 3246/3246 3247/3247
f 58/58 4995/4995 3246/3246
f 850/850 5063/5063 5062/5062
f 5372/5372 5569/5569 5063/5063
f 1976/1976 3432/3432 4135/4135
f 3432/3432 3431/3431 4135/4135
f 845/845 609/609 608/608
f 5415/5415 845/845 608/608
f 3827/3827 4827/4827 5301/5301
f 5301/5301 4827/4827 4902/4902
f 2876/2876 2376/2376 3167/3167
f 2376/2376 2876/2876 2380/2380
f 5497/5497 722/722 650/650
f 4760/4760 5497/5497 650/650
f 1590/1590 1589/1589 1706/1706
f 454/454 1706/1706 1589/1589
f 889/889 891/891 4972/4972
f 4972/4972 891/891 4090/4090
f 2702/2702 548/548 2611/2611
f 548/548 2703/2703 549/549
f 2222/2222 2221/2221 176/176
f 2683/2683 176/176 2221/2221
f 3499/3499 447/447 5352/5352
f 447/447 3499/3499 3498/3498
f 4148/4148 1296/1296 1345/1345
f 1296/1296 4148/4148 1401/1401
f 5402/5402 5509/5509 1306/1306
f 5404/5404 5509/5509 5402/5402
f 4249/4249 1184/1184 5442/5442
f 1245/1245 4249/4249 5442/5442
f 2790/2790 815/815 330/330
f 5117/5117 330/330 815/815
f 2685/2685 1479/1479 1317/1317
f 2685/2685 1317/1317 2686/2686
f 2131/2131 3514/3514 909/909
f 2131/2131 3512/3512 3514/3514
f 5246/5246 4222/4222 1097/1097
f 5246/5246 4221/4221 4222/4222
f 3620/3620 4217/4217 2148/2148
f 4217/4217 3620/3620 142/142
f 2702/2702 2703/2703 548/548
f 2703/2703 2702/2702 724/724
f 5245/5245 4794/4794 5246/5246
f 5246/5246 2632/2632 5245/5245
f 377/377 4354/4354 378/378
f 4354/4354 377/377 4361/4361
f 917/917 345/345 231/231
f 231/231 345/345 232/232
f 5415/5415 2551/2551 2572/2572
f 5415/5415 608/608 2551/2551
f 3537/3537 1132/1132 5570/5570
f 5570/5570 5482/5482 5505/5505
f 5069/5069 5067/5067 1482/1482
f 2865/2865 5069/5069 1482/1482
f 3223/3223 4868/4868 3224/3224
f 4450/4450 4868/4868 3223/3223
f 552/552 401/401 403/403
f 403/403 5072/5072 552/552
f 1771/1771 1878/1878 2481/2481
f 1771/1771 1773/1773 1878/1878
f 2096/2096 2774/2774 2776/2776
f 2095/2095 5149/5149 2096/2096
f 1875/1875 2480/2480 1876/1876
f 1878/1878 1876/1876 2480/2480
f 5505/5505 3537/3537 5570/5570
f 1682/1682 3537/3537 1680/1680
f 761/761 3627/3627 4133/4133
f 4133/4133 3627/3627 4107/4107
f 467/467 468/468 1444/1444
f 4480/4480 467/467 1444/1444
f 5402/5402 4785/4785 5403/5403
f 5403/5403 4785/4785 3759/3759
f 1119/1119 1474/1474 1120/1120
f 3478/3478 1474/1474 1119/1119
f 3987/3987 3988/3988 3070/3070
f 986/986 3991/3991 3987/3987
f 3081/3081 5184/5184 4132/4132
f 3081/3081 3079/3079 5184/5184
f 2444/2444 2332/2332 2331/2331
f 2332/2332 4962/4962 4957/4957
f 1648/1648 664/664 663/663
f 1648/1648 663/663 3940/3940
f 2096/2096 5149/5149 2774/2774
f 2774/2774 5149/5149 4495/4495
f 1170/1170 5098/5098 4177/4177
f 4177/4177 1168/1168 1170/1170
f 1211/1211 1213/1213 4422/4422
f 1213/1213 4421/4421 4422/4422
f 5028/5028 2410/2410 2409/2409
f 2410/2410 5028/5028 286/286
f 3952/3952 1139/1139 699/699
f 3952/3952 2278/2278 1139/1139
f 4594/4594 2289/2289 3593/3593
f 1579/1579 4594/4594 3593/3593
f 4749/4749 4759/4759 4723/4723
f 3384/3384 4749/4749 4723/4723
f 2122/2122 4526/4526 2125/2125
f 4526/4526 2880/2880 2125/2125
f 2011/2011 4421/4421 4423/4423
f 1213/1213 4423/4423 4421/4421
f 3738/3738 2769/2769 2768/2768
f 2768/2768 3693/3693 3738/3738
f 1566/1566 24/24 1567/1567
f 1566/1566 391/391 24/24
f 5098/5098 396/396 4176/4176
f 4176/4176 4177/4177 5098/5098
f 2875/2875 3903/3903 4782/4782
f 83/83 3903/3903 2875/2875
f 3313/3313 4434/4434 1747/1747
f 1747/1747 1398/1398 3313/3313
f 4683/4683 1854/1854 3443/3443
f 3442/3442 4683/4683 3443/3443
f 3204/3204 3207/3207 5343/5343
f 1339/1339 5343/5343 3207/3207
f 5074/5074 4962/4962 2444/2444
f 4962/4962 2332/2332 2444/2444
f 4847/4847 5302/5302 5235/5235
f 5302/5302 2932/2932 5235/5235
f 4793/4793 4792/4792 1506/1506
f 1685/1685 4793/4793 1506/1506
f 522/522 524/524 3815/3815
f 522/522 3815/3815 2153/2153
f 2377/2377 66/66 65/65
f 66/66 2377/2377 142/142
f 5571/5571 4558/4558 1776/1776
f 1776/1776 2574/2574 5571/5571
f 1750/1750 274/274 568/568
f 567/567 1750/1750 568/568
f 1680/1680 3537/3537 5505/5505
f 4709/4709 1680/1680 5505/5505
f 169/169 4231/4231 4944/4944
f 169/169 4944/4944 4946/4946
f 820/820 818/818 4767/4767
f 4767/4767 5572/5572 5332/5332
f 4345/4345 5501/5501 5546/5546
f 4345/4345 5546/5546 4346/4346
f 4797/4797 5295/5295 2931/2931
f 382/382 384/384 5295/5295
f 3902/3902 2147/2147 2146/2146
f 3903/3903 3902/3902 2146/2146
f 5572/5572 817/817 5332/5332
f 817/817 3778/3778 5332/5332
f 225/225 5277/5277 5292/5292
f 1417/1417 1847/1847 5565/5565
f 3537/3537 145/145 4890/4890
f 144/144 4890/4890 145/145
f 4740/4740 4739/4739 840/840
f 4740/4740 876/876 4739/4739
f 382/382 4797/4797 4561/4561
f 4797/4797 382/382 5295/5295
f 3379/3379 5477/5477 5438/5438
f 5438/5438 3380/3380 3379/3379
f 5003/5003 4624/4624 4630/4630
f 4627/4627 5003/5003 4630/4630
f 3881/3881 2153/2153 2155/2155
f 3815/3815 2155/2155 2153/2153
f 4361/4361 4360/4360 4354/4354
f 4361/4361 4359/4359 4360/4360
f 2900/2900 973/973 2903/2903
f 1445/1445 3025/3025 3026/3026
f 3026/3026 3025/3025 2170/2170
f 1354/1354 4204/4204 323/323
f 1354/1354 4194/4194 4204/4204
f 387/387 2884/2884 2165/2165
f 279/279 387/387 2165/2165
f 3367/3367 1287/1287 463/463
f 463/463 462/462 3367/3367
f 903/903 905/905 5201/5201
f 5201/5201 5523/5523 903/903
f 1905/1905 4218/4218 2291/2291
f 1904/1904 4218/4218 1905/1905
f 4829/4829 4828/4828 4827/4827
f 4829/4829 1745/1745 4828/4828
f 3968/3968 1848/1848 5326/5326
f 3747/3747 4578/4578 5254/5254
f 2196/2196 5303/5303 5305/5305
f 4232/4232 4943/4943 4945/4945
f 2215/2215 5429/5429 4961/4961
f 5429/5429 2226/2226 4961/4961
f 115/115 4211/4211 1653/1653
f 115/115 1653/1653 116/116
f 1165/1165 963/963 4447/4447
f 963/963 1165/1165 964/964
f 4228/4228 1391/1391 4226/4226
f 1391/1391 1393/1393 4226/4226
f 2170/2170 646/646 3026/3026
f 646/646 2170/2170 996/996
f 3445/3445 2556/2556 3357/3357
f 4970/4970 3445/3445 3357/3357
f 522/522 2236/2236 129/129
f 2236/2236 3638/3638 129/129
f 1192/1192 348/348 4129/4129
f 114/114 1192/1192 4129/4129
f 1181/1181 1176/1176 2514/2514
f 1177/1177 1176/1176 1181/1181
f 778/778 1416/1416 2468/2468
f 1414/1414 2468/2468 1416/1416
f 5379/5379 4380/4380 3955/3955
f 4380/4380 5379/5379 356/356
f 1247/1247 52/52 1248/1248
f 1247/1247 1840/1840 52/52
f 4878/4878 2358/2358 5208/5208
f 5207/5207 4878/4878 5208/5208
f 1927/1927 3612/3612 1928/1928
f 982/982 1928/1928 3612/3612
f 2732/2732 1726/1726 1885/1885
f 1885/1885 1726/1726 3426/3426
f 5122/5122 4915/4915 4763/4763
f 5122/5122 4763/4763 197/197
f 4767/4767 818/818 5572/5572
f 818/818 817/817 5572/5572
f 3800/3800 3802/3802 3768/3768
f 3768/3768 3802/3802 3769/3769
f 2205/2205 3513/3513 2130/2130
f 2131/2131 2130/2130 3513/3513
f 2346/2346 246/246 3465/3465
f 3193/3193 246/246 2346/2346
f 3282/3282 1569/1569 4302/4302
f 4300/4300 3282/3282 4302/4302
f 3800/3800 2293/2293 1855/1855
f 2293/2293 3800/3800 3768/3768
f 4861/4861 4860/4860 3502/3502
f 4861/4861 4859/4859 1145/1145
f 2573/2573 143/143 1682/1682
f 2573/2573 2551/2551 143/143
f 3410/3410 311/311 4975/4975
f 3410/3410 3409/3409 311/311
f 1369/1369 1371/1371 3678/3678
f 2215/2215 1369/1369 3678/3678
f 1440/1440 5174/5174 1441/1441
f 1440/1440 3128/3128 5174/5174
f 4707/4707 4698/4698 2260/2260
f 4707/4707 2864/2864 4698/4698
f 2242/2242 955/955 4900/4900
f 4903/4903 4900/4900 4901/4901
f 4861/4861 3502/3502 4859/4859
f 3502/3502 3506/3506 4859/4859
f 1702/1702 1840/1840 59/59
f 61/61 1702/1702 59/59
f 5063/5063 850/850 5372/5372
f 850/850 4213/4213 5372/5372
f 5325/5325 1848/1848 5327/5327
f 5253/5253 5254/5254 5573/5573
f 2186/2186 2114/2114 1970/1970
f 2114/2114 2186/2186 2115/2115
f 3206/3206 1340/1340 3207/3207
f 1340/1340 3206/3206 4615/4615
f 3953/3953 4039/4039 3954/3954
f 573/573 3954/3954 4039/4039
f 1700/1700 1702/1702 61/61
f 78/78 1700/1700 61/61
f 291/291 290/290 4568/4568
f 4435/4435 4568/4568 290/290
f 3631/3631 3520/3520 893/893
f 896/896 3631/3631 893/893
f 2959/2959 2958/2958 2960/2960
f 2450/2450 2958/2958 4179/4179
f 2991/2991 1601/1601 959/959
f 1601/1601 756/756 959/959
f 1340/1340 4615/4615 4720/4720
f 4720/4720 1867/1867 1340/1340
f 4317/4317 1096/1096 4485/4485
f 4483/4483 4485/4485 1096/1096
f 782/782 781/781 244/244
f 782/782 244/244 2512/2512
f 1814/1814 4436/4436 918/918
f 4436/4436 290/290 918/918
f 3507/3507 3506/3506 5154/5154
f 1200/1200 1199/1199 5349/5349
f 3748/3748 1621/1621 2624/2624
f 1621/1621 1620/1620 2624/2624
f 3467/3467 4073/4073 4586/4586
f 5462/5462 3467/3467 4586/4586
f 2520/2520 2695/2695 2521/2521
f 2695/2695 2520/2520 3229/3229
f 4473/4473 1153/1153 3865/3865
f 3865/3865 1153/1153 1071/1071
f 4645/4645 4492/4492 3597/3597
f 4645/4645 4016/4016 4492/4492
f 5267/5267 499/499 498/498
f 498/498 4976/4976 5267/5267
f 3894/3894 787/787 354/354
f 787/787 3062/3062 354/354
f 2549/2549 2102/2102 435/435
f 2548/2548 2102/2102 2549/2549
f 4575/4575 2890/2890 5001/5001
f 5001/5001 2890/2890 781/781
f 3864/3864 103/103 4474/4474
f 1154/1154 103/103 3864/3864
f 1816/1816 4877/4877 1817/1817
f 1816/1816 4617/4617 4877/4877
f 4464/4464 1055/1055 1057/1057
f 1784/1784 1055/1055 4464/4464
f 3027/3027 1443/1443 1445/1445
f 3027/3027 5376/5376 1443/1443
f 4492/4492 4016/4016 5483/5483
f 4016/4016 3599/3599 5483/5483
f 5525/5525 5253/5253 5574/5574
f 5574/5574 5253/5253 5573/5573
f 4900/4900 4903/4903 2242/2242
f 957/957 2242/2242 4903/4903
f 4022/4022 1437/1437 1436/1436
f 1437/1437 1829/1829 901/901
f 3471/3471 1555/1555 3472/3472
f 3471/3471 3729/3729 5195/5195
f 556/556 3102/3102 3104/3104
f 3102/3102 3101/3101 3104/3104
f 4947/4947 2089/2089 1110/1110
f 4947/4947 2087/2087 2089/2089
f 5091/5091 5078/5078 2372/2372
f 3213/3213 5078/5078 5091/5091
f 4293/4293 4188/4188 3938/3938
f 4293/4293 3684/3684 4188/4188
f 192/192 4458/4458 2675/2675
f 2675/2675 4458/4458 2616/2616
f 3221/3221 4609/4609 2310/2310
f 3221/3221 2988/2988 4609/4609
f 5483/5483 5009/5009 4493/4493
f 5009/5009 3323/3323 4493/4493
f 1256/1256 3788/3788 3356/3356
f 1257/1257 1256/1256 3356/3356
f 1719/1719 3798/3798 1720/1720
f 1720/1720 3798/3798 3811/3811
f 955/955 2243/2243 2862/2862
f 2862/2862 2243/2243 4276/4276
f 476/476 1230/1230 3419/3419
f 3419/3419 477/477 476/476
f 3710/3710 3974/3974 4493/4493
f 3323/3323 3710/3710 4493/4493
f 2068/2068 666/666 2069/2069
f 3811/3811 2069/2069 666/666
f 5575/5575 2436/2436 745/745
f 2436/2436 5575/5575 3299/3299
f 1731/1731 3429/3429 1728/1728
f 3429/3429 1731/1731 3427/3427
f 4691/4691 5230/5230 1548/1548
f 5230/5230 4691/4691 5229/5229
f 1829/1829 4022/4022 4025/4025
f 1437/1437 4022/4022 1829/1829
f 3744/3744 3745/3745 4282/4282
f 3744/3744 4282/4282 4430/4430
f 3053/3053 3298/3298 5522/5522
f 4042/4042 3053/3053 5522/5522
f 2086/2086 4765/4765 714/714
f 714/714 4765/4765 5146/5146
f 5040/5040 1109/1109 5320/5320
f 5040/5040 375/375 1109/1109
f 4179/4179 2959/2959 2737/2737
f 2958/2958 2959/2959 4179/4179
f 3582/3582 4930/4930 3448/3448
f 3582/3582 4432/4432 4930/4930
f 5124/5124 5123/5123 4479/4479
f 4928/4928 5123/5123 5124/5124
f 4819/4819 3356/3356 2127/2127
f 2126/2126 4819/4819 2127/2127
f 4073/4073 681/681 680/680
f 4586/4586 4073/4073 680/680
f 3305/3305 4476/4476 4475/4475
f 3303/3303 3305/3305 4475/4475
f 2919/2919 2248/2248 5385/5385
f 5385/5385 76/76 2919/2919
f 3554/3554 3097/3097 3555/3555
f 3096/3096 3097/3097 3554/3554
f 1917/1917 1934/1934 3217/3217
f 3217/3217 1934/1934 4967/4967
f 3906/3906 3905/3905 3907/3907
f 5117/5117 3905/3905 3906/3906
f 5462/5462 4586/4586 5576/5576
f 5055/5055 5514/5514 3469/3469
f 1180/1180 2283/2283 3869/3869
f 1177/1177 1180/1180 3869/3869
f 3731/3731 3732/3732 662/662
f 663/663 662/662 3732/3732
f 5515/5515 590/590 5514/5514
f 4585/4585 5576/5576 4586/4586
f 4240/4240 1881/1881 4239/4239
f 5259/5259 1881/1881 4240/4240
f 2745/2745 3570/3570 2746/2746
f 5093/5093 3570/3570 2745/2745
f 263/263 1593/1593 1516/1516
f 4206/4206 263/263 1516/1516
f 875/875 5234/5234 3682/3682
f 5234/5234 875/875 3177/3177
f 4289/4289 4975/4975 2220/2220
f 5233/5233 4288/4288 4287/4287
f 2179/2179 2180/2180 5167/5167
f 2180/2180 4507/4507 5167/5167
f 2964/2964 3136/3136 3138/3138
f 2964/2964 2482/2482 3136/3136
f 5346/5346 4230/4230 4228/4228
f 907/907 4230/4230 5346/5346
f 2820/2820 970/970 2818/2818
f 2818/2818 487/487 2820/2820
f 563/563 591/591 4238/4238
f 562/562 591/591 563/563
f 1805/1805 68/68 1806/1806
f 1806/1806 68/68 2081/2081
f 3912/3912 1005/1005 3913/3913
f 4399/4399 1005/1005 3912/3912
f 4764/4764 1713/1713 3001/3001
f 4764/4764 3001/3001 1790/1790
f 1313/1313 1312/1312 1467/1467
f 1312/1312 1465/1465 1467/1467
f 3591/3591 1664/1664 1663/1663
f 1663/1663 306/306 3591/3591
f 1511/1511 1833/1833 1665/1665
f 1665/1665 1833/1833 2604/2604
f 3111/3111 1805/1805 2250/2250
f 3111/3111 69/69 1805/1805
f 1240/1240 4908/4908 2382/2382
f 4907/4907 2382/2382 4908/4908
f 3430/3430 3429/3429 3426/3426
f 3430/3430 3426/3426 1726/1726
f 1555/1555 5195/5195 2606/2606
f 1555/1555 3471/3471 5195/5195
f 460/460 459/459 4999/4999
f 4999/4999 2373/2373 460/460
f 304/304 4067/4067 5107/5107
f 258/258 5107/5107 4067/4067
f 2431/2431 111/111 4416/4416
f 4416/4416 3039/3039 2431/2431
f 937/937 4758/4758 4747/4747
f 1402/1402 4747/4747 4758/4758
f 3453/3453 4134/4134 4541/4541
f 4106/4106 4134/4134 3453/3453
f 1822/1822 5566/5566 3628/3628
f 3628/3628 3914/3914 1822/1822
f 4388/4388 4181/4181 4745/4745
f 4386/4386 4388/4388 4745/4745
f 4602/4602 4603/4603 3360/3360
f 2977/2977 3382/3382 5139/5139
f 295/295 294/294 3131/3131
f 2775/2775 2774/2774 4494/4494
f 5476/5476 3103/3103 559/559
f 559/559 562/562 5476/5476
f 1963/1963 4661/4661 4579/4579
f 5577/5577 1456/1456 1457/1457
f 2194/2194 4233/4233 5494/5494
f 2195/2195 2197/2197 4559/4559
f 5388/5388 5578/5578 500/500
f 5524/5524 500/500 5578/5578
f 4588/4588 4652/4652 4676/4676
f 4676/4676 4652/4652 872/872
f 3991/3991 3988/3988 3987/3987
f 1036/1036 3988/3988 3991/3991
f 1403/1403 5579/5579 1404/1404
f 1344/1344 1342/1342 1341/1341
f 4766/4766 714/714 713/713
f 713/713 3587/3587 4766/4766
f 1432/1432 3366/3366 1749/1749
f 3366/3366 4208/4208 1749/1749
f 3555/3555 3097/3097 5007/5007
f 1880/1880 4826/4826 5488/5488
f 5361/5361 4506/4506 2578/2578
f 2576/2576 4506/4506 5361/5361
f 3031/3031 4897/4897 3295/3295
f 4897/4897 565/565 3295/3295
f 3545/3545 1353/1353 1264/1264
f 3545/3545 1264/1264 3754/3754
f 859/859 3228/3228 860/860
f 860/860 3228/3228 3227/3227
f 3737/3737 3717/3717 3735/3735
f 3737/3737 3925/3925 3717/3717
f 2617/2617 3451/3451 73/73
f 1157/1157 3872/3872 5319/5319
f 5400/5400 1087/1087 1084/1084
f 1087/1087 5400/5400 1086/1086
f 5406/5406 3786/3786 603/603
f 853/853 823/823 825/825
f 713/713 715/715 3284/3284
f 3284/3284 715/715 2035/2035
f 2086/2086 3588/3588 5224/5224
f 5224/5224 3588/3588 3639/3639
f 4053/4053 1567/1567 23/23
f 1567/1567 24/24 23/23
f 5148/5148 286/286 3663/3663
f 5148/5148 1339/1339 286/286
f 5193/5193 4349/4349 5215/5215
f 4349/4349 2087/2087 5215/5215
f 4916/4916 2335/2335 2334/2334
f 2335/2335 4916/4916 3462/3462
f 3312/3312 4411/4411 4434/4434
f 3015/3015 4411/4411 3312/3312
f 2821/2821 5321/5321 2822/2822
f 5321/5321 2821/2821 2065/2065
f 4849/4849 3361/3361 4603/4603
f 3361/3361 4849/4849 3362/3362
f 2333/2333 2332/2332 1982/1982
f 5176/5176 2333/2333 1982/1982
f 4304/4304 2328/2328 4620/4620
f 4620/4620 4283/4283 4304/4304
f 1585/1585 4648/4648 4650/4650
f 1585/1585 4650/4650 1583/1583
f 5129/5129 1918/1918 3887/3887
f 5129/5129 1919/1919 1918/1918
f 5373/5373 5375/5375 5580/5580
f 5062/5062 5061/5061 3240/3240
f 2707/2707 2704/2704 5452/5452
f 2707/2707 5452/5452 355/355
f 868/868 892/892 894/894
f 868/868 3385/3385 892/892
f 4444/4444 2202/2202 2204/2204
f 2204/2204 4443/4443 4444/4444
f 5068/5068 3389/3389 599/599
f 628/628 3389/3389 5068/5068
f 1290/1290 449/449 5105/5105
f 3498/3498 1290/1290 5105/5105
f 4936/4936 5255/5255 4935/4935
f 3380/3380 5255/5255 3359/3359
f 1151/1151 4631/4631 4067/4067
f 4631/4631 1151/1151 4632/4632
f 1029/1029 3803/3803 3822/3822
f 3822/3822 2872/2872 1029/1029
f 4567/4567 2696/2696 1637/1637
f 2694/2694 2696/2696 4567/4567
f 5369/5369 2193/2193 5368/5368
f 5369/5369 5350/5350 2193/2193
f 4804/4804 4983/4983 1554/1554
f 3479/3479 4983/4983 4804/4804
f 4820/4820 1257/1257 4819/4819
f 4444/4444 1257/1257 4820/4820
f 4555/4555 1321/1321 4075/4075
f 4555/4555 2217/2217 1321/1321
f 4935/4935 3380/3380 3947/3947
f 4935/4935 5255/5255 3380/3380
f 3609/3609 3611/3611 3618/3618
f 4514/4514 3618/3618 3611/3611
f 1922/1922 3954/3954 3956/3956
f 1922/1922 3956/3956 1923/1923
f 5135/5135 5581/5581 4437/4437
f 5135/5135 5313/5313 5581/5581
f 5312/5312 5311/5311 5318/5318
f 1742/1742 4926/4926 5582/5582
f 1607/1607 5420/5420 5090/5090
f 2779/2779 5089/5089 5225/5225
f 4325/4325 4324/4324 5232/5232
f 3518/3518 3517/3517 5421/5421
f 278/278 280/280 5583/5583
f 5584/5584 5585/5585 5586/5586
f 5587/5587 5090/5090 5588/5588
f 5589/5589 5590/5590 5591/5591
f 5592/5592 5318/5318 5593/5593
f 5090/5090 5421/5421 5588/5588
f 5090/5090 5594/5594 5089/5089
f 5595/5595 280/280 5232/5232
f 5596/5596 5589/5589 5595/5595
f 5593/5593 5597/5597 5598/5598
f 5599/5599 5600/5600 5601/5601
f 5602/5602 5318/5318 5584/5584
f 278/278 5603/5603 5421/5421
f 5604/5604 5605/5605 5606/5606
f 5090/5090 5587/5587 5594/5594
f 5607/5607 5594/5594 5587/5587
f 5608/5608 5609/5609 5610/5610
f 5610/5610 5609/5609 5611/5611
f 5601/5601 5586/5586 5585/5585
f 5612/5612 5582/5582 919/919
f 5613/5613 5614/5614 919/919
f 5596/5596 5615/5615 5589/5589
f 5616/5616 5590/5590 5589/5589
f 5617/5617 5618/5618 5619/5619
f 5612/5612 919/919 5614/5614
f 5620/5620 5601/5601 5585/5585
f 5618/5618 5621/5621 5622/5622
f 5318/5318 5311/5311 5584/5584
f 5592/5592 5581/5581 5318/5318
f 5581/5581 5592/5592 4437/4437
f 5598/5598 5623/5623 4437/4437
f 5604/5604 5603/5603 278/278
f 5624/5624 5615/5615 5596/5596
f 5625/5625 5603/5603 5604/5604
f 5587/5587 5588/5588 5626/5626
f 5606/5606 5625/5625 5604/5604
f 5606/5606 5605/5605 5627/5627
f 5627/5627 5628/5628 5606/5606
f 5591/5591 5629/5629 5627/5627
f 5590/5590 5616/5616 5630/5630
f 5627/5627 5629/5629 5630/5630
f 5318/5318 5581/5581 5313/5313
f 5631/5631 5597/5597 5593/5593
f 5631/5631 5602/5602 5584/5584
f 5587/5587 5630/5630 5616/5616
f 5607/5607 5587/5587 5615/5615
f 5587/5587 5626/5626 5630/5630
f 5628/5628 5625/5625 5606/5606
f 5627/5627 5630/5630 5628/5628
f 5630/5630 5626/5626 5628/5628
f 919/919 921/921 5613/5613
f 5632/5632 5600/5600 5608/5608
f 5588/5588 5421/5421 5603/5603
f 5588/5588 5603/5603 5626/5626
f 5595/5595 5583/5583 280/280
f 5605/5605 5595/5595 5627/5627
f 5632/5632 5601/5601 5600/5600
f 5601/5601 5610/5610 5586/5586
f 5631/5631 5584/5584 5586/5586
f 5610/5610 5611/5611 5586/5586
f 5611/5611 5609/5609 5633/5633
f 5631/5631 5633/5633 5597/5597
f 5634/5634 5635/5635 5623/5623
f 5597/5597 5623/5623 5598/5598
f 5623/5623 5597/5597 5634/5634
f 5631/5631 5586/5586 5611/5611
f 5631/5631 5611/5611 5633/5633
f 5615/5615 5624/5624 5607/5607
f 5624/5624 5596/5596 4324/4324
f 5595/5595 5589/5589 5591/5591
f 5595/5595 5591/5591 5627/5627
f 5626/5626 5625/5625 5628/5628
f 5625/5625 5626/5626 5603/5603
f 5619/5619 5614/5614 5617/5617
f 5618/5618 5622/5622 5619/5619
f 5619/5619 5622/5622 5614/5614
f 5612/5612 5614/5614 5622/5622
f 5600/5600 5599/5599 5618/5618
f 5620/5620 5621/5621 5618/5618
f 5601/5601 5620/5620 5599/5599
f 5620/5620 5618/5618 5599/5599
f 5420/5420 5421/5421 5090/5090
f 5609/5609 5635/5635 5634/5634
f 5635/5635 5609/5609 5636/5636
f 4400/4400 5635/5635 921/921
f 4437/4437 5623/5623 4400/4400
f 5225/5225 5594/5594 5607/5607
f 5421/5421 3517/3517 278/278
f 5225/5225 5089/5089 5594/5594
f 5600/5600 5617/5617 5608/5608
f 5600/5600 5618/5618 5617/5617
f 5636/5636 5617/5617 921/921
f 921/921 5635/5635 5636/5636
f 5592/5592 5598/5598 4437/4437
f 5593/5593 5598/5598 5592/5592
f 5614/5614 5613/5613 5617/5617
f 921/921 5617/5617 5613/5613
f 5608/5608 5636/5636 5609/5609
f 5617/5617 5636/5636 5608/5608
f 5632/5632 5610/5610 5601/5601
f 5632/5632 5608/5608 5610/5610
f 5582/5582 5621/5621 5584/5584
f 5584/5584 5311/5311 5582/5582
f 5621/5621 5620/5620 5585/5585
f 5585/5585 5584/5584 5621/5621
f 5232/5232 5596/5596 5595/5595
f 5232/5232 4324/4324 5596/5596
f 5602/5602 5631/5631 5593/5593
f 5318/5318 5602/5602 5593/5593
f 5616/5616 5615/5615 5587/5587
f 5589/5589 5615/5615 5616/5616
f 5635/5635 4400/4400 5623/5623
f 5607/5607 5624/5624 4324/4324
f 4324/4324 5225/5225 5607/5607
f 5604/5604 5583/5583 5605/5605
f 5583/5583 5595/5595 5605/5605
f 278/278 5583/5583 5604/5604
f 5633/5633 5634/5634 5597/5597
f 5634/5634 5633/5633 5609/5609
f 5622/5622 5621/5621 5612/5612
f 5582/5582 5612/5612 5621/5621
f 5590/5590 5629/5629 5591/5591
f 5629/5629 5590/5590 5630/5630
f 4926/4926 919/919 5582/5582
f 627/627 3390/3390 628/628
f 415/415 130/130 4521/4521
f 4402/4402 4401/4401 37/37
f 37/37 4401/4401 132/132
f 37/37 132/132 779/779
f 36/36 4402/4402 37/37
f 611/611 5637/5637 101/101
f 5637/5637 102/102 101/101
f 1971/1971 5512/5512 1972/1972
f 4402/4402 5638/5638 4403/4403
f 976/976 5395/5395 2475/2475
f 5639/5639 5394/5394 976/976
f 1756/1756 5383/5383 90/90
f 90/90 5383/5383 5640/5640
f 90/90 976/976 88/88
f 976/976 2475/2475 977/977
f 978/978 88/88 976/976
f 5641/5641 5639/5639 976/976
f 90/90 5640/5640 976/976
f 5640/5640 5641/5641 976/976
f 102/102 3771/3771 5199/5199
f 138/138 3538/3538 1116/1116
f 25/25 24/24 27/27
f 3586/3586 1742/1742 5582/5582
f 3586/3586 5582/5582 5311/5311

